271	244
731	482
933	474
389	64
621	7
436	325
677	678
896	145
505	132
885	685
294	181
763	132
293	45
805	93
537	65
851	456
900	100
395	343
387	206
45	257
234	224
670	8
600	53
532	44
479	121
871	197
670	482
805	190
894	59
246	765
405	4
447	55
399	12
635	879
373	480
868	268
618	154
194	628
385	525
829	125
782	335
776	525
647	427
646	751
605	274
825	456
493	121
523	944
727	1119
749	430
503	221
305	165
189	283
378	716
637	596
54	405
7	605
321	133
901	578
713	882
564	289
630	409
682	157
798	940
624	678
592	320
263	515
586	403
74	315
92	78
342	47
709	161
387	1
295	513
395	97
521	427
321	83
506	271
718	274
271	347
417	324
833	642
592	1620
804	483
704	193
214	100
548	176
537	948
905	322
782	349
503	116
742	282
512	286
280	409
59	525
505	69
768	288
62	512
588	1311
489	316
13	751
221	1016
715	228
716	419
183	144
142	294
727	380
363	1056
276	881
305	748
707	735
458	425
934	972
474	518
666	133
188	651
85	822
880	144
457	554
683	56
654	174
885	946
661	215
637	544
245	258
145	234
495	478
804	233
774	527
184	631
336	4
921	196
269	521
301	455
795	826
453	276
771	222
256	66
711	622
881	474
553	514
198	939
536	1039
158	408
373	1078
457	234
741	274
719	742
109	82
716	497
487	100
555	1013
295	427
632	588
506	281
933	411
492	153
796	427
666	238
50	1010
472	386
43	280
869	815
401	356
406	228
896	313
532	1594
654	546
829	14
642	35
401	321
748	180
417	78
320	95
83	225
796	559
354	210
843	380
144	1065
663	245
553	523
486	146
327	121
914	1355
448	286
783	876
770	25
70	473
399	412
470	221
588	29
470	137
451	690
661	433
463	147
793	118
178	280
741	682
804	1411
269	170
768	332
615	23
767	524
467	1
502	258
532	153
850	496
862	173
268	561
813	289
506	234
579	50
385	18
104	926
458	134
223	71
921	215
825	407
435	318
358	512
313	322
770	288
670	659
551	334
776	637
109	11
586	551
903	443
389	675
663	1119
16	208
217	586
606	472
848	606
85	735
806	273
244	246
567	653
880	771
588	131
66	237
281	259
592	191
474	614
839	410
469	923
903	931
593	164
524	647
712	722
720	306
620	795
804	1050
927	41
571	45
189	7
409	97
711	1221
220	269
537	464
457	755
636	275
234	686
693	521
239	186
429	697
85	513
587	332
256	595
400	749
95	855
262	421
194	1041
417	302
271	285
37	665
297	32
267	202
659	1119
184	79
936	7
870	401
90	644
64	273
72	56
277	472
829	1193
848	141
311	549
453	721
297	55
363	739
128	117
577	380
381	462
788	431
818	288
769	120
886	425
405	1306
721	326
406	665
846	780
425	286
778	132
533	756
328	755
437	161
13	329
629	467
804	94
137	1117
805	952
587	1483
198	382
766	393
734	275
621	94
334	121
336	579
435	246
862	276
837	151
603	931
828	748
787	347
89	301
532	333
435	763
305	327
198	71
938	456
587	333
773	1188
94	230
920	331
932	144
463	985
766	197
119	473
313	418
393	108
389	240
250	50
142	333
796	776
280	118
487	181
437	412
344	169
682	55
943	132
844	7
58	56
585	113
484	755
435	1204
131	276
881	576
457	82
125	205
742	13
939	1054
18	382
862	969
637	294
761	457
821	148
532	72
115	4
659	566
870	52
940	194
788	205
629	58
798	1284
707	480
848	170
643	226
735	289
432	405
880	329
580	250
653	128
435	151
798	740
387	952
661	194
109	1228
548	255
648	596
174	280
863	901
707	14
301	39
894	753
781	127
416	1011
936	325
758	116
382	504
457	238
694	1263
543	471
711	94
334	307
701	333
655	375
246	41
936	845
389	427
194	944
749	523
758	328
758	312
592	58
830	194
416	329
650	603
771	1
59	53
301	81
392	250
119	917
178	625
640	11
479	680
532	121
567	1012
184	276
453	204
610	66
672	284
405	452
276	431
78	880
314	747
344	210
877	271
450	1297
317	288
707	194
419	212
842	313
435	384
796	127
291	402
313	505
401	724
65	215
464	293
239	489
798	280
391	705
144	343
339	1240
416	137
629	340
504	28
417	388
334	346
349	458
899	283
374	184
831	50
752	678
711	961
493	95
665	313
21	637
653	597
13	218
497	826
851	916
877	306
113	245
733	258
749	216
422	1199
406	624
389	525
41	276
846	485
13	541
299	248
399	161
459	7
880	124
95	170
747	835
924	144
588	7
92	12
890	449
854	129
526	312
703	121
774	758
846	748
451	988
433	205
398	588
805	32
88	311
318	167
290	1285
62	22
690	77
671	566
577	71
455	14
7	632
486	1514
506	435
488	98
245	596
59	684
734	82
849	928
247	1022
723	286
360	284
447	211
543	210
547	301
308	434
144	257
405	733
774	530
897	1051
786	173
187	213
655	789
927	1093
823	4
583	200
342	1070
593	200
407	385
846	180
844	432
454	378
226	405
880	383
381	1115
405	519
380	98
470	1097
758	8
854	382
276	794
749	1041
7	125
650	489
932	229
532	918
314	65
749	554
246	226
813	300
806	230
13	654
588	1180
194	693
844	1474
177	60
653	245
925	323
303	993
90	509
723	9
212	735
625	169
727	1231
426	490
380	286
5	404
778	11
68	127
372	262
163	316
72	58
747	287
711	958
815	392
551	979
221	144
405	377
790	1039
586	756
347	411
582	831
632	172
360	405
637	127
485	269
761	243
532	329
630	357
825	125
837	934
370	603
468	428
567	617
545	28
899	174
724	1617
161	428
709	665
682	243
241	689
366	98
835	187
566	12
535	265
533	483
873	294
642	133
727	62
637	815
337	392
458	278
621	568
601	284
649	24
833	58
552	829
536	163
610	423
459	291
450	630
541	877
642	204
271	392
918	168
250	1426
539	153
870	284
758	896
530	163
880	1664
619	825
867	197
887	240
655	672
749	1013
653	620
181	237
590	9
734	478
474	213
933	70
758	39
263	100
838	945
249	327
537	172
56	53
457	403
843	635
90	64
222	580
90	610
208	739
497	54
903	475
145	282
841	754
279	242
890	1039
545	161
714	257
705	862
757	82
654	24
13	819
454	879
707	166
444	271
592	350
709	452
438	21
877	584
141	7
751	785
195	152
149	325
894	270
247	340
94	286
455	584
577	623
707	1142
62	959
886	685
345	43
323	293
398	582
493	172
194	204
639	731
770	14
292	491
499	429
886	268
268	1222
655	1535
481	42
788	556
514	275
398	239
823	176
109	944
197	586
214	603
215	272
305	317
128	501
565	855
616	333
830	968
343	508
658	527
711	660
538	98
837	111
634	977
669	462
437	77
896	559
49	465
365	277
59	472
391	334
514	177
774	413
606	211
619	568
892	496
881	768
493	151
371	183
716	135
122	673
742	284
429	761
767	495
570	886
854	150
727	71
901	419
238	1258
386	405
560	508
93	151
532	369
536	143
890	625
889	1014
930	283
533	596
5	101
699	717
587	905
526	845
838	993
794	116
535	461
618	176
291	756
881	451
906	405
463	508
459	358
716	178
934	163
271	956
236	294
664	319
391	228
234	1461
808	300
405	769
873	289
405	427
907	620
625	528
543	71
738	109
475	327
268	191
222	627
387	215
614	1142
487	31
128	381
519	324
660	1411
151	971
435	84
343	786
504	1147
405	67
305	941
601	588
469	136
625	204
592	458
472	1053
863	1296
586	200
886	385
868	498
890	515
503	211
825	988
487	62
790	69
1	204
125	395
370	525
911	191
675	86
450	1053
85	510
130	95
262	596
537	1005
896	1208
921	210
591	732
200	179
854	512
669	290
346	739
822	751
537	178
279	16
504	1263
527	531
885	523
500	846
508	216
595	325
815	584
178	763
326	97
835	185
718	289
694	23
655	1195
758	1001
128	70
830	225
472	27
365	272
761	426
843	655
682	895
13	166
767	187
474	615
435	135
716	357
575	96
642	22
405	1546
394	233
75	864
843	209
299	435
425	68
878	529
451	937
293	856
110	272
234	1063
587	350
276	575
870	10
271	136
798	722
541	427
232	1149
579	183
843	419
318	301
749	448
661	48
474	186
766	90
325	1203
703	258
889	980
39	748
158	129
682	443
307	164
846	142
221	1017
562	720
693	192
7	143
293	588
96	190
894	855
398	133
637	363
56	376
267	720
195	276
747	695
405	518
798	323
267	1035
634	596
495	590
387	117
286	217
593	210
883	693
752	332
606	651
538	183
561	343
343	90
85	512
679	318
407	559
896	484
392	345
537	615
868	91
373	125
409	1449
836	165
712	755
336	63
222	17
601	287
541	781
174	340
363	257
650	63
497	11
821	71
932	380
186	77
435	571
617	668
531	312
490	952
901	222
648	304
173	327
405	1441
374	89
807	1078
853	302
200	549
766	431
457	232
844	549
554	132
435	50
87	49
498	1103
497	1
244	1132
435	12
899	1
561	518
503	900
497	746
913	604
429	214
602	117
226	191
128	838
592	1082
425	319
328	380
311	96
650	1247
653	55
887	588
889	196
475	303
542	509
145	650
308	152
479	122
621	184
262	255
682	332
524	684
13	67
500	316
297	984
708	457
450	468
655	632
527	214
476	168
624	321
393	173
11	211
487	125
478	447
576	56
401	405
758	175
940	170
601	121
591	216
424	740
719	214
887	1279
932	487
605	191
373	71
495	448
279	204
484	463
943	721
56	871
138	662
569	685
627	520
200	826
892	187
516	194
64	31
535	479
901	172
867	660
222	318
357	10
640	169
758	248
295	132
291	100
223	477
193	310
401	735
437	658
399	420
313	582
201	505
892	136
640	33
756	183
279	546
849	207
342	475
849	174
659	43
73	82
405	1589
389	133
504	330
201	1069
64	313
471	501
151	1050
299	97
262	660
634	25
765	170
826	336
561	432
712	67
327	151
601	250
85	172
795	28
454	471
493	455
870	427
249	409
846	610
663	50
795	226
184	210
752	621
223	121
613	64
399	386
44	260
357	117
931	111
503	1194
455	144
450	98
694	138
401	663
379	577
339	45
332	50
450	371
932	218
833	5
910	293
840	750
631	877
805	595
49	147
452	1057
266	237
570	301
405	1070
215	270
184	117
211	520
194	419
92	1052
456	229
902	172
805	413
495	379
758	197
653	163
927	409
628	168
193	508
868	121
889	1079
21	1
824	319
805	155
698	307
878	127
607	498
655	1211
18	317
870	66
496	228
497	1407
645	214
870	704
815	613
684	216
606	239
577	845
109	229
358	638
545	265
592	174
551	15
12	416
559	524
460	591
600	265
457	473
109	431
378	203
552	411
590	6
535	629
889	651
230	239
864	742
303	72
201	379
638	195
648	405
481	163
308	597
378	56
577	1046
280	742
758	1052
223	1052
298	199
663	928
474	211
277	1283
627	174
621	257
577	808
887	1496
425	161
269	762
694	526
141	1283
113	975
695	324
7	544
766	1050
378	392
830	29
928	9
919	50
527	187
417	746
528	678
90	89
110	1210
405	1569
838	258
454	193
494	357
634	333
778	265
668	355
591	168
189	1065
145	761
652	879
500	217
897	622
868	172
7	405
500	553
551	1118
666	381
606	147
249	403
406	519
454	748
456	172
385	851
145	209
330	63
708	1117
234	647
838	275
846	185
536	470
751	316
751	196
881	420
886	98
702	688
487	747
459	164
373	215
195	809
374	872
614	294
892	97
198	369
389	367
165	169
320	421
63	473
592	253
539	303
378	1181
416	794
225	566
498	265
26	1010
870	64
608	172
504	82
790	762
81	121
620	420
181	473
450	428
741	651
347	686
646	259
437	588
626	678
593	366
790	709
922	91
709	29
846	654
64	651
13	554
401	477
278	286
463	591
595	744
587	312
276	443
830	56
715	564
363	747
921	276
698	258
936	1
504	385
486	282
731	720
246	185
930	50
860	692
892	659
222	1291
425	675
684	477
477	846
608	265
102	671
1	28
531	894
435	27
399	222
864	801
178	133
234	367
592	1264
903	11
537	518
109	826
268	423
537	430
932	77
439	237
324	873
778	193
805	271
455	934
894	475
788	9
349	10
555	288
758	271
605	187
648	483
505	510
426	482
297	268
660	318
430	234
537	131
933	39
416	416
758	338
291	219
650	969
305	597
367	565
429	117
773	121
14	428
758	496
519	243
798	419
281	342
189	170
865	148
655	1062
130	233
875	185
85	506
181	332
568	661
455	462
468	31
878	225
654	845
561	273
862	97
870	127
297	498
881	400
744	963
894	248
332	370
535	174
889	1072
133	346
406	712
236	521
360	175
887	1035
650	208
378	792
842	886
451	305
858	754
619	176
889	484
936	298
563	210
487	432
645	184
886	201
554	1041
128	451
907	117
880	71
13	310
630	1023
59	190
151	836
193	781
458	124
878	702
711	281
790	157
421	448
412	487
900	508
82	946
655	1113
600	449
60	661
178	265
426	197
724	343
932	197
592	180
90	212
435	433
860	1059
892	760
586	586
883	286
774	12
97	133
85	325
398	202
543	529
195	234
296	50
937	93
406	481
643	468
349	126
107	288
398	134
815	250
79	285
886	919
59	503
608	215
741	196
847	185
894	15
385	378
95	586
234	1452
718	689
455	15
60	494
382	197
151	1
721	748
437	145
684	63
659	494
472	404
543	95
703	123
888	286
286	724
379	663
363	161
406	756
671	226
671	7
686	64
612	243
654	71
739	50
455	39
12	591
416	297
580	249
527	709
406	1101
533	242
618	576
269	59
559	70
290	692
294	307
380	1404
404	301
731	1087
843	69
144	183
851	840
169	480
392	127
379	345
655	734
671	188
592	334
922	1110
279	1496
342	1167
244	959
74	276
586	144
718	546
506	215
7	11
643	629
337	25
128	605
771	993
495	496
446	303
474	66
399	1170
933	28
145	731
479	398
634	866
758	331
751	55
757	931
13	897
793	106
521	474
750	294
535	100
585	10
561	790
529	321
748	328
632	51
762	475
207	655
869	696
200	609
276	245
733	1142
650	144
429	726
536	304
454	317
381	1407
407	191
655	913
422	436
399	328
433	682
332	619
537	855
460	302
624	249
380	199
326	474
642	292
92	984
716	472
892	596
632	156
865	456
325	482
846	737
83	204
535	197
867	1159
876	878
568	1125
379	204
560	108
450	23
92	230
790	1446
263	588
773	268
942	99
886	240
437	614
381	705
751	945
495	71
758	173
295	629
790	376
213	756
299	249
235	496
305	153
866	269
459	473
398	97
606	662
669	479
280	155
866	889
940	310
301	340
653	506
578	346
561	640
825	1016
659	196
407	226
781	69
533	44
588	554
943	121
327	44
402	137
18	134
342	14
808	346
144	98
223	405
504	660
504	1415
578	288
230	141
504	223
374	820
662	1381
327	1170
151	770
854	855
347	15
428	352
75	225
328	69
496	559
628	305
807	584
211	230
218	164
590	1331
892	1124
720	316
119	23
456	54
454	751
326	493
805	90
781	245
643	117
586	397
611	873
39	288
313	326
343	581
28	760
217	541
592	411
601	483
582	313
370	135
586	39
463	15
293	558
63	1012
563	321
703	508
170	322
773	72
503	166
87	181
57	194
752	539
374	924
771	154
853	301
354	753
928	173
147	304
349	15
935	286
733	117
474	684
751	380
788	742
837	280
936	252
283	49
399	735
236	717
303	595
347	148
344	22
648	473
336	859
116	288
929	50
303	23
523	707
934	510
662	813
564	245
754	15
535	502
199	269
764	276
569	276
907	42
588	832
916	54
665	255
450	457
534	756
280	77
627	288
680	269
397	58
435	210
666	147
279	843
507	245
498	922
174	553
346	541
653	696
807	298
743	297
749	841
608	693
213	175
913	1112
177	161
150	276
223	1051
840	99
328	215
602	118
429	70
782	297
64	143
587	310
476	715
7	588
532	532
776	282
488	299
360	170
643	229
654	28
900	205
758	582
866	303
207	226
863	1607
934	403
119	172
135	56
638	186
894	7
486	255
896	423
157	289
870	288
110	33
483	277
582	257
842	333
600	810
553	45
318	892
655	195
198	291
548	311
764	371
457	1
445	147
268	259
236	100
665	294
815	216
606	25
588	821
224	591
114	176
394	294
782	1012
655	1255
514	433
125	300
622	405
104	328
698	511
788	823
683	259
234	550
890	208
537	325
18	98
492	657
320	92
637	93
699	185
887	501
655	660
790	100
233	588
62	252
290	650
898	313
650	1065
522	11
107	902
445	1252
536	727
868	193
497	181
771	1129
638	187
724	328
43	892
531	323
102	265
109	265
184	694
535	419
330	82
861	531
862	175
803	289
85	447
523	211
788	1
394	68
457	89
721	306
846	136
707	1008
854	826
851	1276
456	1019
84	1
453	566
241	335
41	56
66	295
535	435
727	28
534	235
492	531
393	1531
254	204
808	750
664	194
727	722
792	544
633	410
899	234
716	1269
746	168
115	98
141	330
405	569
713	1127
426	606
922	384
660	423
283	168
498	517
773	11
432	294
351	332
497	541
642	1126
524	47
345	244
393	145
23	145
883	750
555	120
406	606
807	121
444	275
892	1
328	433
505	79
291	5
798	671
31	490
276	586
715	24
656	286
497	153
82	211
502	342
472	73
830	554
194	456
663	181
776	22
653	81
794	224
159	880
748	699
128	328
233	215
756	173
203	890
11	356
514	25
346	276
363	640
486	994
629	658
450	415
368	11
875	71
276	1052
821	389
254	451
821	106
894	676
833	33
256	79
622	558
454	875
595	1312
487	248
913	265
130	64
416	659
918	529
601	934
614	287
226	370
805	1118
561	501
698	210
643	423
637	1051
313	8
267	155
425	92
653	183
164	342
7	638
624	15
301	373
840	183
157	111
655	1368
701	326
908	657
548	405
933	11
398	483
435	162
899	474
167	465
622	1419
212	645
357	304
814	444
429	21
864	140
549	411
301	1016
652	275
654	468
864	258
85	193
149	311
888	153
796	514
429	366
263	196
746	68
757	969
642	423
686	198
561	116
805	196
780	286
340	520
44	87
705	222
796	187
373	177
1	205
62	56
840	143
899	498
864	470
831	22
700	180
535	955
906	628
456	12
359	181
795	583
699	370
268	195
354	487
247	181
756	99
453	354
268	391
399	926
711	116
388	596
894	691
655	831
878	655
59	86
373	225
524	638
711	83
892	132
177	55
326	187
18	753
929	100
44	380
314	378
669	475
710	327
682	924
286	3
843	179
231	471
816	271
758	462
37	230
871	324
313	483
374	153
887	423
870	265
751	418
631	315
339	327
939	546
637	475
313	503
152	274
145	559
486	1202
648	290
250	235
942	661
524	702
751	737
217	172
527	543
496	727
653	82
773	53
829	268
702	879
788	144
758	221
267	2
62	402
670	175
804	1178
378	803
109	928
463	14
747	288
541	732
543	175
561	268
450	1197
864	137
774	231
897	214
416	748
468	24
246	158
303	1270
804	982
862	45
450	111
646	895
854	194
660	47
870	333
712	699
933	160
825	130
507	315
921	257
387	324
7	429
561	58
567	209
545	89
913	132
579	234
422	15
368	670
399	1178
896	1119
877	744
811	286
311	215
539	202
446	301
886	475
883	269
7	446
354	518
867	150
164	866
207	111
561	475
659	762
32	742
327	257
99	238
660	154
747	845
505	243
872	763
437	479
363	979
119	277
334	9
604	444
240	751
330	468
876	286
137	79
865	845
315	154
299	603
634	273
145	222
850	419
334	14
821	597
232	132
512	191
506	657
886	715
437	318
804	162
435	1061
750	331
533	489
814	100
484	195
373	1119
921	323
784	690
806	705
538	712
738	747
712	173
474	178
269	818
629	197
351	304
647	136
389	419
363	239
151	152
28	56
833	238
858	292
437	521
87	1041
606	236
347	655
800	257
847	157
504	1004
405	1592
537	97
487	49
650	1419
831	1063
790	1215
256	117
903	405
284	262
405	1030
881	88
766	674
13	51
721	329
938	717
457	176
849	15
632	275
784	898
747	12
184	476
437	95
585	14
582	250
749	685
504	1046
524	133
535	152
479	175
928	1025
600	684
653	458
712	386
750	304
804	447
386	273
294	879
427	268
796	542
711	200
517	300
713	313
648	153
435	148
829	13
62	290
792	546
503	732
498	1422
472	193
405	816
608	305
338	654
499	902
896	164
660	930
295	381
378	1407
911	923
886	76
774	393
940	9
903	528
447	1315
806	553
885	99
1	57
506	1089
427	304
774	436
581	1097
698	300
867	690
431	690
506	432
543	1555
711	241
639	170
665	1283
474	618
487	1446
484	510
497	765
388	302
742	1012
886	549
60	210
312	189
892	826
193	122
813	898
537	417
293	97
592	603
788	699
18	200
901	94
378	387
684	178
717	293
716	1101
405	213
864	52
58	249
835	50
854	255
450	254
773	14
868	567
870	763
786	4
397	652
105	264
922	391
214	166
402	475
503	451
707	10
367	145
501	249
907	356
358	324
586	672
798	402
796	479
435	790
918	659
524	92
141	126
846	56
624	100
463	313
543	157
453	90
62	483
425	1419
409	482
916	92
61	294
516	204
295	71
715	122
318	739
339	549
470	847
336	790
782	887
587	260
278	315
864	770
741	98
767	222
747	1020
624	928
603	271
624	271
796	1046
151	443
655	70
44	25
566	1193
234	93
194	1045
316	707
378	674
682	27
782	750
303	147
447	233
941	1007
669	603
700	169
831	333
174	100
755	688
418	899
417	1207
737	156
607	528
543	117
406	660
883	386
588	172
521	550
715	90
92	92
1	16
43	421
43	291
650	109
354	7
116	20
929	23
280	1035
327	686
588	326
459	264
934	69
1	169
622	69
242	475
880	185
500	44
417	800
560	515
829	310
896	386
457	62
347	123
601	834
493	684
285	286
606	248
178	809
907	1326
758	69
357	283
501	245
899	747
703	275
90	221
62	196
198	229
405	226
408	327
538	208
711	82
897	416
474	1045
468	856
555	7
450	96
642	166
561	675
577	588
831	173
347	202
387	238
449	269
885	174
190	591
870	421
592	1609
676	1483
222	473
407	99
447	252
806	1098
7	488
429	274
389	42
342	1170
339	530
555	129
883	1009
435	721
453	69
551	302
798	662
279	636
586	182
795	1101
774	240
878	318
937	116
894	1080
545	968
658	257
751	131
899	204
826	195
561	131
683	588
939	742
339	1135
332	195
622	451
788	270
615	855
615	87
675	1653
406	487
705	576
320	176
98	435
160	952
181	1097
887	443
102	655
405	1037
125	1204
425	669
404	258
643	550
524	1204
233	197
864	43
625	357
391	182
695	305
407	134
854	919
720	258
936	24
718	742
711	419
835	504
669	514
208	97
942	269
840	69
883	1226
56	862
84	543
655	1099
472	417
650	661
257	181
1	167
561	183
450	510
815	837
59	1114
405	372
874	111
480	1121
711	1466
514	68
291	844
758	93
393	304
749	24
466	679
31	153
916	65
393	9
374	97
692	287
405	419
640	79
655	1319
798	420
393	310
593	392
484	405
749	658
521	403
211	528
798	996
933	184
311	1119
453	172
606	63
931	257
862	413
561	1101
398	485
545	551
514	435
715	175
417	156
234	950
835	735
423	690
886	790
13	328
447	678
514	185
363	448
794	557
877	737
587	300
711	959
42	239
694	517
870	1090
298	318
851	879
929	32
435	155
608	98
786	234
398	79
500	168
437	969
468	1168
657	109
743	288
639	604
606	198
774	411
756	53
275	71
151	198
269	237
394	288
461	575
201	729
351	689
666	265
70	230
756	63
13	484
927	367
462	181
655	1061
344	14
650	214
798	14
24	98
601	820
556	12
749	809
385	511
640	550
836	318
640	70
405	796
303	54
480	615
776	635
795	419
532	87
568	659
533	226
567	89
416	12
446	311
851	1034
880	579
471	151
833	96
828	327
489	752
894	319
92	658
833	540
449	198
867	210
450	479
616	873
686	197
262	216
893	294
767	724
396	125
87	22
435	659
881	234
406	919
454	64
54	7
428	892
569	1
371	194
880	201
782	330
269	69
774	300
694	28
756	8
100	286
763	1039
936	1115
551	162
940	66
370	294
880	366
459	147
160	282
60	133
85	270
774	576
587	262
654	408
551	471
489	245
624	1010
446	270
524	367
405	1574
896	744
448	345
599	1357
62	250
655	36
217	222
912	194
234	82
659	241
127	271
378	703
574	312
801	328
132	100
73	272
592	266
468	372
393	418
649	323
43	123
532	690
466	403
70	214
87	144
230	628
655	213
291	391
70	483
535	655
318	294
641	268
692	211
879	1047
758	151
429	627
887	56
226	286
601	325
13	200
682	204
378	380
807	705
889	8
59	1050
492	318
109	332
643	435
537	569
832	326
378	778
672	301
894	333
118	79
159	595
795	928
796	164
393	977
932	230
882	173
642	257
730	1
270	739
99	763
255	872
916	284
880	356
484	15
282	340
148	127
491	325
693	651
398	82
682	188
795	172
751	428
598	750
846	82
195	242
503	132
13	78
922	191
825	741
315	461
747	175
505	181
367	637
915	752
833	1154
902	144
662	275
201	59
648	199
590	125
474	175
804	1025
839	277
315	1084
139	1176
641	657
738	121
645	513
506	410
747	292
577	660
256	1042
543	647
214	11
666	513
334	955
831	331
56	144
447	31
623	629
643	32
538	527
761	214
823	475
603	923
416	425
533	1047
90	965
13	883
489	315
663	96
682	201
363	552
903	1142
714	111
455	549
405	660
870	631
469	1558
370	514
639	509
762	302
898	315
216	655
294	340
752	268
840	664
872	272
650	526
886	54
196	202
457	949
653	474
663	685
786	126
942	50
406	514
680	151
862	559
482	298
939	257
478	17
528	178
478	204
119	349
746	550
806	188
678	282
13	706
457	69
416	235
764	743
354	735
938	281
542	41
706	682
390	319
592	203
334	1041
690	402
395	154
497	122
938	235
21	981
387	241
861	463
243	708
201	134
405	8
673	286
614	147
739	96
918	630
577	5
916	674
805	319
290	234
771	144
207	92
704	382
464	709
566	94
805	235
705	699
549	258
387	399
773	462
468	111
498	23
214	960
561	53
59	11
35	881
645	746
395	318
669	310
693	118
562	161
13	565
870	508
561	45
835	176
476	999
940	628
561	458
521	290
379	746
712	941
875	651
128	69
747	208
774	501
766	89
242	283
466	127
487	176
840	91
458	183
374	763
407	399
327	286
846	1107
76	96
136	258
751	751
682	553
517	275
806	24
178	607
318	70
492	1098
704	496
537	958
788	471
889	203
542	23
97	186
848	483
55	597
916	369
429	227
782	1379
260	334
523	412
505	328
454	8
102	541
717	111
452	50
587	902
63	286
643	1215
533	356
896	73
437	51
253	343
90	454
880	810
889	3
409	162
280	284
659	186
727	421
450	934
719	282
642	407
880	384
503	509
711	99
696	427
406	5
453	496
157	276
378	1058
407	291
139	150
213	257
899	603
747	258
592	248
601	431
898	310
711	230
506	181
75	825
533	1161
668	328
880	288
331	482
780	294
624	475
270	123
424	15
790	678
384	751
757	570
39	302
543	202
374	832
660	122
561	239
854	132
189	588
443	323
875	333
5	419
847	174
716	64
755	288
653	403
650	219
346	11
907	281
903	595
276	65
450	299
279	83
57	405
399	231
43	196
360	165
671	779
618	215
588	307
776	164
22	546
376	707
293	510
498	525
551	693
489	304
291	67
717	125
328	720
488	483
305	135
686	528
207	684
537	1025
867	11
470	288
411	770
361	707
566	461
561	371
862	202
914	197
778	8
83	944
655	722
311	173
642	627
121	717
88	1191
571	657
913	15
10	518
892	184
193	402
466	349
833	663
532	485
796	849
916	123
258	328
214	298
940	171
145	294
616	288
488	211
773	184
374	458
59	603
561	1529
298	526
804	1140
538	187
637	1011
618	56
434	275
864	31
868	470
179	313
424	50
780	202
880	98
417	50
262	82
442	1183
897	323
620	174
198	1244
758	131
655	594
7	568
85	663
385	1110
699	277
659	356
932	1411
465	136
280	182
116	900
921	400
177	154
41	58
735	690
583	708
457	265
861	289
116	349
705	231
551	33
385	855
614	508
766	609
21	260
10	499
23	173
796	401
823	197
368	447
465	134
527	202
472	234
235	923
59	489
217	385
425	204
393	1
870	952
469	306
394	546
328	1518
802	327
870	475
406	524
520	269
825	275
727	27
125	763
94	181
177	693
747	525
663	591
707	303
901	546
840	603
479	266
561	617
315	318
815	449
757	574
843	91
840	197
210	654
495	1208
806	227
795	568
708	127
943	172
453	55
395	257
315	520
582	919
188	629
551	576
862	238
592	1514
690	384
29	657
638	204
764	939
648	780
488	321
65	365
329	302
848	584
496	1041
389	631
833	32
854	463
831	300
308	501
868	187
682	4
924	277
377	272
760	739
712	96
507	678
671	172
60	735
72	649
535	506
2	258
822	101
586	496
268	164
655	921
690	121
481	435
230	98
579	65
850	88
514	402
474	316
85	659
1	105
390	258
648	357
914	692
480	56
622	194
416	834
886	218
804	473
493	249
405	812
712	692
273	286
533	169
896	801
724	995
631	288
655	966
462	346
727	294
389	604
194	135
798	568
654	257
221	222
795	402
718	879
862	11
660	1483
500	476
840	23
742	15
655	899
435	171
562	114
896	190
532	79
318	188
882	143
757	27
758	108
653	1478
619	117
198	531
591	1041
886	27
555	195
682	655
192	118
4	362
385	152
756	155
49	1071
269	747
694	88
276	735
674	125
234	183
346	375
590	476
932	489
153	568
889	127
376	514
455	317
381	682
441	7
574	100
644	125
790	411
200	455
561	87
601	87
379	517
13	613
823	100
637	301
561	182
614	288
181	1363
658	212
533	43
20	50
666	301
655	1108
160	211
934	794
109	595
479	632
346	550
334	338
639	98
871	258
411	228
456	1107
854	458
887	28
590	15
537	116
10	286
72	553
585	213
671	526
127	901
833	1427
615	514
94	93
495	183
128	392
561	530
363	25
795	473
889	762
805	122
591	48
524	1041
488	289
630	845
210	222
450	161
417	80
682	654
452	526
633	317
465	478
836	12
330	168
653	388
840	640
847	195
181	1317
405	1103
312	91
609	287
653	756
806	17
790	1244
943	31
716	487
682	781
676	117
113	325
642	790
843	434
18	709
52	121
256	977
727	153
326	429
655	272
724	266
669	522
7	572
493	687
91	389
886	709
199	100
85	357
773	431
608	286
882	662
216	184
456	544
684	265
326	520
727	553
378	248
907	182
311	944
23	418
551	357
871	183
716	25
494	1
392	325
883	1227
919	287
889	190
409	633
805	143
759	245
831	197
716	404
736	257
697	129
655	655
351	245
436	821
533	393
688	336
232	50
48	191
145	771
311	966
399	181
565	382
456	346
918	965
18	519
389	467
747	286
788	715
731	484
406	513
696	689
770	326
274	877
346	515
707	632
774	22
13	758
85	412
405	199
854	632
642	240
629	381
606	204
773	59
496	526
276	97
43	660
816	259
758	425
552	1277
642	172
921	173
493	742
836	180
318	56
226	182
303	264
537	76
782	1025
472	1074
601	740
766	550
804	435
848	419
409	172
690	1210
393	577
454	210
661	418
24	41
445	1051
774	679
622	96
416	554
222	156
167	83
76	137
537	1445
823	211
345	382
42	237
488	205
751	94
934	199
806	179
715	732
468	214
636	813
186	295
480	302
743	269
707	647
246	252
321	463
41	152
232	589
5	387
846	1540
846	1182
514	12
671	559
890	636
751	497
437	674
723	164
592	689
498	180
773	229
293	429
406	277
274	15
610	71
429	475
783	346
133	308
508	474
154	475
246	746
493	24
661	496
561	678
847	200
880	585
545	720
767	207
552	926
266	275
716	549
425	209
799	427
218	55
551	476
313	651
890	1065
763	357
880	470
843	603
270	213
405	923
622	250
295	60
463	751
927	1016
181	595
178	124
650	202
533	22
144	474
15	282
660	91
495	232
316	192
571	191
580	546
385	23
410	538
434	118
508	210
263	132
268	1054
85	132
10	527
532	676
622	519
868	69
497	651
295	527
894	1313
527	479
157	476
890	662
468	127
237	127
655	1267
589	313
938	1061
781	204
179	902
626	358
627	195
788	627
535	357
7	558
399	419
529	271
405	1475
453	79
175	193
640	66
320	751
840	528
442	226
268	240
569	826
293	11
409	529
13	773
184	56
479	210
916	222
70	739
548	233
625	380
781	474
846	1248
474	478
764	21
535	921
61	301
702	222
629	333
332	350
214	196
890	357
617	855
95	62
795	1030
663	678
31	875
810	876
878	535
695	340
666	177
733	126
716	132
450	26
846	53
889	303
245	756
533	275
193	1407
489	890
884	1018
506	550
276	715
301	367
535	488
452	576
497	412
478	393
326	385
334	290
178	993
870	203
716	99
586	181
407	70
405	755
339	195
664	513
551	531
826	82
201	17
727	259
395	338
911	205
747	305
537	24
939	252
629	195
911	172
95	971
455	277
766	465
71	197
764	732
201	317
748	69
556	268
592	272
456	200
712	365
298	284
398	732
385	506
149	340
705	29
253	966
500	7
901	393
641	134
543	97
835	210
393	153
624	595
897	826
406	430
481	191
625	183
208	86
942	131
602	880
699	482
846	404
435	405
704	381
86	242
301	142
663	89
585	20
564	1016
234	89
280	765
817	300
682	692
747	56
113	127
126	990
913	83
339	145
917	237
903	763
894	1251
222	769
592	294
474	191
717	121
533	274
401	651
313	576
835	239
933	219
805	735
886	546
608	939
739	526
505	951
334	1016
312	537
545	546
704	480
790	250
393	689
326	515
648	164
803	321
442	218
416	824
823	222
828	19
325	408
843	271
756	423
276	451
397	483
198	187
562	1039
699	106
330	660
545	227
144	7
862	1199
919	7
895	885
794	847
436	1058
905	879
751	95
171	288
918	1171
224	423
665	427
354	922
757	665
406	702
537	140
552	291
194	136
265	50
792	25
864	49
453	132
365	895
715	17
398	602
455	237
268	241
842	340
178	164
222	51
766	272
283	109
845	286
537	203
425	385
107	327
41	180
385	320
650	204
457	137
538	275
606	588
622	195
486	284
374	423
854	144
774	569
727	282
727	159
911	969
157	258
308	172
327	428
788	661
784	327
215	517
450	865
409	9
899	250
527	855
616	313
715	1
385	8
711	219
890	632
487	403
592	628
393	89
454	211
160	250
839	866
452	223
871	510
308	276
119	315
763	22
675	305
474	4
303	46
210	301
654	238
251	117
244	68
585	1005
682	190
233	95
624	687
716	662
406	611
63	748
782	307
659	528
363	89
762	515
293	1298
699	989
721	359
699	24
933	234
276	759
334	161
217	11
804	747
52	302
889	58
487	69
234	290
429	804
254	622
551	56
840	506
821	126
940	746
374	148
666	604
772	300
279	946
416	1089
445	886
498	480
758	393
694	484
711	167
474	302
642	447
828	640
832	748
712	191
169	684
757	1210
663	237
44	135
860	26
816	349
272	654
115	508
221	121
303	290
796	1049
96	514
727	180
286	1239
354	275
454	659
432	1049
10	510
130	769
454	257
880	1035
394	91
387	650
549	252
376	11
600	1419
334	116
330	102
109	233
181	299
643	514
418	331
833	325
862	979
894	1194
447	135
303	71
764	588
524	185
10	502
560	476
880	379
269	191
837	277
909	582
655	642
162	508
625	480
851	363
719	520
429	1139
775	345
352	228
928	134
896	493
763	879
828	512
705	89
422	452
665	319
269	723
744	1
768	620
659	164
279	760
255	100
900	744
788	71
222	241
769	1011
344	756
293	356
774	250
738	200
455	531
378	708
542	95
471	172
699	1615
442	11
440	258
539	306
507	258
601	196
377	508
897	121
840	463
201	65
669	657
535	238
252	14
530	1226
19	294
823	52
933	391
716	546
507	338
851	9
291	998
276	993
399	186
358	268
586	28
334	142
583	268
610	272
593	301
758	750
542	47
452	597
311	170
324	270
528	213
293	651
669	118
308	770
907	402
483	144
399	155
414	300
183	202
487	1209
782	1255
92	179
497	260
350	168
601	276
897	243
581	127
314	808
653	1065
6	536
562	181
279	373
870	781
445	1067
655	1281
658	273
485	328
682	65
632	591
815	1299
57	168
940	95
616	289
299	856
745	169
875	527
489	895
627	123
345	220
790	781
236	866
450	1271
815	528
889	731
879	597
332	147
268	380
721	423
768	535
537	399
682	386
663	544
244	655
470	286
897	501
618	420
545	739
739	22
315	183
942	323
345	69
711	318
295	230
625	174
660	1050
864	972
773	70
554	50
537	498
727	552
405	675
833	429
276	902
399	1210
699	1336
896	887
92	169
527	180
312	660
159	276
679	423
893	117
616	355
125	709
417	182
201	1045
26	841
454	283
68	25
374	483
308	448
716	234
639	155
145	690
601	15
661	183
433	754
56	969
487	95
178	484
802	563
139	288
276	122
13	818
406	185
407	230
804	240
566	25
711	1115
655	210
666	211
94	1058
864	651
244	26
445	289
615	521
478	410
222	685
829	70
753	313
276	1056
869	125
894	121
913	655
654	284
677	268
843	162
445	1014
645	963
454	736
52	285
887	180
608	262
716	520
634	819
583	83
279	95
805	772
456	325
655	198
727	257
864	609
495	1188
880	1244
429	746
56	473
343	476
201	288
297	124
334	753
5	63
809	307
416	338
405	1400
341	330
438	866
399	64
894	512
102	338
579	433
503	283
786	385
551	159
894	905
128	202
860	301
778	35
634	221
158	648
711	433
406	1202
785	1050
796	974
286	969
481	648
327	952
846	212
533	936
437	89
514	344
84	273
804	559
528	845
252	1
836	292
686	265
90	385
279	375
69	302
922	71
599	120
450	208
296	114
708	847
796	467
667	137
327	246
224	469
865	418
776	947
537	327
642	541
95	227
13	69
863	354
128	88
246	56
419	405
288	234
453	210
293	455
495	416
921	322
391	125
687	268
450	518
461	682
37	147
538	381
64	210
766	28
68	275
62	70
566	117
847	501
62	521
387	194
922	69
561	1449
342	478
733	1171
13	463
894	302
632	191
770	123
156	515
279	410
538	172
453	298
682	263
405	1290
532	420
804	62
818	690
691	672
802	396
64	652
666	7
500	1469
45	1059
864	722
682	1188
937	300
518	288
630	98
405	746
464	295
5	401
802	330
64	194
272	42
221	150
396	829
402	1284
299	346
437	1227
698	153
551	1314
655	1649
843	679
361	781
758	898
567	297
930	300
293	316
911	374
437	121
377	316
628	270
222	637
525	276
479	475
727	845
256	15
545	222
82	284
416	86
222	101
649	117
919	937
537	519
932	167
468	181
912	204
943	2
848	234
492	127
883	749
653	739
59	483
621	17
753	22
217	181
537	1069
780	385
332	356
653	1207
213	432
870	1006
607	238
357	455
880	248
150	291
425	219
597	264
593	591
886	819
927	94
660	134
82	409
648	684
110	403
397	591
313	479
879	255
648	169
119	50
344	124
170	323
506	402
301	562
378	417
514	336
21	263
429	684
885	82
350	265
892	570
156	157
796	778
896	245
773	210
610	176
405	1517
334	99
868	82
298	845
293	29
519	313
851	544
661	192
535	735
178	876
455	1136
59	736
474	509
771	28
758	864
222	56
905	326
259	65
10	404
327	55
512	313
482	346
472	257
555	405
834	13
267	92
537	25
179	691
180	684
234	99
727	132
436	347
385	160
916	1194
627	578
747	427
703	764
38	195
470	276
472	210
437	292
560	136
187	23
868	109
807	1138
591	381
388	288
882	746
435	603
332	73
467	109
886	1435
932	208
704	178
61	327
467	50
405	793
608	448
643	956
89	405
844	588
892	72
526	50
790	393
655	651
899	188
308	661
848	523
104	895
293	265
758	61
921	222
261	245
919	343
747	210
479	257
754	292
445	249
98	523
345	485
919	217
666	151
648	176
42	125
677	358
582	328
559	127
550	252
911	478
650	604
387	593
321	1126
823	101
479	96
528	1254
844	176
693	195
13	183
332	31
243	283
864	226
519	895
843	265
394	141
722	508
868	1076
627	7
465	132
394	186
890	404
542	423
332	11
495	705
556	170
334	899
472	49
588	542
416	215
90	721
502	313
802	218
21	858
299	319
56	210
634	276
1	269
850	15
276	1098
256	841
863	339
339	566
313	629
409	855
7	71
234	378
741	173
551	198
405	1429
552	1
823	191
390	277
318	1050
654	215
199	116
537	32
250	222
648	181
486	591
644	457
405	1311
330	225
684	66
420	603
504	526
500	1163
125	153
767	163
653	546
825	620
796	97
459	748
780	210
915	345
32	9
655	531
293	509
376	815
381	961
521	258
498	1286
67	546
462	866
637	936
758	716
234	873
711	65
644	977
747	726
733	296
605	223
681	1176
90	136
715	71
901	257
178	127
707	479
398	185
684	1283
633	96
416	148
753	347
455	148
457	679
882	1060
773	568
323	479
339	9
393	476
708	268
21	201
198	480
764	223
385	715
286	707
518	717
649	282
389	477
907	763
712	40
21	619
804	145
303	106
163	301
361	727
110	258
489	898
85	589
607	45
295	705
881	601
847	99
1	9
709	651
535	591
301	405
207	223
758	865
543	165
788	1273
655	283
119	31
305	251
405	1405
757	1188
334	371
190	121
94	56
90	174
859	1326
95	597
727	520
399	1137
923	333
452	661
642	141
789	248
922	135
836	1065
521	204
919	717
456	177
503	729
543	318
359	298
698	663
363	572
706	125
620	465
450	727
428	1313
752	323
693	58
327	507
942	539
178	483
268	273
318	213
434	819
539	275
405	770
733	1375
758	386
805	959
848	642
246	25
526	248
825	20
458	96
379	181
201	97
467	475
660	755
881	1066
102	72
658	69
613	1157
145	333
361	514
256	471
288	520
497	77
389	824
393	195
864	399
106	82
213	143
253	685
665	1
394	158
459	25
913	343
445	181
896	1214
669	300
43	3
532	421
10	134
233	275
887	1278
314	1217
773	185
389	127
795	546
899	176
749	984
733	820
379	257
160	922
503	546
200	465
431	358
392	181
5	168
343	288
612	15
613	509
833	1012
110	67
425	690
727	147
319	301
809	272
770	93
460	273
650	665
541	255
318	143
905	273
653	746
256	387
708	845
456	182
623	204
886	419
374	974
537	471
332	307
847	77
924	134
595	274
632	55
145	64
854	246
763	55
766	192
699	202
881	227
275	62
372	7
151	385
504	94
11	662
405	943
303	127
321	275
782	293
916	566
401	762
296	514
85	195
396	271
707	792
655	1022
568	79
406	418
737	175
510	325
561	226
389	56
160	497
922	756
559	687
43	202
22	228
507	252
90	651
612	322
348	369
345	1007
653	712
655	162
276	1010
595	410
54	25
157	934
455	56
655	326
886	559
189	1020
669	82
902	294
703	257
592	410
305	64
601	164
122	956
727	1222
748	515
627	76
301	51
327	268
437	428
880	7
894	1005
503	153
151	14
293	582
339	1267
372	129
619	288
325	527
371	127
465	135
929	188
567	234
561	92
416	200
762	246
858	1368
221	96
747	510
717	235
848	489
456	94
864	28
607	707
82	834
896	474
833	684
10	530
648	295
328	73
666	436
709	53
727	1229
151	965
932	70
303	1511
60	513
741	209
818	300
691	735
747	519
350	185
324	293
694	1028
860	100
533	597
886	273
919	508
807	415
336	575
297	659
527	86
506	607
487	255
671	1073
901	234
903	628
682	92
588	63
815	655
331	198
254	94
749	550
89	736
392	173
788	931
5	163
569	118
184	317
734	288
877	60
864	65
94	357
705	97
85	519
291	475
293	177
698	275
577	1531
575	127
397	243
712	495
606	468
590	130
304	278
144	173
455	42
603	12
887	1013
666	46
929	318
618	121
746	172
830	399
151	133
472	123
560	1073
916	756
442	1188
207	458
788	429
56	578
293	1044
551	260
912	648
688	898
149	303
743	100
519	874
109	564
508	218
839	127
189	659
796	570
864	550
31	136
506	323
363	151
532	531
621	172
437	154
780	662
488	58
654	294
94	780
566	523
870	332
938	275
496	11
416	387
585	1344
711	42
609	948
577	31
829	86
109	722
216	1067
344	764
888	274
711	762
782	1138
566	411
596	294
535	56
537	501
340	428
30	50
393	459
943	161
593	1016
500	208
734	162
847	609
407	159
418	288
506	560
908	185
566	156
793	151
405	657
721	239
659	82
303	216
635	333
405	211
110	196
201	186
569	328
429	1076
436	186
932	163
698	588
72	15
538	58
119	22
751	142
584	450
881	225
874	340
487	1410
83	566
663	619
698	478
350	483
721	682
635	682
145	97
601	98
478	96
214	527
514	197
588	117
618	432
110	397
205	875
747	483
467	264
198	50
752	272
617	854
663	307
465	143
883	198
403	117
109	391
268	95
353	245
788	193
192	255
509	181
537	543
749	586
58	474
721	631
831	591
66	741
417	568
602	871
125	41
693	649
100	349
675	306
497	590
246	616
373	226
757	157
94	589
1	211
577	85
907	121
737	174
756	251
178	215
544	258
824	245
860	846
189	166
506	586
269	660
141	100
26	748
601	1296
181	471
258	294
889	151
848	163
688	682
437	42
766	527
465	257
416	253
416	934
458	293
109	77
683	305
840	708
941	763
399	1086
334	887
72	9
716	163
249	789
218	1073
934	663
637	280
479	177
733	1658
81	111
936	19
664	179
344	98
62	1129
933	211
509	343
301	802
601	1039
837	294
627	546
329	7
249	89
399	433
882	180
320	458
561	204
770	323
618	731
406	218
416	179
405	548
763	392
725	264
505	82
669	647
317	748
795	581
497	156
773	1021
537	514
34	991
752	683
320	66
916	431
893	412
385	656
371	431
59	68
373	571
374	628
197	895
738	260
805	337
600	665
286	652
7	598
883	514
751	82
395	313
505	692
210	443
804	10
312	187
273	338
557	322
496	1229
727	1411
444	272
497	63
577	465
934	507
18	972
751	485
682	272
664	152
802	670
463	310
493	338
727	801
698	1
409	526
188	281
323	23
619	1231
242	740
493	65
320	340
445	752
881	478
783	331
880	418
826	183
252	276
276	252
586	3
560	319
698	485
795	234
795	797
112	323
621	751
773	169
456	46
399	50
894	283
507	827
887	993
802	665
502	350
934	67
851	595
834	326
615	319
604	670
327	201
452	180
933	652
758	305
416	93
200	58
393	538
506	655
396	840
881	31
60	228
243	10
194	405
505	498
771	241
582	321
417	73
484	679
489	338
854	133
747	659
504	1135
312	419
658	129
694	52
151	1299
109	177
346	951
626	327
91	662
932	778
586	651
536	441
704	172
416	412
268	223
664	229
425	180
823	588
469	173
40	1038
846	549
318	842
537	88
451	681
561	1059
699	1328
409	338
334	255
728	319
863	310
447	65
939	326
262	70
938	121
747	279
747	1134
537	95
655	1010
883	22
59	672
497	229
537	687
586	218
117	184
545	193
416	330
814	288
524	508
526	879
926	340
308	24
100	315
752	286
574	1062
446	879
121	50
84	70
244	735
339	179
748	748
90	511
387	174
716	735
919	976
416	345
663	1
716	144
605	284
291	393
732	288
680	100
546	271
619	554
495	472
525	151
716	225
339	404
270	234
279	948
146	315
655	219
875	64
605	124
413	460
798	52
325	272
573	480
804	4
593	50
7	640
59	198
484	427
886	1065
830	88
299	498
562	229
621	1035
291	293
450	422
715	208
204	321
798	1089
545	993
690	364
617	219
527	511
567	135
919	250
593	393
593	285
271	602
535	638
423	292
135	1217
916	134
834	323
716	283
806	117
296	1160
913	747
716	602
592	526
445	330
459	301
280	203
868	578
521	72
21	408
911	443
13	202
805	180
677	245
591	615
839	846
291	210
457	180
846	1221
690	208
833	1017
401	275
682	977
751	305
851	815
749	273
901	423
94	7
537	4
373	471
376	246
40	245
815	239
144	12
145	732
464	269
521	31
606	100
588	550
363	282
463	126
279	624
516	474
486	532
661	707
684	722
896	325
618	392
796	323
474	1124
632	73
806	131
393	421
416	576
943	427
314	934
260	882
435	245
429	528
435	1268
666	181
582	300
579	169
881	748
69	763
374	463
864	282
361	121
367	185
940	82
429	52
689	151
62	98
894	847
343	260
521	125
224	736
29	12
606	237
712	747
913	183
100	326
249	853
727	941
171	326
458	288
507	895
776	422
558	847
269	231
110	226
7	391
716	636
642	931
660	2
921	190
696	748
548	1
854	185
932	1204
155	306
731	205
109	871
930	176
32	288
555	252
510	678
405	517
619	33
537	216
307	631
449	274
180	655
922	249
655	1226
428	259
276	202
441	313
295	738
515	300
900	183
557	508
943	98
395	98
406	15
501	1278
901	688
523	638
447	133
200	71
828	316
655	427
455	546
271	499
721	179
553	1126
121	458
186	298
297	8
318	1048
908	591
658	603
831	56
533	295
128	196
405	1005
58	269
466	308
473	268
286	394
770	678
286	552
284	334
239	228
125	122
868	132
650	217
881	357
429	705
549	181
479	58
363	455
773	1240
655	262
472	186
664	97
524	31
561	42
749	986
406	462
894	275
436	26
249	317
291	236
49	328
693	735
399	182
581	137
903	293
749	1188
903	523
887	763
506	82
608	216
637	934
151	199
593	15
682	124
627	797
425	97
943	825
851	1337
798	485
532	7
755	289
201	58
892	265
665	186
788	282
635	13
660	456
254	151
279	211
276	871
889	686
758	421
546	219
396	591
863	270
592	1008
888	202
373	1066
710	173
404	339
882	21
7	231
880	222
606	660
660	568
499	524
896	387
901	447
659	79
203	458
792	237
694	705
189	433
5	229
622	1408
936	281
807	231
334	95
811	895
309	989
122	69
266	276
118	320
894	129
82	286
299	381
145	636
335	355
429	161
413	14
325	114
222	132
389	481
527	12
886	288
643	399
198	431
862	831
880	845
537	753
793	288
932	509
790	209
632	845
625	1020
474	188
640	42
840	196
650	478
484	930
259	288
312	663
605	340
790	50
907	934
687	288
466	33
655	805
354	10
536	63
344	121
537	19
700	318
236	432
790	174
939	222
883	26
393	1063
727	155
622	511
361	237
653	405
470	508
643	185
717	281
203	628
707	483
886	496
664	660
862	977
99	125
405	1540
892	291
674	151
717	299
731	64
882	427
435	679
807	451
529	258
924	923
566	144
794	455
846	72
931	347
378	692
899	660
682	881
796	720
181	129
327	709
727	451
889	179
840	285
416	1189
634	476
738	651
817	358
528	657
833	467
670	969
602	304
548	271
682	1091
884	127
719	50
682	3
877	14
270	183
399	1139
864	239
167	478
751	272
438	100
482	748
417	559
664	285
551	802
129	748
592	298
313	47
536	746
243	285
784	332
84	245
623	234
826	53
239	172
747	209
184	221
21	244
506	802
851	983
934	1018
430	64
825	294
790	1165
374	218
899	684
753	180
476	655
330	866
560	321
851	588
311	942
363	386
307	580
497	151
498	174
682	100
632	685
719	890
313	837
472	924
493	959
506	228
823	238
708	25
325	616
679	63
559	315
429	1301
846	414
796	45
596	682
867	222
818	245
588	301
354	116
383	479
399	143
172	425
496	842
276	281
280	392
332	64
927	420
450	382
18	737
151	423
514	96
394	252
545	510
496	532
899	186
264	186
908	694
885	142
326	174
293	436
860	313
542	866
913	175
758	527
833	384
805	352
508	502
931	304
524	1166
500	708
59	321
478	591
632	184
353	313
585	166
846	1124
198	96
859	111
442	276
154	642
642	1054
574	242
618	111
606	97
606	180
681	750
13	187
553	213
500	358
593	241
40	879
711	1118
878	736
546	447
627	568
87	134
254	588
293	427
299	283
463	249
81	42
458	631
625	254
715	50
293	290
101	1132
642	771
919	582
831	603
181	1280
201	644
406	674
905	1011
749	406
863	315
802	681
648	452
121	165
835	526
912	611
26	369
637	922
934	660
833	715
453	416
796	33
398	692
885	210
269	302
566	1044
843	77
750	1280
710	198
860	269
840	174
244	126
406	286
654	597
201	483
436	635
303	132
903	509
406	663
606	121
405	1474
621	559
406	133
59	975
455	423
13	603
888	269
533	229
833	523
391	435
597	293
385	58
804	925
94	585
406	421
561	144
911	238
786	546
463	151
130	1
606	95
846	495
753	462
22	651
479	647
354	241
805	455
597	300
624	1120
430	253
405	1544
776	436
662	10
661	274
318	864
894	57
790	229
665	763
454	742
159	628
158	238
504	186
741	70
896	1028
905	301
865	71
615	70
374	179
455	447
456	547
483	515
640	315
728	25
456	410
393	117
293	198
555	169
634	597
178	340
664	678
121	257
932	96
870	211
747	13
189	8
854	628
221	384
877	258
21	983
573	205
269	739
560	617
429	1217
805	181
514	42
222	64
56	158
340	173
875	294
42	402
526	342
778	144
606	756
537	343
660	496
384	271
64	969
561	1009
887	318
711	71
465	50
655	255
840	257
801	326
798	705
846	186
409	877
758	420
569	340
922	168
558	19
506	92
372	1109
694	9
417	91
892	318
669	7
506	274
399	760
89	111
536	31
928	328
648	862
325	529
210	172
537	1194
673	311
892	100
13	855
587	355
863	355
567	194
933	388
798	28
84	685
601	148
627	660
403	925
872	111
637	847
796	199
541	660
420	475
533	196
715	145
18	100
548	504
932	180
797	748
943	201
299	728
870	168
455	69
458	1109
466	294
399	77
889	156
253	202
526	273
332	1
385	53
907	710
665	687
838	8
653	22
886	824
537	433
527	425
210	956
399	225
658	42
716	517
312	69
194	13
551	809
109	25
686	2
109	1035
393	302
412	154
83	820
309	331
445	183
733	1023
880	1001
405	1146
561	357
409	733
478	160
43	778
363	69
505	31
538	22
661	178
848	845
157	244
267	239
326	550
592	299
434	1197
405	1572
815	435
593	633
661	230
901	66
790	941
488	215
160	458
330	864
735	25
661	665
859	257
771	69
664	209
903	281
809	299
622	1074
425	679
447	597
276	183
436	747
938	122
128	180
361	165
81	928
454	164
932	1449
535	151
294	294
530	319
197	947
666	209
87	89
475	539
91	204
486	252
290	496
833	56
85	710
499	898
778	28
250	154
414	324
691	64
424	435
894	250
496	173
431	988
881	71
109	67
424	538
459	568
878	57
76	628
130	347
104	456
385	719
606	68
189	28
551	265
148	496
782	304
637	282
224	378
943	193
22	430
399	265
608	736
532	139
144	276
848	65
326	849
221	227
872	930
764	140
901	929
208	310
452	174
682	97
746	117
621	161
774	597
267	1090
293	678
871	907
455	1137
863	288
392	657
472	1011
770	7
914	381
899	356
892	31
642	725
905	591
854	405
644	298
615	435
721	1
26	458
660	391
195	386
788	69
430	121
864	588
561	160
515	748
707	707
385	131
710	1039
537	11
101	225
89	269
650	443
392	510
488	705
59	644
711	86
566	384
655	209
710	192
301	47
416	1300
717	597
823	450
315	324
795	181
891	740
659	423
771	216
785	301
713	1176
592	197
64	768
212	127
884	463
757	471
349	546
711	58
936	455
864	55
334	865
422	235
313	1470
363	206
834	315
286	132
457	1039
650	91
631	332
594	286
65	65
543	198
747	952
324	268
504	756
535	482
506	137
825	628
234	180
342	461
668	302
548	751
268	27
217	50
747	596
768	25
283	1009
504	742
432	121
222	24
917	285
454	58
781	327
758	356
45	151
216	42
196	257
128	274
63	713
634	111
618	118
664	482
334	518
7	616
454	612
544	877
70	507
22	2
789	151
305	904
843	181
486	328
721	581
722	328
128	622
537	874
458	792
495	174
206	262
419	89
506	755
159	1095
771	294
865	1009
622	100
472	7
308	824
94	176
215	132
308	15
436	72
465	8
644	328
735	277
643	219
804	1041
641	305
557	176
707	815
823	1070
532	203
731	611
181	303
595	1165
687	748
632	54
393	655
237	474
436	423
435	168
429	405
615	271
698	220
846	448
655	1103
599	845
807	29
373	459
463	111
696	124
738	252
561	943
63	993
881	197
536	436
328	235
864	229
865	24
545	62
907	294
666	636
551	193
864	210
593	501
798	222
676	750
221	108
934	805
843	392
18	212
246	412
806	222
514	265
161	50
750	338
802	304
671	147
109	732
327	255
692	127
45	7
621	367
863	751
197	403
859	368
421	197
727	379
387	642
640	693
750	683
752	345
533	514
674	300
715	248
432	871
655	1262
604	218
916	727
178	684
938	472
943	168
472	1110
214	462
601	673
788	646
68	258
743	276
468	65
559	261
592	754
862	978
851	95
181	831
203	879
840	637
74	302
711	1152
463	253
576	70
405	1200
378	257
763	60
639	237
532	1502
902	480
864	596
554	125
600	435
846	738
401	553
756	421
269	1073
846	1297
181	1115
376	705
807	826
754	359
739	465
663	322
417	537
741	216
796	184
763	198
588	173
18	613
405	1253
774	105
698	202
880	49
83	2
591	710
515	259
749	429
865	847
7	324
497	440
764	274
676	482
738	214
532	1016
196	269
417	185
586	234
707	449
763	224
893	976
393	480
782	260
32	248
747	482
835	285
450	7
592	70
40	269
749	139
374	566
552	405
334	430
378	43
357	322
52	19
892	969
60	491
38	588
692	1132
363	322
94	433
450	416
145	769
647	993
391	282
938	370
344	281
655	844
144	1197
409	663
218	56
49	225
445	1143
625	602
479	272
865	546
114	679
554	79
730	151
518	1011
880	471
11	11
860	216
497	109
435	376
399	218
575	176
764	286
806	174
42	941
90	505
244	317
248	806
883	250
642	139
627	196
840	64
152	402
473	813
880	273
174	269
176	881
654	258
532	177
927	118
363	1215
178	1028
426	659
788	708
383	531
497	508
59	91
487	1244
486	246
223	339
186	159
399	781
699	1061
622	30
198	164
65	735
932	414
840	1214
130	261
399	38
793	240
6	168
796	272
437	1211
711	1053
268	230
694	451
750	306
676	316
406	735
911	186
884	638
561	428
606	313
529	286
815	227
279	659
790	559
802	440
151	275
453	12
622	949
889	164
354	896
416	293
897	235
833	1210
707	782
332	172
724	683
435	447
246	384
711	423
556	482
87	80
624	919
823	625
519	1295
551	849
576	825
751	809
916	237
501	237
545	405
880	1270
363	301
897	405
298	127
660	87
41	191
903	302
312	654
77	252
682	304
512	325
782	288
606	12
694	210
521	210
867	56
804	200
37	127
504	506
846	580
829	284
716	489
786	161
243	77
466	1176
508	436
525	1315
63	15
91	183
719	300
316	191
709	561
659	162
539	496
892	110
495	86
637	338
600	11
654	678
452	94
889	174
887	385
314	477
347	460
7	201
401	478
843	672
927	105
451	263
435	1552
575	603
5	447
660	358
523	549
30	172
615	427
472	91
817	24
467	249
212	246
346	12
569	294
637	147
456	69
290	1079
833	1029
56	114
878	640
452	202
693	402
332	89
110	808
293	939
782	339
276	1031
558	283
189	489
303	634
276	678
846	849
727	815
758	607
805	105
454	245
417	709
824	687
507	323
942	193
642	151
95	216
918	340
846	435
83	584
825	281
246	441
537	12
896	128
176	876
846	663
354	283
805	204
357	825
60	479
904	553
580	258
519	351
542	168
867	480
160	288
286	330
62	69
879	15
194	154
924	153
407	747
298	527
865	294
334	689
578	294
738	39
665	282
387	273
308	546
606	473
693	632
782	295
452	607
92	406
756	418
479	1013
851	1051
401	451
92	227
806	168
747	865
627	586
385	483
14	191
537	964
389	196
919	82
116	300
490	257
560	13
670	615
821	234
758	1244
846	967
663	924
864	178
673	321
334	130
556	493
542	181
344	258
347	240
844	175
181	1329
59	1
650	809
43	539
469	238
648	559
907	291
387	774
927	63
664	792
901	1605
90	208
506	182
637	873
894	86
7	237
894	306
387	179
406	191
299	60
755	299
694	496
201	556
268	156
601	50
313	1
633	56
655	296
468	209
138	602
488	8
246	159
766	663
117	977
15	328
796	1101
378	631
416	181
271	161
907	756
254	21
286	4
216	97
653	581
871	210
727	926
51	603
391	8
717	126
380	561
425	22
138	117
198	367
885	28
108	222
540	1226
943	23
617	440
544	750
537	1154
864	660
222	642
48	523
435	1225
627	942
800	864
271	190
912	661
435	381
863	1038
363	831
851	121
472	810
731	520
393	72
653	684
478	708
94	369
629	288
535	52
355	286
336	628
44	756
782	1191
758	91
299	289
653	191
95	679
1	166
298	174
347	597
798	71
276	1006
270	943
933	515
831	328
276	388
588	83
524	943
624	307
26	298
401	707
489	302
884	86
597	1152
730	327
758	23
679	64
536	172
896	430
216	3
354	292
279	165
487	121
619	295
437	517
458	276
783	345
727	39
639	300
312	657
363	523
851	159
807	470
625	188
344	127
275	473
697	298
829	475
401	748
334	462
772	751
459	742
880	1284
488	176
506	77
585	70
249	252
673	269
85	657
488	198
543	770
553	481
173	303
707	715
836	611
660	675
924	173
595	411
910	1
785	174
457	144
901	378
640	750
487	79
85	14
894	223
122	239
717	546
157	100
627	581
43	276
465	584
846	417
917	121
881	63
606	48
887	932
330	966
85	238
747	488
883	60
763	50
707	496
936	116
521	81
722	845
883	227
346	1232
863	303
746	232
457	229
98	168
545	25
325	115
279	70
693	527
13	689
666	423
919	21
884	268
768	173
7	646
940	147
456	22
214	172
346	117
194	89
11	646
167	554
698	385
498	176
634	696
796	79
190	930
641	198
561	524
313	744
933	226
782	352
474	257
883	68
889	9
326	8
734	283
847	135
747	1003
87	824
243	162
490	127
686	181
327	98
689	50
393	11
115	237
756	919
535	134
739	603
389	66
429	387
268	588
429	833
461	285
660	385
533	1177
834	288
425	1188
125	289
46	300
276	501
13	205
868	317
682	49
654	22
798	929
868	547
661	199
804	192
157	515
848	603
488	1025
13	321
537	171
805	99
195	982
932	675
221	38
213	521
886	230
13	400
405	42
236	225
411	58
711	829
622	679
542	15
886	188
894	1
707	1107
718	471
130	404
846	42
290	99
181	1199
566	88
303	255
443	286
642	465
884	269
853	327
298	194
454	486
826	684
490	333
907	123
749	746
625	692
796	1511
213	483
234	619
374	595
416	930
201	950
864	228
142	463
548	286
532	795
542	70
825	544
495	413
416	347
235	83
253	751
454	215
848	191
452	237
500	1018
145	150
593	5
840	514
279	1488
862	265
416	36
5	25
234	463
459	125
892	96
886	558
436	1263
585	855
707	116
612	147
49	997
704	180
460	294
308	66
860	716
679	196
918	190
328	561
100	310
479	727
698	86
896	233
374	183
118	1079
830	177
804	930
577	202
495	582
344	311
660	250
615	83
344	509
536	217
619	326
705	300
90	135
749	2
796	300
707	313
661	709
315	475
692	328
699	985
634	1028
56	1091
864	1531
83	580
655	1208
942	71
567	183
934	191
253	482
727	240
881	1177
677	740
450	71
301	866
291	55
374	412
932	513
460	7
427	289
43	1047
479	151
290	434
92	118
889	1419
553	505
936	476
748	143
495	559
176	286
452	659
741	54
889	290
450	717
648	931
613	1315
848	23
763	159
686	205
561	550
841	271
474	28
220	332
749	527
894	1038
184	738
271	523
782	534
941	455
450	614
807	968
883	1404
201	656
221	29
472	443
810	333
853	323
942	969
671	123
771	88
421	175
176	345
587	875
56	153
416	136
600	230
385	208
762	274
883	116
125	520
541	173
535	121
339	508
253	1016
577	941
52	815
789	293
782	678
895	294
883	12
847	56
867	956
825	685
645	181
151	661
556	513
373	286
790	117
325	199
533	687
798	168
561	286
388	680
301	118
709	564
650	50
533	291
639	778
130	42
690	85
487	820
592	423
516	357
497	98
1	203
709	637
249	125
913	469
707	603
221	79
454	77
286	285
543	160
870	772
535	483
625	181
264	211
568	483
328	566
554	866
454	678
59	946
887	95
654	638
774	69
880	1059
1	42
600	1231
299	402
291	416
97	208
796	12
559	294
878	15
313	427
533	476
896	518
18	88
711	966
524	235
472	658
450	1119
875	169
495	568
837	717
26	845
357	121
916	1073
450	968
864	197
378	153
429	685
128	815
73	683
532	186
128	553
878	588
892	1454
119	70
145	202
600	50
334	405
416	94
493	431
847	196
707	648
886	69
308	7
459	278
621	1028
345	111
661	237
708	864
293	230
798	588
524	1560
504	834
695	264
835	197
705	144
466	4
652	301
342	357
454	1190
180	153
12	168
336	288
181	1276
588	142
659	187
756	300
293	460
620	164
246	477
847	228
206	343
487	206
405	82
448	302
365	326
251	275
259	546
796	196
551	762
486	106
450	1421
704	154
747	320
487	85
650	77
500	662
758	475
335	333
854	32
489	897
902	258
159	358
730	875
545	1028
629	81
416	676
538	11
761	288
592	338
398	86
398	737
178	249
807	605
402	748
342	833
324	872
606	531
382	496
371	423
184	318
413	333
619	405
899	255
379	144
711	1024
943	58
788	46
164	252
479	209
643	1028
405	504
870	83
603	1240
321	186
277	258
201	172
506	1608
896	393
601	411
653	213
814	17
503	707
940	317
234	301
508	238
472	930
757	550
398	283
502	301
639	199
665	298
670	232
796	781
59	602
94	191
868	589
435	470
634	678
374	24
374	186
898	358
445	144
896	300
321	529
13	590
541	235
678	181
178	792
561	222
661	8
648	477
753	211
59	727
406	447
527	238
807	239
456	443
551	1136
605	282
197	678
399	506
813	358
308	928
508	208
627	228
221	568
285	64
577	111
545	449
472	12
505	210
738	7
717	246
870	385
682	1084
42	203
33	300
815	614
393	541
499	886
776	674
97	193
548	56
395	258
13	761
239	205
653	518
405	672
880	1258
313	465
537	273
303	375
264	194
507	538
648	810
893	471
227	934
653	89
254	62
655	211
894	124
756	226
796	659
456	419
416	96
660	257
890	167
109	15
541	763
938	126
851	690
552	123
178	144
450	528
880	380
880	316
21	628
905	150
216	403
431	294
596	149
371	202
640	770
777	204
663	597
429	181
85	923
648	546
881	1118
659	720
102	194
764	227
533	820
325	236
774	650
295	137
605	237
406	176
698	174
666	183
435	944
728	147
607	487
688	749
94	179
543	135
897	23
911	102
374	443
468	423
500	386
650	1118
316	58
60	637
830	174
498	262
550	993
645	772
674	118
725	322
472	756
224	366
184	170
836	268
843	96
644	871
919	689
804	554
438	864
159	250
540	471
677	91
293	88
622	577
262	92
59	673
514	116
519	1062
463	1017
714	294
831	358
526	123
771	304
13	733
442	44
519	259
550	313
399	746
523	169
454	692
870	197
943	570
704	156
201	64
936	236
551	240
782	1243
450	205
321	513
313	328
882	205
487	82
533	132
902	127
303	173
684	172
611	306
461	327
24	173
776	496
650	118
733	546
486	306
914	387
348	546
257	324
573	685
224	556
361	218
583	239
496	150
524	135
578	246
417	823
495	161
5	446
806	29
94	627
321	211
938	993
902	515
174	139
109	122
863	895
870	193
624	534
642	780
533	181
671	431
417	290
601	163
843	1135
327	1218
562	89
899	231
846	555
115	644
416	765
44	143
461	158
645	172
859	1009
504	356
693	1248
608	44
618	531
883	202
312	172
152	15
416	1221
593	282
72	685
892	89
385	504
305	690
622	157
865	118
532	692
640	91
181	126
308	655
450	709
523	25
314	1297
537	230
785	22
405	808
616	292
940	200
416	291
907	317
417	15
848	490
605	286
650	323
245	1033
885	1061
632	215
933	732
562	231
897	125
328	315
856	312
414	325
178	143
766	606
623	451
554	546
389	487
887	1120
875	195
524	419
249	1047
558	100
904	781
870	53
429	732
17	471
738	173
18	42
660	211
881	96
508	185
201	469
31	303
415	56
747	591
890	427
486	1176
632	50
734	174
667	28
340	588
297	750
761	123
701	127
276	31
313	820
334	89
207	509
417	217
618	70
234	835
560	1405
450	25
145	394
242	294
643	89
416	1478
535	612
268	96
851	109
405	577
882	194
780	186
43	845
227	405
603	250
416	544
414	310
647	82
452	455
60	582
532	107
524	715
662	1342
545	31
894	1379
119	255
128	652
475	70
500	383
28	529
756	1
796	396
452	663
793	405
200	931
474	76
181	273
122	180
939	258
640	202
830	183
442	742
174	286
694	239
346	3
139	676
655	1045
796	185
450	1220
313	185
294	413
476	85
655	1198
847	1086
867	191
846	810
294	455
934	234
883	306
654	288
398	117
450	136
437	186
787	326
863	538
664	169
784	344
450	63
148	190
764	151
798	400
70	208
660	657
528	185
889	654
648	502
417	181
734	487
682	31
695	895
450	49
896	206
880	556
463	275
489	308
666	291
941	1
504	185
261	326
665	924
207	428
532	368
907	685
835	215
577	313
490	292
551	7
677	148
113	323
898	271
727	131
268	562
280	88
695	268
495	77
727	186
656	269
804	951
21	185
435	17
913	69
308	396
401	328
509	309
878	531
514	419
279	451
200	193
447	17
250	458
896	596
682	1478
778	1273
374	619
755	323
222	100
868	216
795	21
588	928
645	61
429	192
795	588
601	241
104	871
665	721
864	63
655	1005
533	921
637	125
501	696
288	651
663	749
415	479
647	77
279	239
878	1092
579	70
95	190
417	818
647	174
560	201
896	62
891	934
896	328
321	182
308	22
305	684
650	576
458	333
90	1196
671	451
239	268
664	234
399	697
553	238
158	652
90	137
312	491
536	431
472	472
655	454
99	117
196	382
358	1266
64	237
92	55
835	281
773	258
145	449
622	1303
828	45
253	494
642	584
642	218
471	82
691	772
417	496
13	497
804	642
543	1073
859	1048
110	451
1	179
405	70
670	135
741	50
788	97
885	186
453	234
766	712
312	1020
618	33
782	259
318	8
322	656
474	47
592	460
805	1105
424	289
354	246
637	1102
755	311
272	98
934	420
704	304
381	1119
314	283
232	603
551	31
698	95
849	234
10	700
864	720
682	2
158	22
57	471
730	1012
526	300
785	137
897	40
164	222
795	820
507	754
916	246
537	85
455	228
790	708
592	463
328	77
905	313
308	494
794	50
474	222
537	845
535	209
37	273
95	210
741	255
374	106
815	631
486	689
806	1018
449	117
625	479
296	137
747	887
456	672
608	487
851	825
617	357
99	405
663	289
903	179
185	514
200	288
743	292
450	232
851	231
629	324
586	232
750	358
429	65
348	123
891	117
201	268
883	66
270	535
463	20
178	7
279	517
488	230
524	319
532	135
463	864
624	282
398	237
425	943
82	170
500	287
184	1014
409	486
878	553
414	343
311	176
159	1221
233	378
833	645
445	544
653	436
477	275
332	173
265	688
233	47
325	191
64	434
843	53
805	258
145	66
404	270
798	768
515	347
94	42
389	494
276	807
827	358
595	1009
57	763
405	461
851	266
843	79
660	41
419	604
5	395
656	347
694	378
452	513
748	495
23	230
437	420
532	117
459	19
145	134
618	693
710	302
790	721
413	9
6	538
712	66
629	64
478	357
551	384
303	1142
97	526
633	183
916	64
299	514
102	172
877	582
450	1044
399	102
59	654
919	331
387	1078
504	1084
796	315
246	431
416	11
943	406
722	122
484	684
178	591
429	31
727	209
679	520
617	631
897	418
474	591
618	131
90	896
763	137
472	763
846	1239
708	150
883	1171
654	291
95	98
316	275
707	618
76	1153
239	527
476	792
645	482
383	205
477	289
636	235
786	416
388	328
718	1047
715	144
401	197
796	615
869	1382
97	434
867	195
398	519
85	432
871	1119
524	607
815	969
104	307
312	529
380	1101
708	271
443	12
457	285
642	2
90	481
716	491
887	826
940	527
188	519
356	258
416	225
299	408
856	310
922	250
542	209
934	1037
10	589
8	518
721	87
456	209
477	237
435	153
308	530
243	111
49	396
329	879
458	654
634	1162
291	1079
642	49
401	1009
929	654
198	210
184	1101
742	127
22	68
501	844
470	919
694	228
416	526
655	66
682	346
768	845
321	604
380	60
263	1020
738	550
225	603
141	259
59	425
254	432
661	173
759	50
313	157
428	286
837	762
651	285
921	313
173	302
339	546
615	179
655	363
840	949
894	1089
682	1305
592	261
348	477
839	264
671	748
457	237
894	113
694	141
829	189
331	491
373	739
83	322
697	310
633	82
621	735
778	616
451	886
551	77
847	1
387	320
90	402
543	642
15	291
533	474
896	660
623	127
476	399
331	306
552	864
579	98
864	501
90	268
514	222
606	1016
720	1176
569	274
622	111
499	127
524	930
716	568
305	96
130	423
933	73
320	1091
862	12
742	258
321	86
886	164
303	636
379	131
404	343
87	780
890	385
668	137
451	883
682	735
577	79
313	309
936	124
774	226
178	226
269	631
764	2
443	644
763	96
76	1019
44	448
246	432
346	496
788	720
592	251
338	1124
660	161
864	190
919	183
803	748
626	332
430	123
201	1131
28	195
833	806
542	71
387	513
782	1610
932	510
943	53
454	312
605	117
450	152
932	134
429	230
919	204
442	204
804	183
848	433
303	321
777	157
234	650
513	127
2	284
474	462
710	496
654	405
468	58
846	1035
928	176
847	1007
903	147
52	288
892	143
200	447
286	417
595	762
457	155
496	1091
840	512
158	385
234	980
931	298
303	170
400	323
198	474
825	274
851	290
291	238
660	106
682	631
274	9
864	892
437	254
897	588
212	86
751	631
936	319
435	291
805	1008
534	546
665	196
456	125
256	678
138	509
536	56
648	180
336	237
749	705
56	22
119	689
896	22
771	258
869	1047
773	260
104	311
767	1068
487	921
537	30
663	47
268	80
516	660
561	665
463	597
42	111
468	249
243	699
523	934
782	294
766	526
210	755
554	286
345	280
151	705
892	516
5	416
698	131
43	283
918	382
767	432
541	810
850	181
588	451
330	148
654	367
416	849
882	95
648	117
279	87
551	273
455	50
896	1351
592	782
738	517
493	410
593	193
92	780
441	294
932	1397
833	378
339	1404
790	1063
712	367
474	490
417	51
932	285
588	133
934	186
345	239
30	304
655	222
416	274
798	50
429	47
779	222
790	258
669	97
669	326
94	318
65	64
74	7
773	948
141	974
806	923
565	638
490	1067
597	24
251	79
640	180
189	131
43	347
908	200
643	150
279	1481
653	185
822	588
816	342
551	917
385	251
870	433
864	382
892	70
579	211
643	432
44	81
380	502
380	71
826	68
395	15
505	332
213	125
257	921
286	1038
868	403
586	393
933	523
693	650
495	660
606	1190
864	483
264	1475
669	208
23	367
907	202
869	310
450	22
254	417
642	1049
249	64
91	187
897	76
777	212
405	40
847	240
417	474
543	443
524	573
1	152
666	684
435	307
838	181
592	303
373	941
924	523
707	482
896	343
712	623
685	289
429	249
454	654
422	551
583	55
757	161
827	288
92	257
271	313
224	1221
518	1040
881	1078
709	697
454	956
222	167
833	129
19	325
402	95
119	506
23	175
503	382
907	506
394	123
798	491
295	204
634	1197
798	1411
319	307
843	183
125	780
244	754
880	1044
882	515
474	486
94	786
472	101
878	168
356	310
458	275
854	709
911	194
379	208
773	286
204	322
450	1041
113	50
769	111
117	596
393	630
574	303
582	763
639	513
560	250
370	269
773	675
83	151
667	285
537	61
486	289
545	566
296	1284
921	288
864	275
38	69
447	866
536	566
756	402
16	948
457	25
339	427
506	443
334	1011
875	180
720	906
642	1053
660	1
145	49
459	123
518	546
472	1090
800	742
82	318
640	941
896	219
426	205
70	820
527	22
639	51
479	270
350	429
903	479
595	815
180	201
894	818
487	470
522	135
302	333
615	303
620	676
677	475
711	345
367	800
682	583
440	749
880	184
343	58
65	471
761	151
760	162
517	1177
347	176
927	24
643	159
890	194
840	529
503	526
257	1010
301	462
798	554
406	629
748	496
59	526
851	693
705	554
669	222
660	542
177	173
573	216
679	132
937	242
533	111
705	373
543	144
197	272
686	654
933	173
224	553
521	746
510	300
768	300
745	188
140	288
830	435
249	427
507	345
293	240
767	22
458	685
855	86
870	258
796	796
399	468
561	410
435	254
712	61
793	117
353	343
548	345
537	1050
664	778
749	603
527	283
455	465
205	1025
109	288
643	114
266	9
447	278
896	742
34	898
619	302
296	61
751	153
930	269
346	110
459	298
615	300
883	147
541	404
876	289
460	19
639	483
49	145
916	549
268	37
367	876
276	3
807	503
629	690
933	789
374	143
200	118
537	654
329	174
805	183
234	156
505	97
540	20
559	210
354	1039
361	98
326	96
394	79
327	305
749	182
716	956
143	258
292	1073
717	302
328	481
494	194
916	157
347	76
207	196
528	485
653	156
864	408
388	1
835	287
123	483
393	22
474	748
269	402
928	172
339	485
746	685
479	153
303	546
479	188
452	443
804	180
232	690
825	235
911	153
790	66
455	475
487	591
616	302
167	318
639	527
222	41
90	215
407	181
890	501
334	244
480	485
894	1592
860	715
463	1199
280	507
907	118
244	697
883	316
880	1296
894	509
547	321
640	732
72	220
277	276
883	331
766	208
222	225
768	966
606	257
268	652
154	197
30	164
114	527
385	1103
76	806
748	479
291	184
828	462
254	227
397	504
429	195
782	332
924	408
532	38
336	257
136	9
13	553
882	56
870	246
92	1194
504	1421
929	185
145	934
567	188
782	181
303	1034
327	31
902	327
184	428
456	170
497	127
907	151
901	216
343	117
611	1243
878	418
457	423
758	752
26	276
788	385
297	34
606	195
801	299
463	744
13	327
622	1039
407	443
709	628
422	218
421	269
248	98
54	245
808	262
798	49
360	483
804	403
246	173
610	283
717	7
660	1078
635	269
524	12
449	212
806	50
593	762
7	416
901	91
186	258
21	987
867	50
620	237
518	240
393	465
139	1233
347	696
875	55
586	356
118	396
864	22
537	259
897	141
889	2
492	286
573	258
622	693
537	953
826	265
940	430
440	1194
222	1145
417	234
50	276
773	840
314	106
176	151
344	459
227	324
437	657
904	796
640	578
665	410
620	151
642	29
805	1014
578	343
60	641
937	326
851	480
361	83
642	609
342	327
798	158
94	1221
896	230
422	682
110	421
886	732
466	27
291	235
292	789
451	1392
423	148
774	203
632	684
274	237
553	638
94	417
703	1012
7	660
28	286
533	676
7	100
922	1
555	89
234	749
624	326
323	1012
269	604
454	89
116	285
773	32
862	655
417	1411
851	332
128	172
346	842
523	155
883	315
44	692
622	763
209	16
374	1013
293	502
305	89
741	281
567	612
303	53
527	474
444	1483
868	181
60	675
613	89
389	503
682	724
235	69
552	620
500	211
99	345
885	209
749	781
15	121
486	1082
318	210
396	546
889	33
919	277
864	433
716	298
201	10
92	208
504	205
303	869
538	12
921	8
454	95
85	526
561	48
916	1597
456	1198
642	110
222	28
773	408
846	661
835	458
632	693
600	510
269	940
608	333
661	427
364	687
637	1344
617	1073
639	528
773	665
460	286
749	180
426	705
774	172
913	95
23	204
709	693
524	203
846	723
632	176
838	313
699	1011
429	233
22	174
647	73
727	55
756	404
331	304
854	288
363	469
533	98
747	285
80	303
457	931
543	515
929	517
844	12
660	208
758	481
648	13
672	237
749	404
445	248
393	243
454	939
766	1126
514	385
305	971
577	176
838	191
766	729
209	9
643	273
867	1039
782	1254
498	522
567	134
655	1140
463	410
920	307
928	191
913	9
297	17
130	475
894	279
504	180
414	313
387	99
699	929
265	975
707	287
644	293
99	210
328	159
468	204
394	82
553	483
932	435
735	301
457	732
456	143
924	482
872	405
360	748
87	722
639	116
425	17
938	928
676	1654
97	195
886	7
864	569
313	778
804	1285
704	607
928	358
350	127
268	294
699	870
892	511
632	133
286	212
889	183
843	154
451	884
363	506
478	743
505	190
29	79
173	334
458	515
682	25
897	71
933	451
757	1035
650	525
393	550
269	679
122	1113
805	659
165	270
422	475
291	801
206	748
846	385
797	1023
411	230
748	4
843	800
452	631
887	143
428	908
650	235
721	334
659	317
497	298
784	286
624	993
116	1254
543	513
94	215
823	188
699	10
37	472
867	678
468	25
741	1074
82	21
392	134
828	179
650	417
838	83
721	260
878	172
97	169
504	77
279	150
347	99
622	70
300	1012
500	300
919	221
102	204
345	5
784	299
450	526
714	50
655	715
235	344
416	689
269	204
768	237
348	756
414	301
457	20
592	544
263	133
933	1070
371	443
497	568
907	744
550	257
94	381
853	264
846	640
677	289
386	281
781	134
230	1
308	216
527	499
417	461
750	325
619	27
650	585
386	323
184	197
934	902
883	529
95	506
287	742
59	4
655	975
532	266
615	86
901	82
790	240
328	1313
788	141
290	651
543	179
390	126
853	271
501	122
758	302
605	215
749	134
136	525
220	294
59	24
130	269
194	661
872	845
503	66
574	340
293	591
276	269
450	231
566	96
906	100
223	313
682	70
456	60
886	95
494	199
319	358
863	324
45	284
361	226
505	989
466	321
686	79
766	487
876	19
450	1282
181	326
870	131
11	25
132	523
152	527
394	73
825	844
757	350
803	307
378	550
790	62
554	597
399	432
445	979
90	234
334	484
438	815
499	530
308	531
445	295
497	1092
25	134
926	286
544	326
21	15
425	751
682	1039
796	755
416	24
53	546
280	546
474	56
437	156
416	699
655	238
378	111
938	252
846	79
450	622
526	302
889	231
340	486
851	8
106	161
498	423
500	996
823	294
893	1012
94	391
409	475
529	270
100	269
374	120
62	652
429	1089
562	204
503	430
472	552
603	751
506	475
786	732
279	2
625	213
16	947
826	748
665	194
707	52
560	89
478	134
379	649
679	588
314	318
560	597
897	616
627	591
622	1079
287	200
648	505
846	802
500	665
158	107
655	1086
301	607
504	215
782	876
308	507
495	227
269	241
474	647
318	269
301	820
339	257
42	595
357	407
327	99
833	427
804	156
186	754
22	163
429	1074
435	177
836	880
476	73
553	497
933	1037
870	579
522	514
336	105
758	343
313	95
472	254
541	62
312	207
500	1324
542	11
847	70
751	756
757	265
622	1231
826	651
911	399
721	216
537	283
665	134
807	831
711	134
942	500
624	286
320	235
913	518
1	181
327	88
536	144
450	742
351	301
773	455
13	110
416	197
715	227
653	578
95	707
186	356
536	79
715	249
166	313
342	152
426	519
774	232
18	287
664	494
388	569
714	151
893	323
607	483
222	929
796	168
245	151
603	988
416	273
552	1315
736	246
536	542
139	744
354	533
690	118
482	127
214	427
908	133
807	193
393	588
886	1046
454	133
239	181
788	194
923	928
936	1160
934	384
334	217
371	1
335	300
716	367
551	181
582	458
932	526
450	157
807	578
600	96
793	1142
311	230
5	208
642	815
617	294
217	96
733	121
487	191
758	355
73	187
177	527
620	268
896	450
8	341
659	1044
405	209
683	313
880	986
234	479
420	690
291	403
358	1149
255	443
417	421
325	511
758	242
940	96
42	427
435	42
478	403
244	1168
106	100
913	588
619	195
943	79
896	800
479	421
465	172
798	384
589	272
504	1030
774	77
782	1538
478	568
311	191
21	7
447	294
423	924
429	277
435	566
547	312
361	228
492	474
612	864
782	1511
682	205
653	476
195	507
569	762
674	405
536	136
184	956
12	4
666	111
1	63
496	509
526	293
635	294
430	293
161	640
254	126
928	487
774	180
307	109
393	245
807	151
521	239
886	1093
426	527
487	252
470	7
498	238
82	79
254	405
318	24
859	25
425	50
158	121
123	286
632	763
72	188
828	582
70	95
501	100
705	627
682	1067
311	1297
145	1289
612	259
580	871
586	578
884	736
454	942
289	151
846	785
389	185
629	9
690	153
514	13
186	1083
749	472
541	417
529	984
760	451
499	176
674	685
880	281
311	54
417	674
802	326
806	111
343	23
608	789
268	727
230	266
346	67
407	248
932	486
425	452
870	477
221	576
707	956
417	212
280	215
600	227
903	46
590	740
474	143
256	54
884	475
761	293
373	328
932	523
405	1437
492	124
551	233
201	144
876	435
452	475
727	568
588	1039
385	151
165	127
234	867
648	717
637	410
277	7
447	591
880	566
313	404
320	1522
102	68
586	123
331	223
755	310
130	82
374	806
681	270
830	50
686	191
547	345
5	451
320	586
195	47
266	268
339	823
903	223
903	1101
507	879
932	520
267	408
477	1041
654	1014
293	712
537	371
276	931
543	1174
102	2
655	1646
439	147
474	514
660	99
511	299
890	447
261	301
666	493
374	96
933	403
841	326
840	170
393	1035
712	575
728	285
280	379
151	483
886	9
130	300
450	235
746	210
674	15
82	1059
236	685
684	282
239	46
703	100
500	1226
786	66
417	118
497	108
291	456
747	508
606	225
268	713
746	82
648	161
64	218
373	385
405	957
638	449
315	741
195	1414
396	281
407	869
881	393
130	453
537	317
932	14
152	283
506	747
506	8
90	275
758	489
344	478
747	168
682	991
611	324
174	246
19	319
458	50
305	1513
325	271
393	996
94	928
290	435
577	655
625	486
286	179
883	90
288	174
343	703
657	111
222	95
116	390
380	664
190	508
478	161
318	405
361	673
524	650
495	139
503	484
506	56
897	203
776	238
13	326
449	640
880	879
109	181
903	183
665	833
359	121
702	687
749	635
653	416
787	362
405	54
109	210
364	294
178	202
393	248
617	423
551	291
322	48
119	28
714	118
588	1240
216	27
643	147
478	98
653	328
109	940
157	120
268	218
505	207
378	485
498	317
201	1166
322	156
883	396
378	775
608	9
632	98
739	197
472	2
382	235
507	892
648	743
941	273
882	176
90	276
85	9
401	257
26	50
798	734
190	7
588	660
749	145
788	175
887	7
790	1118
488	178
497	300
498	59
892	951
727	268
881	523
865	455
864	789
331	268
112	294
850	485
568	612
532	1483
524	447
343	81
189	792
600	583
218	98
692	238
4	210
381	276
293	275
324	14
195	500
503	558
325	523
83	871
486	222
908	528
826	431
854	603
828	906
541	993
87	179
293	628
177	64
326	391
840	79
342	324
794	936
18	654
487	941
504	939
862	434
407	388
881	27
758	629
276	303
342	212
497	1615
347	276
345	323
309	334
788	984
804	245
727	401
110	586
749	88
461	305
178	176
128	729
113	124
868	436
249	181
524	1065
716	724
827	938
843	180
655	1623
712	433
546	930
521	163
517	740
275	679
497	739
919	564
130	27
198	222
180	961
488	172
597	742
452	185
145	603
385	940
796	154
660	118
178	95
666	5
653	307
331	414
193	274
840	661
474	654
331	160
290	271
450	94
533	527
639	274
883	408
738	385
749	414
610	271
303	1044
749	240
426	673
344	70
457	819
142	315
625	516
776	479
566	228
922	288
943	68
705	560
506	568
608	197
745	96
453	48
72	147
32	298
90	70
486	874
874	150
933	216
743	326
525	291
478	72
158	659
648	225
181	475
13	285
561	1220
328	299
119	916
328	915
577	939
524	44
405	380
932	183
457	739
621	395
207	524
642	1032
272	134
788	326
670	651
763	100
586	720
870	943
684	158
846	509
366	17
940	47
610	1558
344	322
582	15
345	747
771	97
506	42
102	55
30	174
943	11
551	366
684	204
183	77
886	423
775	347
907	1054
483	151
38	78
695	748
928	266
682	570
409	116
595	1067
758	344
332	552
708	880
894	935
674	117
407	288
301	195
6	507
825	385
871	402
749	780
448	307
518	685
901	636
828	896
796	807
629	991
790	402
682	551
472	250
627	97
346	92
758	520
416	252
537	204
621	755
798	755
553	1124
823	68
18	663
768	278
95	451
536	450
747	174
159	291
927	278
378	787
437	170
374	411
476	72
94	338
933	151
648	39
271	507
588	95
382	357
455	939
884	582
392	270
630	298
484	69
660	64
801	332
906	221
294	342
919	19
901	69
619	53
503	176
697	886
476	80
642	51
10	617
830	651
846	428
348	988
793	282
406	404
699	268
484	274
455	898
835	133
860	949
92	504
815	318
456	228
881	1480
773	60
440	1073
94	435
291	93
222	1206
765	242
328	911
56	655
504	1437
269	232
732	286
654	147
406	70
409	705
553	423
587	288
653	248
591	191
426	610
393	1210
409	216
834	284
56	720
766	1021
628	8
450	491
734	222
684	111
397	513
506	393
592	467
815	195
144	282
865	91
885	181
887	969
805	141
660	176
697	150
413	332
590	1014
16	79
334	19
815	391
486	270
121	357
194	737
617	488
632	746
437	730
796	321
803	683
876	22
931	116
932	502
504	1210
430	19
637	150
222	214
936	818
505	435
883	955
873	342
846	1029
659	654
546	185
72	2
634	840
755	343
880	940
901	1035
537	928
347	203
655	174
721	97
468	70
582	269
514	47
527	153
663	324
95	436
474	1518
303	368
664	162
483	290
406	772
492	514
405	389
709	145
738	161
878	126
907	869
453	941
722	476
7	611
326	393
454	285
180	235
29	264
193	739
495	642
864	473
332	159
64	11
650	747
405	520
618	559
532	929
94	504
757	31
200	984
406	28
246	827
697	284
361	657
708	740
880	210
537	525
286	946
497	68
532	448
542	864
339	89
517	105
643	282
215	636
886	393
303	22
256	92
455	1
591	435
524	182
374	1206
894	61
711	317
537	490
430	165
470	258
758	654
465	258
565	970
379	1022
457	173
17	137
881	403
752	270
222	620
695	260
761	283
863	752
279	1490
194	507
846	188
753	174
637	515
683	626
749	642
90	430
374	986
872	977
715	288
848	165
500	56
58	223
806	1059
936	898
634	924
664	52
200	1219
234	30
117	96
698	133
753	89
663	316
194	86
776	53
7	47
237	180
399	1207
13	538
608	269
135	173
44	151
5	66
178	333
916	171
933	1017
247	7
615	199
798	112
450	280
627	576
187	1065
896	101
655	276
930	171
610	187
606	179
719	9
339	518
532	125
639	747
397	896
486	127
880	24
716	648
692	25
639	660
707	93
265	273
486	717
354	1197
561	956
116	203
648	411
693	197
317	313
793	628
378	238
933	399
314	121
786	180
825	181
458	588
106	70
279	566
460	117
276	531
216	134
194	449
425	301
766	616
542	72
624	328
112	879
263	222
410	289
843	485
603	89
924	632
210	568
392	197
603	474
200	930
648	123
305	181
786	281
807	449
851	405
457	214
344	431
298	193
15	249
551	559
683	906
919	319
609	319
608	1124
533	566
653	371
619	578
89	1074
851	1009
44	100
846	608
470	874
64	625
458	939
556	496
47	327
290	809
345	815
152	173
374	176
758	150
269	48
620	240
504	364
546	751
339	434
851	597
109	323
690	276
286	348
442	64
354	606
121	736
47	262
639	283
82	770
690	12
554	820
62	380
885	154
365	846
788	186
907	1220
650	385
393	1168
268	200
666	163
451	880
570	268
345	238
458	321
862	416
264	201
440	271
860	894
184	357
305	1015
721	289
406	368
840	191
486	236
774	406
941	294
505	258
682	558
712	4
72	170
921	380
841	302
328	198
721	739
648	235
870	11
586	800
533	211
518	25
783	948
456	268
859	846
497	184
331	269
486	696
848	135
907	988
731	183
374	273
393	1435
506	38
553	1009
887	288
358	208
393	237
487	289
751	214
385	383
431	328
648	1028
433	246
405	1224
305	222
325	654
482	313
730	100
385	959
741	79
181	274
472	931
467	10
763	13
881	820
748	633
305	311
660	1183
373	435
467	269
900	478
727	940
877	692
666	179
327	249
425	1595
59	371
22	996
749	23
701	344
846	199
535	836
199	508
566	153
894	909
407	710
263	699
648	586
874	137
619	62
731	845
437	50
533	627
539	963
918	855
343	234
141	985
109	367
85	705
207	514
798	560
524	955
666	185
264	702
868	154
833	432
425	358
790	665
758	447
234	528
660	72
617	201
244	537
716	432
682	823
202	195
159	591
920	258
492	1147
295	83
843	633
533	654
654	81
310	1142
226	92
13	435
493	647
63	276
806	1012
325	961
280	393
378	1147
437	642
221	50
435	444
297	210
690	203
119	755
23	203
250	159
454	107
405	1019
353	358
184	274
679	69
13	674
312	531
291	288
185	480
459	98
201	1398
624	236
535	166
334	277
327	475
585	86
222	175
268	179
334	10
937	285
51	172
479	385
224	125
13	790
887	1116
859	313
940	70
145	236
375	185
650	520
821	427
551	568
633	778
164	1016
764	1057
893	1245
642	365
896	515
283	91
932	528
776	567
719	318
532	100
455	724
181	105
468	132
653	64
579	877
308	1045
219	38
648	122
823	606
292	7
473	7
476	204
561	100
884	166
417	364
8	336
474	83
640	304
690	106
280	220
769	934
936	926
577	560
162	208
536	121
571	144
666	511
701	292
896	647
174	167
62	237
631	313
588	873
83	70
407	274
828	510
244	56
463	288
776	439
541	1412
426	663
570	879
880	17
484	168
405	679
883	781
327	749
890	530
584	230
608	489
96	216
286	184
450	1249
878	1149
921	1
763	960
323	222
618	762
450	708
751	7
804	363
460	1142
64	87
665	931
500	294
435	2
565	86
758	505
568	303
506	161
918	1101
260	307
833	451
622	206
901	117
200	546
276	415
207	185
934	529
329	651
807	930
561	537
831	713
393	496
554	294
405	1560
805	231
12	88
881	1215
393	1225
768	756
267	566
523	516
711	729
752	1024
301	15
794	221
670	483
354	97
405	392
690	237
521	265
465	56
599	975
730	181
588	447
667	660
484	70
552	25
13	756
64	1065
605	619
457	357
823	273
402	9
655	1186
640	952
169	199
314	1253
21	358
737	180
293	297
244	158
96	42
29	661
209	293
314	768
567	100
592	148
618	566
943	72
846	433
749	866
268	61
238	125
868	162
694	603
352	176
618	729
882	174
535	185
634	1084
163	326
665	177
519	263
497	1228
757	403
715	692
393	29
123	523
622	298
592	282
657	340
933	214
934	239
846	692
804	153
655	281
193	366
795	117
671	443
815	357
527	203
417	162
450	503
782	991
498	435
123	432
535	614
563	412
943	188
816	355
270	581
230	233
328	748
412	1
15	930
854	222
561	91
102	231
207	160
738	755
56	167
535	1474
619	294
318	423
246	404
462	289
913	276
843	288
513	222
903	240
825	979
70	289
429	587
739	172
532	508
694	498
845	690
139	242
72	1051
795	109
552	222
682	62
795	382
145	1215
546	5
265	323
456	655
68	409
844	251
226	109
716	1113
653	659
498	447
896	399
605	408
561	942
532	829
303	259
303	535
650	196
130	328
621	540
56	265
733	290
889	405
442	90
619	252
54	151
280	94
891	323
844	431
880	232
530	1136
463	129
13	817
655	1074
276	453
248	79
277	111
932	204
501	121
184	241
221	230
532	26
500	1111
496	109
579	748
296	1
617	288
896	709
713	898
270	79
934	94
206	326
544	292
318	514
707	638
221	64
82	462
432	255
600	554
450	483
222	255
551	1419
360	297
7	186
593	98
598	347
697	127
531	329
447	175
705	625
650	403
537	168
233	462
484	111
464	286
643	716
831	260
567	47
622	588
892	481
711	340
198	127
383	182
730	257
863	1395
466	68
427	1296
421	234
586	809
679	42
840	428
200	405
416	90
932	506
388	300
912	318
401	235
846	614
429	222
833	47
749	1440
291	1047
554	273
517	229
815	527
378	561
447	258
655	21
407	382
663	148
398	135
881	98
659	507
15	237
385	169
664	100
836	603
471	588
656	322
374	68
237	179
478	866
655	959
246	567
825	127
747	290
532	235
936	1011
593	56
200	1419
437	462
198	101
407	45
374	403
795	105
450	685
897	451
325	16
601	1063
639	655
18	411
521	184
864	443
807	501
421	517
554	318
233	304
472	227
767	300
110	689
645	47
932	562
630	546
422	7
766	238
271	125
87	496
363	770
921	136
741	7
756	1149
882	11
746	202
787	268
246	175
862	737
92	231
413	327
666	210
885	70
916	930
870	504
804	671
497	553
835	423
394	109
20	866
934	495
927	417
658	518
379	173
796	69
435	616
844	125
825	14
717	1282
243	468
664	664
121	644
630	222
405	1552
881	934
650	732
711	288
417	574
943	1228
385	191
490	93
136	283
700	50
526	750
622	1406
326	483
152	71
555	269
524	382
622	719
758	737
804	479
1	153
496	151
458	126
297	485
409	343
374	289
197	311
201	121
801	358
48	527
13	846
622	181
425	455
222	188
64	1140
828	960
23	235
158	89
575	322
715	735
426	481
592	688
293	47
130	794
65	1
664	202
883	47
930	165
412	70
860	153
170	326
682	294
6	537
892	54
478	1048
174	388
770	475
894	875
869	275
704	481
543	147
464	289
645	60
640	1067
556	133
429	184
881	1164
461	748
130	5
437	134
889	91
357	273
846	386
420	179
741	785
407	56
751	538
21	200
387	318
669	313
7	199
894	937
660	786
792	291
939	818
450	776
194	183
416	231
848	181
907	147
655	1630
647	705
541	172
796	387
7	219
642	1029
663	351
848	216
682	339
467	1011
630	11
649	275
649	1244
747	473
234	662
65	660
81	289
1	18
774	380
22	688
94	274
527	191
918	645
790	98
98	514
524	504
741	186
872	409
593	118
897	98
429	307
707	162
467	7
919	819
860	629
17	7
393	69
589	301
472	94
634	116
760	25
466	273
561	425
437	249
222	168
125	451
224	222
650	431
780	275
405	772
655	205
472	1058
648	1072
499	742
472	271
554	227
373	1444
666	98
551	735
724	300
807	473
903	1381
426	661
886	2
506	739
807	8
234	190
682	673
156	806
554	678
714	117
650	581
234	148
764	56
559	311
94	281
776	177
664	636
682	1093
745	190
896	570
614	276
463	1033
379	419
379	575
145	566
905	137
450	264
859	1008
194	540
688	259
295	402
907	288
498	164
716	659
308	1252
650	650
432	93
907	781
314	699
717	591
346	472
389	300
194	549
749	1023
168	1051
794	514
429	71
758	7
514	111
934	2
3	317
932	428
823	92
407	715
108	931
504	195
227	1011
249	179
552	717
521	625
868	410
758	1019
621	128
405	22
645	70
418	1313
561	751
889	240
778	262
853	258
871	161
686	209
552	100
448	271
542	319
909	382
339	614
474	107
556	286
705	526
456	194
456	1248
766	382
399	356
521	566
934	213
177	307
889	732
483	449
712	738
424	427
554	111
578	1264
487	739
648	474
293	233
133	355
290	405
831	354
308	88
567	293
276	541
326	176
144	117
846	513
870	65
843	204
863	691
561	15
416	1135
425	168
677	126
846	942
102	272
747	132
445	281
940	549
789	276
749	232
308	237
478	15
374	1010
629	327
782	1038
405	1470
42	419
478	282
516	181
642	845
430	298
554	692
619	350
797	687
628	333
937	14
782	1244
533	1173
162	55
292	64
843	447
207	1049
303	997
896	288
189	179
878	181
184	527
318	376
424	292
7	179
145	595
535	521
539	367
699	116
535	50
484	385
624	980
151	748
686	185
256	356
194	651
772	310
345	303
788	96
506	1407
918	1195
569	287
542	73
864	9
7	365
693	729
828	463
925	299
429	700
747	842
638	226
807	684
45	181
747	183
487	196
197	568
738	174
442	121
567	39
618	136
509	687
178	219
887	1079
923	257
851	286
456	161
432	508
598	898
934	132
479	609
125	70
631	272
22	231
181	1086
889	125
648	109
896	223
193	187
279	1499
117	678
301	64
673	300
676	471
756	739
564	313
437	143
299	313
864	472
780	660
757	71
328	912
13	511
716	435
104	273
458	79
813	270
693	143
543	528
655	1403
843	206
474	183
913	144
806	216
524	179
932	389
685	269
731	510
244	3
825	321
94	49
534	760
681	1394
486	1129
450	210
833	344
805	56
591	367
346	520
622	586
749	628
487	188
145	892
472	318
591	508
683	307
606	154
452	201
479	840
707	294
141	407
119	259
151	499
639	863
805	259
829	1
397	1001
669	194
495	831
13	199
586	159
394	208
466	324
577	823
756	91
690	581
796	831
618	423
515	322
788	474
502	751
724	898
788	302
76	270
415	531
686	514
664	654
813	690
417	449
814	53
478	1221
880	597
523	1022
222	294
537	428
835	286
43	58
94	293
606	42
624	316
559	144
624	260
92	153
916	52
168	118
222	541
714	121
90	490
535	8
583	655
671	161
295	209
883	216
269	212
291	123
94	412
577	739
504	705
32	628
417	172
552	258
534	1028
682	1437
110	651
436	83
659	1297
892	588
916	820
653	187
36	261
170	876
551	294
899	168
878	97
918	170
871	305
682	299
408	315
804	405
601	840
374	38
677	294
63	121
343	478
651	286
303	12
728	678
457	154
42	467
495	80
25	98
151	632
554	228
259	294
934	388
782	255
727	123
758	455
659	199
624	750
466	550
442	508
806	856
373	178
57	473
682	265
380	222
458	99
81	596
819	346
498	430
121	282
727	609
660	117
95	294
145	259
938	333
871	27
568	520
354	429
432	288
24	249
446	327
635	331
14	96
455	147
861	83
686	504
908	216
550	538
474	55
446	754
669	490
833	1274
787	324
588	216
588	110
796	265
848	633
569	473
758	313
13	228
664	12
314	756
279	259
151	216
118	317
535	7
198	942
222	717
110	43
388	301
831	690
748	588
422	217
782	1257
564	1025
495	378
498	631
724	1062
894	244
90	154
433	340
452	102
455	523
886	168
419	181
916	467
567	190
907	143
303	800
494	86
624	237
582	472
615	178
533	172
639	526
49	1066
908	47
553	427
887	1413
334	154
495	1118
533	508
757	328
708	535
709	282
523	531
588	99
474	174
430	12
665	471
197	538
429	679
44	22
235	524
303	470
782	257
689	7
650	565
450	490
264	478
642	88
326	180
327	47
209	333
777	509
378	736
250	331
487	144
586	939
83	121
442	281
151	50
567	387
7	27
923	544
655	256
682	218
892	58
715	128
303	833
479	31
858	515
738	429
606	1011
6	497
115	657
922	145
650	294
500	16
592	250
436	739
445	79
934	229
498	548
271	405
250	28
194	712
788	65
325	190
407	432
679	50
6	246
426	1064
666	286
591	238
387	156
276	1483
361	502
659	135
514	511
13	515
99	1079
121	156
505	77
727	1250
704	322
567	675
464	301
181	280
592	346
889	204
587	316
458	304
664	64
621	384
536	151
749	179
643	127
934	573
864	231
495	616
642	97
682	451
899	658
942	316
727	831
305	628
497	364
456	14
638	172
924	836
301	186
618	273
907	1028
894	330
496	743
848	739
392	482
533	53
350	133
198	356
775	269
671	12
479	335
89	202
425	188
464	479
92	591
533	525
91	343
437	135
12	238
615	268
807	69
342	692
204	880
741	83
536	614
268	525
798	731
720	896
230	135
734	22
228	750
551	658
655	284
526	181
472	672
435	430
622	2
709	470
660	84
201	1006
499	750
627	33
347	118
321	286
227	319
521	1014
375	773
780	474
843	402
592	1060
87	1178
533	82
405	1387
603	11
6	191
182	126
244	716
727	83
172	642
145	554
886	71
295	222
586	83
804	378
398	953
372	218
378	265
174	747
900	294
458	237
826	182
395	423
594	292
755	340
695	286
271	472
627	1134
164	329
521	421
450	1135
802	565
642	68
916	179
301	128
151	44
715	588
804	238
85	232
607	137
178	423
406	543
747	98
296	194
399	622
608	337
342	482
588	144
301	80
634	287
53	121
846	28
756	79
903	12
378	1053
821	181
340	88
910	257
149	338
268	574
940	172
659	211
239	528
422	558
198	693
916	737
712	746
95	82
453	568
913	269
567	195
496	433
450	765
171	270
95	485
216	496
299	785
573	427
843	632
216	833
862	258
593	237
896	1220
634	475
682	53
340	946
524	485
239	14
698	50
16	39
42	627
582	100
674	323
457	385
587	938
610	508
755	245
587	691
474	258
181	1102
543	521
453	93
551	209
379	704
521	1059
759	117
334	12
797	269
933	22
293	1041
426	1020
145	352
197	29
393	228
499	1302
269	151
889	132
875	134
848	647
846	623
798	265
500	475
826	1110
790	155
833	26
606	188
716	143
863	1062
13	563
332	450
643	679
339	144
648	1092
868	662
413	289
551	85
899	50
458	181
417	779
663	284
894	1403
655	1490
102	665
444	912
24	200
440	515
535	429
293	211
716	134
887	568
239	428
788	118
923	249
466	11
554	95
71	6
460	221
616	315
43	143
593	478
904	155
38	420
389	531
711	181
488	434
405	1041
724	294
626	680
746	161
316	97
731	480
648	637
269	425
796	945
474	1009
21	817
198	31
326	441
311	415
845	1022
119	449
546	300
759	937
22	85
843	379
933	64
369	358
413	276
542	721
188	118
878	393
934	121
207	696
38	402
363	210
279	288
454	162
940	173
758	252
320	453
1	261
841	1294
1	158
478	518
664	89
271	659
592	96
918	487
795	465
643	156
766	198
576	381
435	186
590	754
276	393
798	801
916	183
476	300
846	182
521	235
397	641
481	484
1	40
840	675
489	749
309	258
415	754
882	393
757	64
298	282
655	912
429	1110
497	758
130	398
689	118
535	203
201	93
557	298
548	1278
476	94
795	675
45	826
27	1017
198	923
870	654
695	313
927	623
622	1228
551	2
308	473
38	247
388	53
279	1185
190	326
716	414
878	258
763	79
912	479
10	276
815	686
896	715
682	1019
328	229
5	430
23	154
44	89
666	507
867	257
833	434
201	366
532	1199
629	245
200	410
630	120
472	1091
589	310
409	213
851	1132
11	430
819	302
234	45
880	976
522	192
497	1185
648	298
145	590
156	187
523	1014
833	977
880	100
557	12
655	535
758	208
905	717
13	851
886	53
253	318
648	145
451	876
152	411
474	602
279	763
763	317
382	100
892	484
543	462
881	50
522	200
763	26
528	410
889	728
378	694
459	121
296	1251
60	629
942	615
334	209
389	257
189	473
595	948
892	1269
495	393
812	286
707	425
854	829
401	276
805	405
714	15
781	205
176	285
868	778
363	90
99	276
921	934
747	526
493	124
72	81
873	286
480	863
826	11
601	259
593	144
804	1615
532	347
796	38
374	284
927	401
665	239
627	597
284	319
524	837
346	211
756	228
466	2
650	197
276	692
919	137
912	496
450	378
450	158
798	703
246	288
417	668
878	66
38	127
666	945
577	1032
830	210
566	631
807	210
833	357
414	895
571	64
378	143
580	687
875	478
516	902
868	419
268	719
90	609
880	243
601	455
303	1135
450	367
151	69
468	498
43	140
933	164
671	121
630	258
803	340
932	659
757	260
301	501
889	494
454	527
747	303
790	73
880	824
465	513
788	528
7	574
686	518
429	211
94	401
738	118
655	300
407	158
708	685
551	50
642	496
328	72
479	1016
405	32
476	63
514	680
545	80
886	364
693	673
398	447
829	105
902	301
519	1293
792	405
664	57
815	143
207	1170
64	546
342	236
694	661
818	887
686	23
665	685
805	715
465	845
873	339
611	336
293	176
937	9
735	288
727	550
445	1
916	636
241	268
533	1028
887	305
874	20
618	50
216	569
548	950
627	271
262	559
495	578
655	1221
633	172
452	502
398	13
99	651
659	647
881	630
128	1192
890	514
884	640
367	443
461	1006
647	291
25	79
897	1531
660	67
504	44
495	924
657	117
378	517
931	690
540	597
733	146
378	164
514	272
526	748
864	930
417	472
405	434
655	572
398	603
646	272
650	427
908	648
627	68
62	199
70	101
286	396
397	210
763	4
14	507
773	233
777	523
882	121
109	834
727	410
280	233
650	602
684	781
806	187
286	403
551	144
774	795
345	44
57	125
923	815
880	595
535	640
788	176
554	237
176	293
870	647
279	550
830	523
627	9
932	663
493	98
56	748
669	12
313	683
773	37
37	27
429	167
158	168
389	393
457	216
434	121
924	427
478	739
425	515
660	429
276	182
463	319
535	83
934	1135
914	155
932	131
659	448
429	805
518	7
846	1218
712	585
458	527
416	161
305	198
545	746
431	307
807	543
660	184
10	302
738	50
824	288
201	631
198	434
318	174
671	1109
99	595
354	733
189	124
634	823
864	597
83	508
655	1650
758	514
829	318
663	265
805	648
89	66
90	162
896	199
92	742
673	345
508	318
683	133
697	682
796	405
392	324
466	183
374	25
52	471
385	865
459	194
201	303
149	345
324	276
567	483
201	581
916	710
543	1199
532	267
637	13
298	294
343	137
250	676
774	188
490	293
514	136
655	226
69	117
233	127
519	352
757	399
669	1
612	237
468	22
301	41
389	58
500	121
489	1293
764	596
456	1101
915	321
887	609
151	93
72	380
62	699
894	535
472	343
386	982
804	496
405	48
721	715
768	70
562	427
758	411
207	117
566	1437
234	925
459	832
663	111
840	56
43	4
758	597
514	651
932	430
802	288
854	3
573	194
85	1113
684	48
542	187
6	194
635	237
811	258
870	28
891	742
497	545
887	228
749	627
402	1101
883	724
128	73
13	841
409	207
184	508
56	67
870	386
373	1188
421	674
643	77
894	1462
246	1220
474	671
834	298
682	728
452	480
26	249
23	82
442	219
181	1197
660	485
523	477
4	300
577	307
385	186
847	222
303	150
848	318
327	273
530	476
77	246
13	900
665	620
286	431
802	443
445	121
389	731
655	505
135	203
864	693
776	432
492	212
537	378
280	609
330	403
943	763
445	28
437	716
497	95
506	187
336	100
92	789
600	1188
630	252
694	663
693	427
923	475
388	591
549	50
90	447
567	514
620	35
428	288
815	665
128	229
881	133
416	415
389	489
533	245
683	306
1	101
59	288
894	845
630	126
612	476
843	161
907	25
552	243
889	1142
843	561
379	701
747	31
452	70
11	370
489	333
254	143
271	735
295	100
653	638
542	418
624	278
429	217
490	50
886	150
881	527
911	622
724	1105
429	231
762	332
87	158
643	235
653	531
355	1175
535	44
365	137
458	1226
345	274
399	228
788	135
358	666
327	546
349	100
324	125
564	1034
378	924
286	381
882	380
474	357
558	1068
828	702
912	427
429	537
588	347
548	252
640	201
900	237
733	284
340	95
269	281
921	422
10	319
727	808
927	412
429	356
535	168
405	1382
890	69
588	237
83	111
830	834
769	685
210	72
301	527
664	159
345	28
495	1157
13	394
537	347
716	392
807	485
751	659
543	111
795	367
807	79
210	235
213	655
733	1009
834	751
707	492
548	291
798	719
474	203
889	154
385	347
804	1488
714	250
195	413
553	265
648	373
551	596
334	508
942	511
320	257
870	789
450	223
489	687
835	157
383	81
659	1203
704	131
629	273
747	580
686	176
394	449
195	797
782	1252
92	100
738	89
757	206
429	642
419	488
114	180
244	1041
459	222
802	98
343	193
394	33
399	282
182	181
815	252
303	251
291	763
883	561
808	872
13	785
345	218
561	462
445	117
389	485
296	250
184	272
883	212
332	984
592	7
910	300
536	229
458	499
927	755
291	977
796	183
213	286
840	845
943	182
482	289
666	199
749	155
279	502
833	72
851	248
201	222
322	258
601	257
224	28
495	423
6	482
466	326
532	761
216	182
504	476
880	1210
940	216
642	1239
345	204
940	651
778	780
313	511
314	196
530	607
665	1061
773	2
391	651
483	229
538	234
6	306
506	510
843	501
923	742
535	639
786	528
158	1047
552	988
496	97
791	327
541	500
749	141
861	582
514	729
328	127
626	330
506	836
763	1065
416	29
409	429
788	112
234	432
787	342
399	738
655	18
889	1195
487	727
846	443
499	257
188	11
639	615
807	1615
782	340
450	11
782	333
402	1048
213	192
860	712
416	432
589	294
672	321
12	480
899	357
387	68
427	332
484	924
18	604
269	647
533	988
752	302
889	70
95	290
411	527
918	660
164	293
929	284
171	346
561	223
178	405
378	930
870	340
380	462
756	135
699	1009
407	98
406	520
727	628
472	720
145	572
870	186
622	95
49	12
775	690
684	168
619	307
110	326
715	95
151	151
503	381
464	181
691	50
639	313
907	462
897	183
320	204
198	93
548	39
207	125
249	408
327	559
895	100
932	514
385	177
551	326
711	306
447	629
313	720
663	508
484	566
164	471
457	569
271	663
416	685
417	326
193	690
437	753
618	501
897	705
214	171
512	1459
721	335
403	866
846	59
64	340
332	106
751	121
541	1030
162	122
592	182
763	972
508	228
398	178
606	1010
458	52
372	674
456	919
597	678
238	926
94	469
102	245
646	286
270	56
85	707
666	792
373	414
903	198
787	348
634	323
654	173
181	1061
758	373
606	678
168	181
614	117
405	1220
642	628
233	318
296	632
682	363
168	458
863	319
669	517
710	23
22	515
621	73
842	306
312	855
434	125
904	111
296	150
270	563
655	761
561	380
517	328
712	501
181	285
815	82
405	219
735	258
905	751
880	375
154	288
870	98
682	1048
859	1281
308	48
806	302
697	280
663	1047
580	829
128	651
839	458
264	746
778	180
457	7
840	628
846	1249
892	1118
450	1261
897	371
117	11
889	187
896	136
484	4
531	259
459	134
850	98
485	321
865	101
231	50
920	310
554	684
239	242
782	994
244	451
439	895
625	484
642	998
877	475
62	1
268	388
481	190
782	342
417	1091
543	23
119	332
618	781
800	127
577	427
216	416
486	685
887	254
117	164
430	674
537	124
660	946
921	121
504	187
233	584
468	44
630	568
629	301
804	357
790	1091
588	71
318	133
437	319
482	286
639	519
618	596
713	307
330	385
870	12
13	116
250	325
363	302
586	226
663	294
561	47
676	318
508	1067
494	183
890	496
83	751
417	270
727	826
621	795
94	944
561	1524
870	1042
479	54
429	23
151	507
844	1099
358	918
643	820
122	1044
253	4
561	1153
505	228
677	455
277	124
5	228
921	1047
551	790
592	752
385	616
887	768
243	737
486	93
747	302
344	319
182	596
372	1090
932	101
753	179
652	538
271	729
795	50
868	73
655	1166
22	792
807	843
521	90
798	659
854	238
457	97
671	182
436	234
545	17
484	275
500	930
178	654
819	147
883	1462
726	1028
645	22
474	196
642	734
878	234
286	116
629	322
82	230
790	436
436	941
904	682
369	316
601	1615
543	98
721	303
721	51
686	651
653	111
929	435
532	427
916	238
472	549
208	371
380	663
374	1277
741	118
279	203
805	537
10	93
472	455
721	735
101	147
181	628
59	517
374	1217
871	182
887	38
452	170
727	472
720	333
402	710
577	203
13	475
619	298
913	203
314	132
178	819
875	921
497	174
577	63
38	112
843	159
629	271
694	238
152	153
916	206
771	189
786	285
635	328
879	282
363	550
464	294
495	67
620	121
379	219
275	121
87	1188
487	781
540	825
454	1454
450	823
257	113
452	216
92	684
85	182
504	291
451	299
890	654
868	81
938	237
537	566
708	762
540	508
658	9
488	527
830	95
896	385
394	89
934	135
23	156
246	679
334	74
941	475
10	129
577	720
449	544
533	126
344	216
177	176
246	198
378	176
621	780
807	472
128	222
161	181
492	528
18	50
94	418
492	650
56	238
790	105
542	22
678	100
49	98
883	168
381	1060
749	428
158	810
721	305
313	102
864	163
416	265
64	121
435	1228
655	1121
723	50
450	419
694	82
445	480
314	742
285	302
437	705
591	517
548	925
627	100
6	527
489	339
145	898
102	88
472	288
620	682
928	749
537	955
782	258
653	181
881	679
648	603
145	692
808	312
648	104
503	187
378	729
398	837
900	458
106	216
280	389
312	1126
553	177
466	268
537	894
733	1129
627	144
588	386
655	650
270	694
785	183
210	15
478	79
149	1296
767	505
499	482
543	302
303	401
660	996
847	47
360	1197
919	1258
851	157
617	302
715	28
129	300
890	200
450	294
865	926
308	275
461	9
497	121
600	651
458	408
128	1048
159	255
6	495
629	416
758	38
406	431
389	411
487	179
782	308
417	669
77	121
654	82
658	32
393	720
592	333
378	1101
874	313
418	895
605	64
554	172
334	163
400	321
422	717
305	143
874	514
655	1288
506	1046
655	1278
880	577
270	722
715	1045
521	179
684	83
782	1477
459	172
75	56
417	184
618	193
125	1271
288	180
758	509
305	318
865	825
320	358
46	262
268	654
453	509
221	178
464	678
416	419
556	127
538	100
385	357
495	665
450	1054
889	408
49	627
828	1153
542	249
472	597
236	28
924	172
366	234
280	8
796	180
28	185
747	529
678	14
659	805
13	188
880	1134
634	471
18	153
459	257
339	150
262	443
454	318
922	80
676	295
200	515
940	354
894	933
716	501
394	720
243	7
94	248
430	328
606	591
527	96
59	466
416	237
798	116
110	402
194	173
313	63
619	651
458	346
707	696
532	576
854	1281
435	183
669	354
330	132
659	642
152	778
734	603
6	274
43	88
21	563
297	302
796	118
823	227
54	346
642	96
425	184
457	105
257	381
794	24
469	65
903	175
624	742
486	21
290	720
524	98
379	502
480	98
416	803
848	152
539	236
788	215
768	762
483	20
924	318
716	157
391	652
650	231
456	460
374	197
479	154
207	849
502	263
184	29
524	32
454	531
301	451
870	196
603	385
450	693
683	915
904	402
343	53
846	44
665	172
167	216
348	323
646	678
481	88
671	55
222	229
886	826
661	228
870	496
738	318
389	1036
592	12
665	421
497	216
344	298
890	474
590	284
447	1132
707	866
99	475
397	989
504	773
130	1157
778	98
405	1568
694	435
293	303
840	1065
506	10
293	174
43	625
72	647
433	12
640	336
422	124
312	835
608	65
862	203
363	895
886	472
311	63
94	125
652	323
305	88
696	1176
493	250
891	1278
551	1139
303	1337
102	841
215	191
500	284
650	627
363	568
474	1123
541	118
495	739
13	17
815	650
934	786
693	229
140	321
317	879
458	357
825	122
655	867
758	656
446	286
521	655
428	315
527	1333
353	328
75	427
537	971
622	209
532	759
608	93
454	605
456	506
721	194
385	1070
279	374
104	3
923	831
44	432
484	732
457	727
294	363
404	901
524	134
503	949
551	132
618	186
87	372
128	1053
849	38
279	291
727	239
783	328
56	226
658	178
542	194
650	151
334	82
606	24
852	506
705	121
584	181
763	286
451	687
723	322
190	276
529	292
773	212
782	888
939	508
886	66
222	410
344	762
496	155
1	141
169	134
30	258
487	783
600	187
913	92
149	268
178	469
435	187
747	1204
352	653
739	132
798	1425
542	100
92	368
639	59
577	684
62	403
708	1152
639	923
786	202
758	200
303	1039
373	135
710	343
805	162
104	289
251	147
655	172
682	925
715	82
663	815
85	194
95	121
232	302
130	1079
694	48
823	692
438	9
383	89
503	747
434	756
619	50
545	1188
882	455
804	670
435	139
581	7
354	135
325	502
620	181
65	655
3	319
715	4
469	610
606	749
461	319
465	87
520	311
334	1132
545	78
622	380
766	82
561	199
889	82
653	42
715	761
622	396
345	287
239	1332
532	284
405	702
827	329
798	805
264	204
601	1116
789	288
321	173
896	511
421	12
567	640
330	231
307	209
82	9
216	64
543	218
823	136
58	741
293	315
659	481
605	934
314	585
455	234
727	635
458	301
130	928
887	412
425	1110
380	479
64	91
7	547
541	239
94	392
541	210
246	741
637	322
64	436
313	428
440	86
427	874
394	144
233	509
716	622
937	225
214	479
276	790
893	845
144	1
908	100
222	1139
906	1011
921	245
796	173
130	808
655	1514
405	1271
747	169
7	440
710	187
586	238
727	596
133	272
290	199
919	880
766	205
416	7
209	129
655	170
293	223
668	13
297	148
763	83
907	245
927	411
724	948
361	794
210	205
935	476
159	288
690	163
887	84
897	22
293	715
796	685
642	1509
479	196
518	763
271	182
851	1314
703	117
515	344
493	876
919	300
417	16
83	233
87	273
504	25
843	28
823	228
463	302
659	520
90	543
943	230
788	1407
846	425
889	741
592	1143
927	1284
184	215
496	88
303	564
346	233
585	1475
936	346
776	179
893	220
655	751
758	764
484	38
307	172
939	118
399	66
467	258
693	185
732	269
588	721
625	855
363	408
921	133
782	299
13	687
465	275
190	544
497	2
790	139
545	578
871	187
632	144
178	781
272	50
74	268
279	1274
354	520
200	323
545	208
81	237
92	1
397	615
446	334
583	602
765	283
345	86
23	195
599	260
880	948
595	825
306	19
749	941
181	989
868	636
622	1407
393	620
214	522
574	305
401	1016
533	210
6	285
527	659
486	148
94	739
683	900
487	462
336	1249
533	161
890	448
538	168
758	955
524	132
294	743
85	664
474	58
666	640
180	356
326	317
677	240
342	246
899	588
661	117
458	289
618	433
213	31
435	527
568	519
676	1
712	99
876	529
877	274
743	181
138	14
889	173
293	284
236	196
644	1620
345	226
778	234
259	147
175	566
643	410
507	1237
881	176
533	38
610	9
283	21
112	245
487	270
56	385
13	429
799	307
883	251
581	100
293	824
378	632
592	744
577	770
474	218
374	27
448	1062
545	633
658	45
934	451
846	41
487	789
101	742
600	515
609	15
561	196
435	62
819	862
766	434
257	1472
693	291
472	122
477	25
467	222
534	619
648	367
643	430
83	479
908	447
790	7
712	946
871	1431
655	12
806	343
919	315
416	1152
790	660
409	211
880	1053
504	1037
262	959
210	98
174	871
276	395
290	191
694	519
627	431
313	215
407	223
757	117
650	499
738	206
215	271
95	275
472	355
472	255
306	289
880	99
942	498
669	902
106	1242
55	79
645	135
486	288
802	646
643	515
551	82
618	241
894	50
194	197
671	11
298	549
174	723
780	659
405	586
416	241
943	234
707	65
234	843
13	316
393	628
930	871
152	944
776	182
934	1449
846	1148
69	879
456	174
545	491
145	877
437	702
437	721
420	750
500	381
417	246
91	328
279	231
501	324
407	235
474	848
600	562
931	245
892	27
407	258
766	435
117	271
653	409
299	502
900	31
394	210
828	271
97	82
617	675
883	589
65	511
736	293
903	79
659	62
655	54
104	272
450	847
933	204
435	559
943	450
933	746
474	685
595	255
457	559
663	693
378	217
94	4
864	768
89	235
362	332
664	514
586	33
244	109
128	684
393	479
590	1009
286	535
675	311
72	1148
567	59
16	410
548	882
31	268
848	186
583	663
258	326
95	198
301	71
774	94
69	282
727	249
286	198
200	54
299	384
592	117
16	199
907	928
620	260
497	1030
151	470
226	527
385	1007
586	423
301	205
407	504
393	780
514	432
524	234
632	508
314	158
781	180
642	729
709	567
825	864
313	385
838	249
198	526
890	589
152	117
896	575
346	693
854	461
859	15
918	64
44	633
650	639
381	520
331	214
506	295
892	604
820	271
619	68
612	275
562	684
742	117
749	930
747	234
437	683
361	742
514	65
860	294
189	405
513	121
234	517
450	485
533	708
286	934
835	628
239	531
262	52
788	357
624	1
883	435
276	540
707	1021
933	222
206	337
805	11
617	1316
854	135
334	810
91	1192
580	125
776	91
92	708
817	129
532	496
513	435
172	428
542	746
144	294
490	1383
299	4
459	411
200	280
896	50
884	923
200	28
541	79
486	1609
866	242
932	195
20	174
307	215
592	1025
865	95
506	646
509	302
846	675
102	334
896	299
551	1220
614	14
405	1468
758	388
230	10
727	356
871	989
407	208
416	133
867	31
328	12
833	1187
934	269
21	286
207	211
294	252
722	756
236	174
378	722
137	289
254	629
311	724
672	756
405	64
712	142
460	285
373	568
632	97
889	515
450	282
288	528
358	511
387	101
455	8
537	237
916	66
243	8
446	300
57	64
532	66
735	237
846	949
780	300
399	28
472	566
324	475
435	762
854	357
666	517
352	92
851	11
550	682
159	7
354	305
134	338
384	313
420	513
295	155
657	269
727	1273
546	313
327	447
682	379
716	185
833	401
823	202
59	1048
541	1409
542	90
893	759
727	231
294	1254
312	208
299	354
184	747
551	192
293	367
13	646
493	1088
699	235
786	449
435	191
595	289
790	317
435	89
468	1016
295	79
519	751
862	930
608	234
592	702
763	732
593	735
460	250
262	90
268	405
426	332
924	258
682	323
650	258
437	747
882	416
653	410
637	275
163	28
363	171
334	607
497	393
854	507
343	200
896	1249
650	168
661	762
58	153
21	281
655	686
670	174
753	300
537	322
363	511
456	452
552	249
389	524
296	696
410	354
344	276
25	568
716	72
524	480
749	4
59	584
538	318
749	498
399	393
804	476
486	408
644	50
378	14
385	61
545	174
721	22
365	271
537	613
453	4
454	945
256	1208
727	405
389	732
389	283
330	105
98	211
804	56
938	248
75	323
575	50
374	274
424	288
416	795
655	869
758	209
605	527
763	174
328	301
843	121
797	340
885	318
527	197
900	474
840	7
717	287
174	69
708	1054
474	646
847	243
246	96
450	1047
102	188
897	708
639	212
399	1060
60	506
199	14
435	82
379	566
263	50
543	371
378	756
592	194
709	472
819	304
456	59
405	658
878	432
94	1209
798	482
869	1134
271	188
210	153
716	465
782	264
546	590
253	659
831	144
540	276
804	191
606	419
435	3
643	521
862	180
715	756
311	578
488	292
354	707
495	186
610	582
586	806
417	1157
669	749
429	140
532	1039
532	407
791	275
621	151
378	25
311	443
385	529
525	127
823	111
429	1010
870	208
29	480
749	802
943	237
704	173
887	98
704	661
821	28
275	294
70	24
727	197
901	243
788	540
568	954
727	542
378	423
508	50
181	292
460	1067
716	83
424	1084
450	417
763	730
650	97
826	802
799	499
263	690
320	732
256	829
660	809
452	136
843	542
721	879
627	233
262	735
805	223
303	544
579	289
5	432
450	380
406	432
318	318
548	1244
194	31
249	56
393	870
402	25
58	497
417	715
624	886
717	260
643	2
592	939
183	356
790	739
450	523
83	88
204	268
936	25
551	991
386	1016
851	1291
592	1070
405	198
724	906
109	679
488	100
452	86
116	181
286	209
367	50
642	1136
715	576
741	1090
226	25
844	168
391	22
825	423
203	993
214	69
168	597
377	338
883	487
648	432
498	538
708	873
689	260
251	111
489	984
781	50
707	367
543	461
800	405
438	845
340	969
487	280
921	304
293	636
487	50
774	52
189	661
915	313
772	879
351	326
387	972
783	271
932	162
922	431
443	258
267	385
698	1020
624	275
886	200
833	289
144	187
880	276
194	174
705	275
234	16
197	56
332	472
826	99
210	708
13	95
49	71
918	199
445	840
87	845
892	214
700	96
498	172
554	405
442	153
593	172
933	475
417	188
783	299
663	410
796	8
14	820
593	313
464	12
208	781
822	272
669	323
524	748
727	161
158	118
746	231
222	216
83	191
44	194
164	248
49	1067
801	343
790	111
837	15
102	1
704	648
782	50
177	96
435	585
795	123
699	222
588	67
125	191
180	1046
303	1046
389	187
870	523
450	516
893	148
121	135
347	550
642	69
667	216
437	162
279	22
308	842
870	367
653	447
437	244
541	527
716	507
896	175
758	324
795	739
640	347
942	117
376	100
474	469
653	1139
524	193
466	354
903	118
851	304
834	258
665	71
807	300
662	6
454	603
804	32
643	11
436	763
886	81
790	774
389	579
865	625
541	304
700	48
259	1074
435	271
532	722
406	212
870	21
896	8
916	684
344	696
46	332
264	656
452	173
85	310
486	547
307	257
250	237
344	7
943	391
385	522
474	68
839	455
491	273
854	756
526	282
567	182
758	1527
399	542
689	121
495	633
419	191
334	38
846	127
805	86
748	97
795	747
796	378
405	347
923	456
537	724
172	124
773	1475
568	134
479	535
37	833
239	162
471	465
435	549
734	99
479	108
499	166
541	1315
339	117
159	243
632	282
671	176
666	530
280	241
271	461
14	173
37	1027
548	23
648	497
446	292
331	682
868	448
345	215
897	118
532	452
630	932
383	480
466	313
766	568
697	294
347	333
95	203
413	275
919	218
151	174
883	69
665	126
650	612
455	744
601	1028
532	205
805	661
405	781
569	458
826	625
259	181
869	50
457	584
805	161
56	295
544	259
364	262
848	498
847	428
650	780
343	42
435	627
858	331
276	1194
619	273
492	923
479	748
327	321
850	71
864	717
542	121
796	826
301	210
804	573
650	622
843	252
328	62
838	172
748	58
125	258
286	1075
789	294
214	154
615	216
886	380
22	523
716	209
768	16
881	129
896	458
655	127
846	178
838	175
716	159
392	528
330	1084
294	928
803	338
658	730
815	233
110	54
101	412
312	50
543	692
796	608
227	321
852	681
887	168
804	584
748	169
346	571
437	393
685	299
936	127
749	85
738	195
870	23
663	260
796	28
860	220
761	205
894	718
735	321
232	269
731	8
14	238
478	124
521	33
435	5
463	1007
175	273
74	328
626	272
919	892
848	88
851	1245
62	710
782	878
716	527
570	302
345	255
338	382
185	116
392	246
391	132
313	222
305	59
527	526
26	222
709	295
480	654
694	203
130	321
545	210
477	255
848	162
712	415
374	123
113	874
416	95
897	742
479	500
921	230
816	258
897	97
731	496
796	451
280	364
854	757
474	653
907	275
405	716
660	7
716	102
389	608
868	998
151	430
611	751
870	583
669	50
479	300
393	585
519	288
880	746
294	538
624	269
455	4
582	597
749	732
409	192
871	302
186	1385
303	1230
776	195
716	609
276	1482
122	135
653	451
943	595
321	127
545	215
236	274
682	257
635	873
503	318
568	525
575	111
892	430
184	262
537	609
107	312
888	762
435	144
141	409
303	443
588	384
479	248
648	88
650	290
437	28
399	139
577	12
38	681
45	742
429	8
799	1063
715	250
463	930
933	230
506	710
467	108
455	942
777	56
588	655
303	293
932	176
213	284
527	517
398	430
187	179
468	100
655	1197
749	200
207	546
92	274
862	647
425	4
891	282
846	88
53	151
932	493
466	909
666	1474
445	959
804	91
559	587
668	902
64	271
406	163
851	250
604	185
213	213
178	118
42	756
437	748
524	430
621	364
11	98
257	129
466	92
592	295
766	559
345	974
613	28
624	150
583	286
622	253
487	143
90	340
848	95
551	833
886	651
793	1365
671	298
452	60
934	303
903	23
620	1503
907	260
909	529
378	458
6	321
493	134
119	827
893	820
536	631
889	11
456	127
899	208
201	211
116	1244
343	127
717	980
608	306
551	210
347	1012
748	474
140	873
109	1074
34	990
854	122
144	307
655	845
934	286
395	458
380	190
673	322
815	639
619	17
932	480
943	720
577	1033
738	233
407	73
435	169
737	173
727	419
353	346
664	431
123	319
417	70
506	28
256	739
566	137
272	32
882	568
416	132
807	720
864	591
327	506
880	179
472	231
567	1020
457	845
613	50
868	474
417	179
374	88
548	762
537	200
393	26
933	227
755	300
849	133
539	962
535	195
653	168
536	489
292	2
889	729
664	127
460	245
805	9
293	127
6	519
500	182
475	127
593	131
655	190
334	272
781	302
710	142
642	568
416	846
736	50
546	17
394	739
435	214
773	1555
427	328
279	449
892	613
721	8
209	1086
699	121
7	286
6	496
446	690
551	761
868	114
561	356
405	728
533	187
860	262
846	576
307	588
805	288
497	721
848	134
707	88
683	258
712	178
437	496
463	1197
921	1279
545	679
595	293
880	287
903	709
455	318
393	317
328	578
22	998
645	433
144	55
921	202
455	17
711	716
468	117
772	288
128	159
674	50
761	147
457	248
721	332
62	1134
721	873
846	174
566	127
15	546
660	17
758	735
887	470
465	286
618	588
880	50
883	124
541	676
757	29
429	742
70	231
407	514
780	657
660	845
312	1
655	265
890	204
357	932
10	513
329	333
291	9
886	212
588	97
934	89
868	7
880	818
574	268
541	423
207	286
661	428
660	890
13	7
864	373
627	792
934	72
488	323
435	436
497	951
274	318
916	824
504	66
102	879
194	655
655	772
707	504
456	581
526	250
144	533
429	200
916	568
862	198
815	114
761	476
561	664
537	919
670	515
543	636
426	427
648	878
494	507
407	204
405	853
214	752
654	785
609	125
807	427
732	332
830	151
506	140
847	476
776	657
11	414
605	357
896	68
246	735
552	1278
94	1091
13	264
234	436
385	176
457	53
922	451
933	577
653	1044
537	202
747	181
936	253
383	1063
525	281
650	211
174	742
329	284
497	200
456	1009
774	294
903	282
635	302
256	403
877	88
763	143
758	159
708	299
826	230
828	903
139	740
405	401
846	51
429	53
619	515
510	358
589	243
486	220
343	203
538	162
279	833
157	597
439	242
625	200
942	265
912	653
918	216
551	765
711	380
6	510
420	855
615	526
495	163
647	631
383	504
437	447
498	425
74	351
846	101
896	411
231	866
447	410
868	89
886	582
348	412
749	357
315	382
181	547
296	528
119	1244
290	265
627	1478
276	710
531	313
916	194
903	91
810	269
416	917
271	481
151	88
655	202
823	514
303	56
24	288
820	324
458	192
916	118
262	66
796	322
773	174
332	411
145	1291
903	238
757	204
532	330
268	729
541	278
846	234
425	550
931	909
472	689
99	815
299	166
34	292
839	244
716	180
293	663
864	215
674	929
666	202
497	87
183	121
26	1
345	412
442	450
780	508
694	673
446	306
684	692
882	196
851	912
405	308
893	246
222	38
87	230
537	1101
802	444
608	1113
287	1067
911	21
892	182
716	650
450	1028
602	259
290	117
539	382
406	382
763	238
268	39
892	125
823	12
624	124
381	479
532	331
650	674
458	513
268	559
521	154
82	484
554	864
248	1
399	1393
254	616
312	276
450	389
894	171
839	475
224	1058
151	939
868	206
859	476
210	132
788	470
85	405
72	582
848	174
144	470
864	53
607	222
790	90
647	88
856	323
262	655
450	92
181	409
291	562
176	874
685	286
660	201
734	724
373	496
712	416
727	393
833	385
254	435
787	352
198	979
373	175
537	330
638	679
617	547
581	813
632	201
480	265
456	3
484	51
145	410
489	1612
343	265
872	717
432	257
796	399
553	111
636	121
294	1088
692	866
942	678
299	508
503	694
880	1291
478	216
405	227
22	431
629	144
751	154
880	180
862	64
425	1089
159	130
279	713
906	237
879	300
459	1038
933	100
932	188
311	781
907	686
804	702
487	1217
843	527
668	289
236	523
653	575
487	932
455	508
655	930
711	476
548	344
843	95
477	451
905	871
411	709
542	48
116	748
450	292
910	307
101	151
847	239
318	289
74	539
877	662
643	481
151	741
499	208
760	682
880	217
378	22
878	51
741	401
513	739
709	447
653	1140
716	97
379	1035
543	603
815	1157
305	326
618	1058
537	312
617	637
459	255
42	471
451	1038
409	275
798	444
601	47
524	402
673	344
749	233
878	740
440	319
497	808
590	127
90	480
523	301
640	1228
495	581
763	498
459	597
450	966
497	432
682	797
455	172
878	155
617	242
244	833
850	50
265	298
854	522
276	410
938	678
699	307
840	520
508	234
13	50
664	1090
43	124
525	676
51	210
748	258
370	427
747	524
436	761
279	759
663	682
406	215
563	566
758	340
303	597
836	174
484	216
423	304
749	358
634	122
487	202
50	15
833	13
312	175
921	678
436	273
442	1067
184	1086
373	382
404	259
648	399
125	427
690	431
932	497
246	1039
721	406
387	718
340	180
311	69
373	66
810	313
864	951
13	179
10	50
524	506
288	175
883	311
894	922
76	6
704	633
174	764
934	474
131	297
650	205
275	257
655	134
752	288
82	1063
94	923
192	111
846	98
694	275
514	1035
245	894
890	168
574	331
854	117
804	197
650	80
501	845
559	519
58	116
553	524
670	603
536	582
189	499
210	969
693	144
896	83
608	509
270	324
758	541
56	227
389	191
321	633
500	1057
633	333
798	196
271	276
592	330
550	877
271	529
650	243
189	914
263	1126
804	528
293	237
847	181
401	191
472	796
606	806
804	135
474	1028
632	356
678	222
868	237
617	611
92	761
441	282
38	288
471	420
686	299
450	430
924	896
897	88
393	929
329	322
747	269
346	385
748	427
846	673
361	504
495	216
650	212
896	1217
586	96
234	655
406	69
536	403
655	543
832	323
660	83
932	709
7	452
815	133
655	56
210	832
387	919
313	484
892	487
497	294
567	60
749	271
934	624
713	302
432	1016
864	318
901	321
447	24
493	358
94	86
802	302
757	231
741	22
82	228
646	1313
10	161
775	331
417	191
826	102
332	298
207	202
59	73
254	400
452	488
534	1052
416	302
337	127
770	473
450	199
887	699
180	196
465	588
569	286
854	244
713	690
249	806
663	147
861	116
344	122
102	260
534	410
254	423
487	237
407	91
91	135
848	431
868	402
430	547
294	597
620	946
697	881
378	501
286	340
234	510
417	1210
761	9
542	367
642	294
747	95
430	137
383	639
936	628
811	294
495	629
894	327
92	436
396	9
346	748
628	1296
654	1285
635	268
653	790
296	301
405	667
452	245
243	367
892	765
184	313
642	1469
905	345
493	546
653	670
428	269
84	823
699	1010
881	625
682	890
233	71
810	339
296	688
772	302
889	211
177	23
551	95
566	133
551	177
846	483
102	230
454	136
585	59
629	655
305	963
178	783
44	67
875	22
313	186
798	258
551	155
402	471
181	1245
916	97
807	63
782	272
405	753
354	1511
751	3
246	38
772	678
713	272
943	373
22	1000
763	237
326	419
747	367
650	434
234	389
694	1455
900	1132
569	222
486	257
716	202
664	134
811	300
267	29
884	510
444	313
360	306
423	620
586	233
416	1217
381	483
406	175
862	519
18	157
863	750
870	746
899	748
533	118
429	121
648	414
543	944
234	1133
447	484
622	50
933	441
63	325
606	455
250	81
677	300
354	154
875	480
804	96
318	275
903	252
453	781
294	273
655	1192
716	387
542	734
931	900
194	28
15	14
669	268
660	228
566	235
879	276
880	833
555	147
232	425
663	176
798	945
792	831
151	652
373	136
416	66
903	664
927	257
916	1113
130	159
889	943
293	501
622	118
15	409
506	945
906	823
586	173
109	28
622	154
848	173
445	7
483	121
435	1044
867	204
489	286
330	210
595	15
623	210
734	699
715	257
280	98
867	423
624	405
674	289
452	432
428	302
875	518
537	303
42	658
200	982
265	107
883	886
542	204
449	244
543	385
468	297
486	277
942	135
658	235
828	904
500	125
254	64
757	742
536	862
885	365
844	144
486	322
466	385
659	58
586	849
903	421
343	631
566	97
798	83
545	142
405	351
467	919
7	175
867	273
835	543
514	4
456	431
104	678
268	159
778	755
279	71
913	963
398	708
463	149
545	172
666	505
562	435
734	213
648	674
330	237
693	181
653	1101
499	174
531	895
387	172
938	328
872	748
497	83
596	123
315	4
760	873
77	209
881	443
797	181
56	373
401	481
551	685
808	245
617	427
648	218
665	405
640	751
276	316
16	204
682	288
655	607
793	742
666	529
11	716
788	22
498	121
497	407
1	199
883	922
390	475
862	179
343	174
814	443
447	50
115	48
532	685
327	845
70	175
326	705
502	328
11	29
838	274
234	163
848	423
427	688
24	58
186	568
910	291
778	496
60	654
332	276
490	246
405	566
803	300
21	674
647	147
221	847
883	279
869	411
62	190
385	428
707	730
782	1378
880	761
56	596
514	792
201	1073
632	69
447	151
655	57
481	367
474	1221
694	69
13	566
405	183
453	50
868	164
290	629
684	70
308	1126
822	410
6	293
47	322
497	731
450	381
64	258
393	373
773	780
897	404
346	576
151	204
253	182
474	493
645	483
694	199
805	164
935	815
11	290
838	584
326	663
532	570
99	1
213	288
405	1567
851	122
286	101
517	181
620	99
47	304
8	82
919	93
7	502
491	513
836	663
85	121
222	193
655	1642
177	11
495	452
621	25
655	1213
889	488
883	867
478	7
784	1038
757	827
344	385
375	525
293	250
834	148
799	479
195	678
201	672
138	147
711	472
144	1138
886	68
388	121
938	298
712	38
650	708
379	654
773	737
884	179
541	399
916	71
145	1025
807	748
532	468
659	506
782	900
437	58
863	690
605	528
899	96
577	200
846	90
621	299
796	1197
90	1195
246	597
702	690
745	7
771	873
665	111
709	568
862	271
82	640
642	125
766	482
524	414
255	834
343	144
624	546
303	502
886	49
880	881
860	302
363	742
363	650
7	583
379	191
445	895
210	99
425	157
410	328
264	856
826	420
876	523
235	194
608	131
693	697
808	751
214	89
450	121
846	1209
174	151
94	665
517	405
476	328
690	90
345	381
560	429
801	354
524	161
405	1072
913	50
796	49
661	423
745	181
727	384
74	354
890	7
279	17
535	171
332	833
286	1288
848	125
390	515
923	685
699	14
399	223
880	1277
290	484
892	482
770	936
422	327
698	168
750	305
715	39
280	451
85	10
293	507
381	995
125	144
763	737
471	140
22	202
796	525
632	419
777	692
592	249
537	506
792	840
303	395
733	302
655	1063
373	197
756	195
727	271
921	280
291	829
871	289
49	557
593	974
29	1019
903	427
385	145
796	735
577	133
407	648
886	187
864	127
618	200
806	79
624	270
757	172
35	937
654	111
551	76
435	117
559	427
280	731
778	423
463	301
682	281
537	241
916	367
234	1100
790	108
663	833
883	49
567	12
140	286
77	268
210	105
618	173
627	4
663	174
57	144
615	523
658	201
90	676
340	199
435	79
207	526
532	734
735	813
580	222
439	240
68	926
314	202
807	541
903	642
862	495
458	405
239	499
592	984
534	742
721	991
447	11
642	1023
331	634
405	195
496	561
263	443
738	926
758	174
864	66
854	200
840	732
305	433
738	164
303	517
286	401
756	3
826	226
666	1132
226	474
425	302
498	656
11	433
718	15
474	611
804	719
592	318
551	215
87	510
450	795
716	131
716	183
600	373
856	316
343	568
551	217
537	318
682	273
542	8
363	737
158	544
883	1
389	182
553	100
454	685
903	211
669	482
867	186
343	177
429	1118
120	515
418	333
804	948
541	924
405	1261
590	221
755	937
23	250
519	680
97	153
518	9
774	510
880	268
846	317
551	627
454	143
339	504
892	11
661	573
648	90
622	434
145	1041
243	318
280	385
600	541
300	456
119	475
939	1051
862	919
828	224
514	713
199	1326
458	430
143	272
395	118
586	1207
194	715
670	98
789	1007
764	121
514	988
756	222
166	315
876	294
643	519
608	25
123	504
452	419
122	661
417	638
479	510
608	328
450	163
535	172
405	1412
702	288
72	654
804	209
581	922
57	284
472	56
206	336
468	116
637	1060
253	300
184	401
916	271
833	177
457	549
624	1017
734	274
487	42
592	221
611	334
394	576
637	100
865	408
621	3
733	242
388	276
917	312
346	196
790	748
200	523
496	659
547	289
585	970
56	423
727	179
406	1109
411	1197
671	54
825	222
599	508
406	151
209	285
326	177
665	756
271	89
851	160
314	78
708	1028
716	696
840	221
92	69
664	469
704	662
561	188
851	27
716	502
386	825
767	183
889	193
115	980
881	214
856	326
271	1117
417	855
846	720
524	605
940	204
923	926
460	1171
440	312
83	25
290	402
901	174
650	157
694	657
496	416
87	72
233	9
435	665
940	258
782	326
815	596
383	188
811	243
840	435
342	319
234	412
250	751
871	750
60	745
133	306
95	97
528	210
346	68
642	65
271	235
425	689
860	890
924	1
292	631
560	11
429	83
835	1153
398	63
708	1079
296	297
608	1009
305	163
886	129
334	591
864	250
528	202
878	265
774	1274
308	356
566	1005
764	132
932	515
518	273
807	1274
882	66
863	1022
919	270
406	709
527	462
521	195
799	690
823	81
276	218
468	294
796	450
184	1148
721	259
709	155
615	160
711	51
889	92
815	2
694	605
618	468
650	561
253	895
445	1528
293	50
766	519
778	78
399	68
795	567
475	354
943	785
682	1217
425	841
250	1199
189	61
57	195
361	475
650	435
738	176
279	823
435	351
655	1426
892	226
250	151
639	651
497	763
738	28
721	681
116	324
796	429
450	505
392	663
887	404
804	84
253	15
643	211
866	319
374	978
318	1160
387	22
885	538
354	604
608	505
109	545
940	321
749	194
708	358
484	79
239	208
60	136
663	64
271	756
864	200
7	565
566	405
851	330
95	650
13	145
629	132
804	288
889	479
244	9
731	56
705	28
10	9
291	1277
239	209
426	474
573	69
1	79
903	1132
766	447
505	378
450	316
303	195
823	157
498	191
745	125
641	427
429	1112
764	4
537	90
92	294
485	538
408	319
495	11
892	15
758	139
124	168
141	930
201	1401
283	211
30	313
592	92
378	181
505	402
391	11
840	168
686	588
399	39
429	392
490	741
560	458
43	257
524	195
128	690
939	471
397	23
479	295
665	121
291	742
751	274
12	216
901	111
474	294
95	250
405	1539
256	732
21	123
266	321
60	615
13	446
918	856
710	887
303	575
497	373
668	124
739	176
500	72
504	631
311	739
527	7
411	451
851	696
537	271
484	153
788	448
925	218
864	81
877	202
462	323
312	632
350	258
280	235
92	841
399	93
592	425
244	581
712	734
790	358
267	186
870	692
545	229
655	1238
99	1047
524	94
270	584
788	12
830	96
378	38
655	511
125	66
847	372
781	56
862	474
568	199
896	161
694	197
299	169
567	205
707	283
128	25
617	53
354	485
189	118
6	493
864	184
843	211
643	87
786	208
671	53
798	94
697	9
221	288
498	11
548	100
274	756
459	79
712	82
831	323
121	411
109	1016
943	27
417	944
269	1103
26	678
793	250
682	1028
537	277
851	1258
142	408
805	420
349	291
886	132
425	121
410	352
487	195
489	989
478	1521
595	235
600	550
727	433
916	581
416	942
313	432
459	127
804	631
380	318
374	756
76	517
650	121
535	132
761	222
622	72
425	678
844	161
815	127
483	227
565	30
821	213
621	88
399	403
533	289
90	170
825	984
936	243
698	66
591	70
854	293
846	518
854	297
186	1046
533	318
321	45
504	729
707	275
939	717
222	98
405	194
201	387
201	1267
251	250
561	79
761	275
154	324
518	412
406	196
853	299
405	788
293	686
340	196
654	100
698	1149
279	486
663	288
486	1134
682	1178
326	182
230	294
884	275
892	367
336	294
804	228
299	792
393	876
660	182
843	708
446	307
246	69
265	1016
834	292
846	192
659	143
622	162
363	250
342	193
524	174
655	1101
902	204
140	302
655	45
932	175
561	1103
296	9
721	268
560	813
301	163
627	387
119	354
106	28
593	140
293	286
661	1035
530	357
380	670
804	174
806	82
833	517
929	195
498	275
308	712
878	371
942	1204
85	196
838	82
47	269
767	659
624	125
890	142
943	281
630	7
551	509
453	117
941	147
794	285
683	301
329	185
422	267
798	143
633	1046
777	205
707	732
551	544
133	343
846	376
498	202
754	293
757	258
561	710
415	322
873	326
840	176
168	313
896	637
902	423
389	94
269	148
715	826
519	325
26	750
892	210
249	250
807	211
537	789
518	1047
699	1284
586	56
83	477
149	272
450	702
417	169
313	520
921	15
374	572
930	257
342	818
734	318
399	780
833	943
749	67
697	595
271	40
792	121
638	514
748	234
697	268
593	65
659	357
788	582
682	76
664	191
454	746
917	289
234	661
586	51
750	327
551	460
715	58
397	134
715	471
665	538
642	417
451	1025
387	625
343	154
655	702
92	452
187	300
298	275
483	582
216	423
591	100
389	430
201	22
474	161
435	203
504	969
406	1008
806	952
489	268
862	89
618	214
13	798
234	607
666	428
256	319
468	237
659	447
10	686
387	1198
1	26
262	367
785	12
699	211
851	355
756	22
535	381
499	143
870	178
447	132
85	42
593	476
622	168
429	654
416	123
733	283
13	573
879	118
682	365
719	162
295	196
451	688
60	69
116	888
57	42
13	551
474	699
247	259
709	129
496	183
541	946
164	717
660	347
552	748
79	10
241	346
650	480
781	322
206	359
224	1381
707	718
470	285
64	300
902	134
301	402
785	288
455	518
436	642
930	121
786	238
634	460
230	499
174	371
200	568
119	492
621	250
709	164
90	498
250	123
130	1220
561	80
825	121
145	405
782	1608
784	302
905	748
217	679
121	472
178	331
608	475
559	521
403	410
621	1016
606	175
464	258
774	68
796	66
7	670
234	52
407	203
305	462
21	769
693	187
881	257
650	843
312	1516
467	276
592	181
527	116
890	604
880	721
458	86
790	89
6	261
932	1184
833	302
585	463
929	429
592	302
892	131
399	1090
357	744
94	654
345	620
889	1239
857	475
347	91
533	125
682	1079
738	175
401	216
922	1035
721	688
314	568
880	327
749	159
339	241
580	7
812	1393
453	750
497	258
385	240
16	467
897	633
152	1300
620	406
304	763
601	58
932	427
596	328
514	168
504	75
357	508
328	343
627	1194
381	20
932	174
487	713
389	1147
521	679
764	89
772	304
660	491
605	302
674	294
825	16
880	234
417	579
804	1060
41	50
543	214
899	284
326	485
120	127
620	71
655	654
500	619
749	655
456	1478
643	4
130	389
181	1394
807	1066
345	736
250	191
358	1159
827	300
932	482
437	218
269	476
543	102
709	231
291	71
862	99
436	585
650	136
540	762
749	227
916	1208
774	64
541	258
416	402
856	879
790	472
38	1036
606	255
659	192
243	86
589	268
38	742
286	1280
701	313
293	65
727	879
445	246
870	170
293	160
436	11
62	528
642	826
790	65
538	42
363	80
661	652
505	1409
481	252
45	820
851	1023
870	192
650	657
857	259
498	212
347	11
167	435
281	308
842	749
561	243
397	665
548	270
883	144
542	202
489	683
798	586
541	659
465	198
308	97
714	1
612	878
812	292
749	1
554	596
666	12
618	679
924	50
595	3
379	622
357	150
912	483
272	211
828	557
548	343
497	89
405	582
318	944
568	1005
854	505
279	153
916	1098
45	288
389	491
456	1059
894	923
379	47
711	747
145	1216
179	340
654	50
543	2
880	1151
272	238
334	740
94	200
335	902
321	657
312	507
398	655
682	556
711	189
550	121
370	661
429	1133
62	81
393	73
647	1063
759	328
116	678
405	1032
792	1
867	198
542	195
530	328
634	106
327	658
361	53
735	245
682	568
521	241
408	288
650	482
681	538
502	243
141	181
130	62
851	880
244	650
256	794
270	447
690	636
7	62
757	227
474	525
747	479
332	367
435	393
103	204
561	86
896	426
6	462
533	402
517	538
452	609
312	478
381	898
716	176
883	137
115	79
815	167
472	940
360	1039
198	238
788	38
773	751
692	1012
56	778
675	347
621	577
442	53
128	367
587	750
928	165
886	172
499	205
416	155
873	321
503	268
458	285
495	226
537	549
346	743
375	302
675	1007
618	496
757	122
374	248
342	756
128	499
833	108
907	125
709	739
707	488
421	176
26	291
43	1048
771	542
536	94
339	208
567	836
746	50
233	633
85	1172
670	191
128	702
219	879
592	1017
479	604
532	251
782	872
901	520
790	72
110	313
880	120
508	96
793	3
420	484
749	650
817	288
892	67
496	164
70	946
623	185
181	1339
601	382
783	286
792	15
712	542
383	285
3	325
436	92
886	117
373	734
551	955
566	177
255	672
833	164
790	96
883	1115
562	73
406	237
756	983
537	1073
642	1
683	312
870	494
650	559
868	327
715	7
511	1527
715	161
319	269
773	93
290	174
159	873
916	202
236	429
534	595
92	934
90	656
450	735
75	460
448	333
693	855
346	288
35	261
392	172
13	241
747	48
447	111
753	215
788	658
758	554
536	1
763	1180
851	50
871	97
500	739
499	1101
805	729
648	713
396	288
810	331
711	1160
13	899
537	1103
830	625
642	1224
417	134
474	641
698	428
182	479
551	28
450	193
487	160
201	800
487	28
443	343
725	879
259	185
846	530
265	628
308	182
120	508
16	100
295	735
280	388
622	780
452	269
773	895
536	234
296	198
432	628
796	879
851	22
885	225
452	161
387	29
705	82
381	283
532	588
577	87
897	646
805	761
686	12
542	28
370	199
336	765
207	435
747	154
497	665
391	96
707	778
537	64
548	183
92	198
601	184
399	117
622	56
522	318
450	1033
539	357
663	3
761	1558
188	553
290	28
634	237
569	273
479	28
92	304
147	302
671	568
933	121
727	576
660	121
491	7
537	242
276	175
749	258
43	97
391	194
456	369
916	228
499	153
181	758
233	647
561	95
606	568
896	760
240	307
552	628
406	135
444	245
334	640
504	846
562	143
718	841
506	44
677	307
922	43
463	269
266	285
767	177
474	419
308	588
456	196
721	325
109	179
846	131
843	143
794	118
712	392
489	266
885	233
529	269
496	419
330	28
758	234
741	210
453	97
450	451
806	89
913	478
417	1028
10	70
559	520
202	191
716	284
677	1
323	619
286	955
548	636
518	147
85	921
881	655
188	1041
886	466
405	1359
682	999
399	179
298	79
621	584
752	358
520	690
379	193
473	273
896	732
455	214
380	684
719	532
407	89
290	596
875	753
307	196
864	123
938	284
871	300
618	1032
201	195
145	356
598	308
429	196
680	24
601	181
830	69
716	52
802	217
747	504
453	282
160	405
666	566
541	29
460	1115
405	45
470	305
769	118
323	651
790	294
592	283
347	290
65	15
838	497
864	71
934	156
932	541
827	343
660	227
561	234
618	15
524	24
763	1
697	591
545	413
1	94
246	1028
838	7
186	269
11	357
101	278
798	480
916	546
311	131
280	1112
623	194
629	729
655	466
488	486
197	2
815	193
144	760
381	517
82	197
787	308
868	160
846	382
336	949
467	246
586	186
466	895
519	346
774	520
881	498
541	402
721	174
896	425
490	151
343	735
205	286
919	282
500	735
451	243
374	779
565	713
545	132
850	300
276	392
399	226
8	55
918	792
660	135
589	259
524	221
684	238
158	284
510	457
533	284
843	194
555	301
505	125
96	174
97	23
500	1048
303	381
665	202
534	986
688	359
265	756
625	134
907	15
271	690
561	1015
269	58
435	15
378	1074
455	258
878	509
588	969
177	258
488	493
754	459
16	502
466	882
496	921
588	125
514	1014
498	234
796	491
896	274
616	328
851	553
645	32
887	204
833	819
382	122
326	491
458	12
454	661
311	121
149	313
90	491
916	232
521	405
403	127
436	655
433	657
496	660
795	182
889	533
128	692
899	239
405	674
455	270
753	515
846	484
868	200
916	461
385	488
640	926
833	202
553	22
721	107
18	197
934	516
295	121
500	258
519	349
222	693
759	222
848	708
216	313
496	417
490	1012
887	1239
654	87
313	636
467	124
471	8
753	69
938	7
118	172
758	820
446	322
747	7
750	330
682	235
393	411
806	121
219	936
330	479
201	346
774	175
308	1074
268	456
882	28
532	132
864	349
531	332
71	257
159	1258
916	182
708	283
937	301
653	702
11	239
659	708
374	620
597	15
92	149
654	168
527	286
776	95
610	275
320	82
506	90
654	255
429	4
927	826
747	502
629	199
804	132
328	744
244	1028
756	258
396	823
706	325
422	271
429	210
747	997
542	386
373	95
324	749
886	631
932	708
537	98
523	67
697	7
7	527
416	469
655	736
436	288
13	690
851	1254
60	9
805	175
608	268
618	9
486	111
826	181
95	399
497	372
916	557
897	510
642	21
872	300
798	378
23	294
686	180
425	1
399	628
562	230
361	443
332	982
758	196
543	238
374	227
897	660
727	1224
638	403
451	319
846	660
716	282
459	993
545	588
407	859
788	70
262	427
504	204
110	215
487	689
584	165
85	1166
453	59
180	367
893	426
583	258
655	1082
518	458
305	166
472	554
887	420
605	1
450	101
474	326
80	64
200	48
727	328
664	71
709	69
659	174
534	273
380	665
165	174
124	154
626	748
827	286
450	471
383	124
707	13
352	431
639	786
526	332
748	200
500	97
194	864
412	186
883	796
301	431
747	111
319	689
911	465
398	474
738	751
14	186
507	302
617	17
614	126
383	514
851	435
851	10
659	70
410	303
676	303
920	286
543	252
497	802
671	356
339	528
336	125
441	288
178	203
574	272
605	601
398	154
880	22
361	176
329	274
875	511
830	385
534	824
621	181
805	197
51	173
293	200
937	864
807	431
536	87
695	903
805	747
653	482
395	515
487	540
262	402
896	1406
798	173
633	1132
941	222
717	1137
389	65
13	22
624	181
786	231
756	1009
533	471
830	226
620	418
655	214
314	41
896	674
350	132
463	950
560	24
694	185
551	276
290	62
405	1065
568	509
56	405
504	723
642	552
668	258
922	68
308	523
101	111
174	87
790	1047
835	609
472	195
864	82
76	514
712	486
279	170
233	192
712	418
425	117
849	421
388	895
13	853
82	238
151	805
677	286
291	800
887	597
58	823
932	890
514	24
456	737
532	312
756	1274
276	1208
764	245
437	663
926	258
878	496
214	93
559	528
536	694
649	252
125	1246
308	708
591	204
682	250
880	357
280	411
623	291
851	833
764	200
308	479
124	144
292	153
650	96
594	15
49	372
13	410
547	333
538	317
312	673
786	127
632	143
400	307
455	64
70	568
13	194
554	274
733	277
710	64
892	81
749	160
643	82
520	100
929	197
921	237
92	91
16	282
459	523
49	91
870	317
586	217
561	19
2	311
917	50
450	187
716	98
624	1048
244	65
160	169
712	1055
92	702
805	866
450	372
527	466
804	949
577	365
268	51
795	91
85	610
399	78
43	581
788	403
416	268
458	469
677	405
749	185
144	690
7	380
695	338
499	181
524	13
255	281
811	289
676	265
647	403
330	202
804	1188
693	382
833	284
406	831
450	195
896	569
323	535
372	5
534	475
521	206
699	127
940	8
494	358
472	258
279	166
878	584
354	9
889	192
463	124
741	582
722	458
295	385
612	477
13	348
556	48
883	385
896	1622
807	528
793	1187
848	509
818	286
187	462
561	231
749	118
500	557
675	235
502	323
650	633
913	131
393	1224
840	213
565	10
904	288
862	657
429	248
718	750
805	273
181	1321
846	486
429	671
430	181
782	1315
741	134
440	340
294	881
363	566
743	258
601	429
327	245
748	408
655	82
823	87
394	549
342	716
642	625
239	589
654	1283
599	988
805	174
599	888
883	1121
631	301
504	655
711	969
435	841
85	428
365	100
716	275
437	155
293	111
552	826
630	300
906	475
379	56
768	248
420	270
693	1135
556	340
222	90
290	168
119	56
588	354
567	56
90	474
659	176
521	743
882	132
758	488
758	419
758	517
279	1012
645	46
296	259
899	367
846	796
293	232
470	222
459	336
716	142
703	742
391	100
234	887
269	121
115	240
791	286
360	199
221	1267
354	50
447	147
94	365
716	826
821	763
286	761
481	692
934	436
488	69
62	97
6	531
91	474
437	727
534	825
8	174
846	193
243	1148
460	304
774	548
533	462
334	1426
38	447
87	252
577	425
249	69
313	152
758	212
422	1
485	319
505	300
524	410
655	23
406	275
332	294
639	865
429	514
450	869
541	1074
550	846
409	466
700	531
213	185
42	720
459	651
456	743
551	1518
885	117
682	549
339	735
435	890
469	855
200	188
429	179
378	606
343	77
402	204
267	498
671	742
334	886
159	25
497	67
251	64
632	28
846	601
763	85
592	13
363	699
174	433
429	479
371	77
46	93
405	954
425	895
879	50
505	491
535	507
929	172
656	312
449	936
219	433
474	23
899	403
406	724
835	654
279	131
770	275
632	1183
331	1141
870	655
697	336
435	216
185	9
881	456
668	300
666	519
144	500
222	176
733	237
442	1074
719	468
807	588
167	240
756	88
1	245
326	378
151	466
922	579
524	530
793	222
316	304
263	527
254	210
347	237
435	294
864	1047
716	153
899	71
715	252
756	383
653	177
880	172
782	1394
396	323
389	835
749	181
381	344
95	188
733	293
864	474
877	70
659	96
422	567
447	12
451	270
435	797
524	222
894	595
387	473
625	4
7	506
662	515
556	520
426	836
693	97
455	125
638	96
476	451
848	732
711	277
655	649
671	578
561	559
25	265
826	501
11	213
526	313
4	359
378	1042
630	934
145	789
684	1301
920	333
787	328
256	1051
83	259
886	12
468	238
666	518
293	100
211	205
881	49
327	327
327	403
936	405
812	245
840	1266
232	186
678	111
449	15
496	1139
621	180
627	135
301	265
168	473
370	172
847	1012
894	1315
508	528
334	186
249	144
747	604
429	1218
715	117
725	286
474	200
904	173
343	22
833	831
545	77
659	489
188	568
393	111
417	210
936	285
397	268
719	423
655	1018
263	543
500	727
189	501
234	1075
486	251
487	586
749	393
69	79
712	395
862	568
334	28
269	496
452	792
786	1
915	304
666	1266
913	222
864	781
384	286
577	265
863	683
197	82
401	482
559	393
244	28
505	154
886	1073
385	1449
796	488
682	625
868	367
884	9
62	431
885	7
697	546
495	441
585	60
171	304
823	419
411	8
592	1014
291	1209
548	55
497	1052
716	425
682	71
588	121
933	210
618	609
372	273
95	70
708	125
62	582
516	169
922	161
374	282
451	326
573	1012
729	288
466	144
435	76
920	300
234	602
279	421
378	951
637	118
553	657
795	564
658	433
586	187
479	340
394	940
595	475
523	582
407	657
328	385
502	890
457	623
898	324
554	1046
444	100
450	82
934	228
271	526
796	549
851	924
457	70
267	128
573	495
454	286
167	184
551	673
717	127
846	432
38	1031
348	291
305	475
825	1011
42	1047
330	989
267	68
389	118
497	472
797	50
796	112
655	291
849	427
32	268
499	194
474	48
373	217
159	742
264	873
345	655
218	173
434	763
788	73
451	335
37	405
28	117
799	258
639	357
618	318
493	117
823	459
916	235
197	11
250	984
406	144
796	243
201	160
234	656
852	122
293	203
758	121
360	100
239	116
716	162
178	200
770	929
61	748
798	1517
521	228
615	1128
393	559
711	731
506	434
692	294
474	448
311	76
721	172
244	763
305	285
622	386
351	343
285	222
95	708
479	182
354	171
880	790
453	367
901	756
275	448
874	182
355	682
402	15
224	689
468	1134
681	539
495	84
868	232
86	1176
751	704
714	289
815	675
867	68
752	316
450	501
886	943
243	246
758	567
698	187
374	31
913	729
747	606
533	265
342	1014
416	339
495	770
457	469
455	53
70	559
881	222
334	171
512	56
7	592
269	1397
16	202
764	99
18	168
220	340
747	507
773	100
321	499
693	222
479	328
493	79
798	1503
405	61
59	762
44	133
642	969
509	310
863	1680
299	118
442	144
670	144
653	199
454	606
125	209
41	97
293	497
489	1613
267	944
574	262
839	813
938	105
119	137
401	83
753	269
875	187
474	192
58	238
655	1153
417	640
395	237
62	222
927	456
673	327
880	554
97	408
406	56
480	172
676	193
682	562
648	238
354	1085
637	931
393	999
380	582
854	125
486	846
101	1028
217	62
35	876
835	234
126	353
561	117
934	56
328	227
557	325
804	588
887	140
834	515
862	60
293	67
551	98
891	118
197	879
447	96
911	431
795	135
484	399
299	213
825	285
450	211
712	944
406	806
877	302
607	213
10	525
716	729
537	209
936	340
236	304
567	96
943	9
846	1066
457	640
194	8
63	480
497	79
834	100
877	207
541	678
592	242
880	298
621	100
389	132
104	246
276	1267
452	1427
409	206
868	475
919	372
244	114
422	248
200	423
798	21
712	63
719	121
474	99
334	882
58	732
385	185
176	7
589	288
932	56
802	184
488	751
426	134
114	474
385	231
215	23
593	553
877	61
887	1
237	489
823	217
665	222
763	151
871	121
911	173
168	845
776	355
542	384
421	89
544	323
454	602
592	243
327	178
339	64
474	230
848	151
334	1226
94	939
862	742
518	1028
882	526
484	151
840	89
603	21
264	367
871	202
43	479
608	144
495	1263
682	51
855	638
299	202
566	763
178	588
786	381
69	246
542	411
58	1008
615	707
537	275
535	301
328	549
194	29
496	554
115	100
627	1135
481	1039
652	300
608	195
535	59
235	429
692	763
809	333
892	168
933	202
343	72
861	736
409	945
474	789
671	241
184	216
549	866
796	568
532	1337
843	62
295	1050
312	166
693	12
64	591
643	233
357	595
650	432
450	661
487	426
527	87
840	489
930	410
654	336
707	1018
851	410
262	1135
727	546
405	313
391	772
889	866
389	663
527	144
524	823
883	199
244	121
46	748
487	43
700	174
17	222
487	411
649	15
6	472
861	949
7	665
416	491
367	563
450	39
727	465
627	56
667	461
844	13
246	413
589	332
378	71
487	803
398	591
608	694
933	95
397	340
628	294
268	831
607	475
479	22
151	531
654	596
782	539
453	42
796	132
48	529
207	293
551	205
600	174
472	561
751	382
883	20
693	1232
379	306
880	636
633	581
158	83
184	399
880	238
144	4
872	117
930	1315
364	948
145	412
699	321
64	389
499	430
745	12
655	1436
678	287
894	689
608	660
174	65
603	288
504	404
318	898
314	775
851	564
668	283
354	98
642	216
763	25
459	259
712	404
303	588
894	531
853	682
660	219
76	318
174	1282
871	310
234	520
486	1589
320	89
357	1
816	322
712	732
745	28
896	481
519	268
452	521
632	679
796	716
293	402
144	1226
126	303
497	90
232	250
533	739
605	111
457	288
66	50
650	514
593	234
472	28
117	144
448	896
650	218
65	378
660	186
844	121
447	435
72	405
151	628
747	1142
560	281
839	257
514	306
699	749
173	332
715	591
303	550
892	1219
653	56
230	28
896	211
627	566
466	95
328	333
21	748
245	717
804	39
713	315
715	746
943	196
32	455
514	97
456	789
450	448
890	132
561	614
551	640
316	730
426	617
680	276
303	298
13	227
381	79
450	478
339	433
854	14
443	948
537	922
44	121
71	744
924	1036
204	12
450	81
409	23
796	1042
436	204
180	40
162	28
291	22
926	292
497	182
586	153
144	1013
643	571
621	123
201	806
308	230
385	654
83	4
815	671
267	12
421	879
749	405
561	616
160	325
650	420
825	100
64	209
559	204
42	523
796	517
659	216
645	430
804	175
579	202
927	230
500	552
851	828
551	292
920	313
197	373
316	651
796	301
416	147
588	1074
184	65
587	292
633	176
54	288
699	124
420	753
757	222
837	535
592	109
374	278
666	97
425	27
60	215
429	780
692	1054
118	135
328	1483
586	379
886	623
409	1073
209	1
727	274
445	1601
666	169
399	382
798	451
503	14
881	477
712	731
87	801
22	385
747	215
305	686
639	512
592	461
515	288
455	2
328	595
234	28
767	98
655	1529
131	293
296	23
883	256
913	742
5	226
833	227
95	356
286	742
585	212
532	833
222	1060
506	873
64	10
731	168
297	752
234	1044
276	1118
478	153
293	234
318	132
393	572
478	145
383	135
222	506
497	940
342	238
181	287
682	367
455	455
587	681
606	435
749	378
559	385
751	591
387	265
455	300
549	282
122	86
622	578
504	567
433	474
899	194
868	230
280	9
463	1377
201	233
431	327
32	240
664	627
383	604
788	183
85	100
458	969
198	423
440	242
160	202
805	94
452	479
598	292
833	52
854	258
470	284
923	273
466	885
507	750
467	127
535	215
501	979
371	523
862	498
710	79
886	781
881	1133
854	979
796	880
622	1552
436	595
727	371
708	269
655	1648
437	473
611	882
931	1022
864	1033
500	298
276	658
70	264
437	30
470	952
532	354
727	1035
618	151
303	1145
870	699
467	268
239	753
830	87
330	67
405	1232
592	169
255	546
867	657
566	166
144	244
739	216
887	218
880	1049
650	378
508	150
16	367
478	50
894	9
500	714
127	50
114	224
865	302
840	654
851	676
194	179
733	282
293	222
785	195
221	809
695	346
279	219
82	475
617	647
776	438
897	1219
846	469
697	25
846	674
345	464
497	202
10	116
679	484
313	588
881	89
312	154
447	290
392	114
640	761
417	58
371	265
234	1101
579	269
621	890
406	504
786	86
201	145
894	740
640	391
373	131
536	215
807	550
655	739
761	127
104	845
892	477
442	943
586	628
933	218
774	866
108	284
452	945
937	275
72	526
736	323
193	715
902	754
757	53
110	576
201	733
828	1622
751	96
537	96
301	155
521	402
727	1446
718	820
878	202
429	756
514	425
423	696
698	603
646	300
625	428
500	781
279	413
603	22
59	756
194	604
193	333
919	258
49	235
637	717
130	1210
883	313
543	118
908	525
80	237
145	9
916	170
416	103
527	175
709	89
648	151
251	151
802	379
465	109
638	515
655	1466
400	294
100	908
764	278
402	222
896	810
320	825
405	375
479	157
745	515
95	197
648	22
387	191
848	42
532	402
935	1
518	280
22	181
363	168
409	854
650	429
747	315
94	80
823	428
655	939
301	409
711	485
655	1069
882	185
566	289
675	509
853	292
773	171
655	1475
793	122
548	924
390	13
697	713
886	939
184	651
716	423
925	219
458	21
897	410
785	886
788	510
455	504
332	105
705	15
97	205
450	432
504	934
151	761
436	1227
587	294
244	58
823	17
550	405
919	25
622	233
846	615
325	737
487	111
862	650
541	274
807	1063
711	313
883	135
504	234
715	181
349	276
453	120
745	285
758	433
904	1152
571	604
881	465
916	844
776	109
654	1165
881	322
345	66
280	452
40	328
653	510
545	563
494	143
286	818
868	218
295	416
798	1283
532	352
465	179
533	282
405	1423
862	658
699	273
567	191
368	100
690	51
318	732
295	134
483	275
927	738
682	255
436	216
699	413
25	527
436	348
653	1046
566	15
533	591
435	479
468	56
65	238
630	820
222	806
864	96
578	250
419	617
393	823
234	1369
923	713
484	449
883	241
796	809
782	347
872	974
734	479
560	1014
437	709
658	654
486	319
568	923
918	1639
878	275
181	845
693	196
593	1028
698	499
370	423
184	480
658	429
211	457
839	742
807	1133
211	890
868	95
916	195
544	328
377	168
591	235
798	932
615	683
655	165
276	402
707	719
643	663
423	823
846	95
435	127
724	880
394	541
187	209
453	424
343	963
848	588
786	69
7	434
892	429
735	127
904	289
655	61
654	252
472	132
756	588
943	412
160	237
472	252
456	4
7	586
585	83
567	212
318	255
293	411
927	402
141	333
184	529
387	91
429	1018
485	330
121	100
198	871
116	511
323	933
744	482
802	323
363	201
425	912
833	1181
6	505
417	178
378	709
749	203
763	625
790	196
537	980
833	550
455	463
551	447
758	171
747	462
479	238
487	232
459	111
447	293
238	538
421	7
110	364
610	315
484	56
480	8
843	440
499	483
125	109
160	293
374	82
168	300
561	170
727	1244
407	180
854	291
222	150
314	1014
782	1615
299	432
548	460
117	423
934	96
74	307
715	125
693	611
550	259
913	172
301	217
565	381
324	123
437	172
542	655
537	82
408	751
868	155
276	95
693	289
719	378
406	1147
280	111
512	186
942	479
748	153
43	418
76	24
896	96
368	127
840	66
943	228
916	527
42	926
138	518
537	699
805	1110
869	237
587	1625
38	451
525	111
429	708
494	322
897	651
747	88
474	193
776	442
618	88
406	64
342	135
684	365
550	688
2	111
295	56
94	183
643	49
727	188
474	519
401	483
588	286
663	274
484	226
896	39
194	580
453	412
575	357
393	1270
167	99
553	482
736	515
308	504
739	100
436	553
15	934
653	941
637	1284
416	739
415	204
892	90
59	168
74	300
655	770
3	320
197	4
144	15
890	153
95	779
328	89
214	496
385	693
574	332
294	121
269	428
425	96
267	108
435	73
207	483
72	77
175	100
488	28
95	781
651	127
648	484
391	205
246	257
922	229
508	181
650	228
682	128
629	292
152	143
579	168
374	741
293	468
883	257
291	940
537	511
577	11
872	237
412	169
506	85
758	58
453	797
432	151
535	848
851	527
421	525
95	405
826	260
504	96
766	633
234	527
453	655
648	816
592	268
483	109
291	573
679	174
70	222
480	79
560	181
667	79
658	477
137	181
496	191
805	716
761	742
798	259
378	167
934	210
474	510
318	393
900	288
716	211
568	319
332	369
535	165
615	735
862	357
532	739
497	840
885	278
921	659
660	1065
151	132
600	89
504	417
792	476
407	162
543	195
399	47
487	809
456	286
218	39
790	168
395	286
894	198
804	49
592	8
693	506
694	163
655	1644
188	259
540	258
405	1042
250	259
435	781
429	1
394	128
751	332
308	942
733	273
442	2
387	665
269	821
796	1217
883	580
828	26
455	692
438	300
683	347
516	515
532	242
486	471
145	825
762	709
916	1682
871	50
672	1028
809	302
100	874
534	823
627	553
94	368
222	271
527	168
71	98
764	77
521	829
913	181
385	496
619	685
492	699
346	120
178	111
621	748
411	222
399	496
833	435
361	430
844	405
501	544
577	582
256	265
134	269
879	117
489	322
894	471
423	546
919	261
279	591
568	187
738	222
551	318
291	50
566	742
76	1159
276	763
870	216
227	285
56	117
561	176
521	182
776	23
673	323
659	13
282	262
604	234
653	290
844	90
877	1402
709	554
943	28
504	400
618	477
156	510
85	478
796	143
537	921
792	596
919	70
303	117
576	435
709	5
406	173
551	365
489	892
92	210
43	73
625	91
820	347
805	664
690	716
615	259
339	205
411	258
852	1615
328	121
889	129
120	827
403	472
514	172
216	943
399	96
457	117
889	155
409	530
376	268
353	333
276	428
613	576
758	506
880	111
102	751
497	655
659	210
709	82
518	10
854	25
457	185
896	554
73	213
174	88
624	323
454	66
860	339
886	657
453	257
442	228
145	312
854	479
389	152
837	950
351	300
134	294
481	524
877	955
293	549
559	182
246	941
787	302
835	204
916	382
65	194
31	811
6	298
792	926
381	640
56	403
410	347
342	98
918	208
508	209
185	302
846	528
922	98
823	180
835	509
342	433
714	323
85	345
632	195
110	88
870	255
907	1163
265	240
298	121
314	8
733	1067
207	1028
648	234
442	769
496	42
588	313
840	945
305	505
771	462
493	475
276	739
705	932
796	193
13	448
247	300
128	197
648	172
262	699
269	255
881	282
88	308
938	929
303	77
825	409
766	127
77	98
833	122
163	357
100	272
636	222
407	371
288	1358
298	603
476	70
712	50
620	674
425	831
595	368
524	213
867	1608
860	344
60	755
489	908
264	1355
424	294
369	196
114	168
727	198
174	648
916	91
234	137
201	179
643	23
716	22
534	117
452	163
407	650
894	313
301	271
846	728
339	134
655	1012
877	340
627	226
216	318
640	134
854	735
442	17
655	547
125	1270
727	423
486	25
627	180
91	568
234	279
24	237
927	91
450	433
803	538
560	1265
711	240
244	1467
339	484
726	833
201	567
623	66
320	800
63	137
637	676
96	486
634	934
406	420
116	326
122	357
462	288
648	204
506	88
919	787
123	435
479	474
151	1098
318	722
627	69
474	481
249	173
664	118
503	479
393	825
455	591
719	294
222	219
610	427
430	9
405	429
88	354
278	245
868	427
493	25
592	885
796	147
234	11
503	607
187	736
632	2
506	529
559	566
425	11
768	310
420	319
850	659
655	27
936	1008
407	400
601	118
425	546
269	239
401	203
216	747
913	127
276	627
919	112
405	794
248	172
488	258
25	657
326	609
455	173
551	393
911	93
286	747
721	69
428	294
454	478
54	295
690	70
535	237
680	1089
403	282
42	58
505	123
872	313
901	1620
840	185
840	179
271	4
591	283
533	72
917	476
551	340
249	1011
102	288
805	1629
655	116
588	82
121	237
18	392
716	50
311	91
655	280
159	597
551	458
290	109
872	106
605	508
584	227
64	197
201	76
587	989
897	951
901	443
653	333
345	1053
405	1209
764	696
474	1050
313	663
450	153
452	1410
452	515
487	294
181	1137
648	121
595	282
500	462
899	95
804	1028
608	310
921	929
561	379
551	1051
403	257
895	1
221	184
436	102
704	611
600	79
75	129
632	11
838	223
852	127
295	95
486	299
747	521
619	257
13	478
539	527
73	154
201	1
796	200
758	11
480	185
741	696
416	249
406	158
642	1473
94	317
521	385
592	223
331	1194
804	755
148	173
456	1551
32	405
293	482
487	768
478	111
817	1
407	455
758	568
595	222
184	664
421	79
405	854
927	227
655	568
424	681
450	761
931	127
838	87
843	431
286	82
379	62
787	269
889	39
602	181
470	125
650	79
536	62
916	250
869	116
535	9
409	1524
505	227
269	502
840	157
661	165
804	184
518	471
933	98
389	210
311	479
360	83
221	358
99	433
193	72
660	483
704	135
922	15
537	483
555	505
761	508
833	206
445	546
862	257
930	45
328	809
894	179
119	1166
938	926
833	144
207	284
568	606
883	151
868	174
311	494
910	3
554	288
889	262
506	611
528	423
442	1098
394	12
527	508
178	1038
693	378
308	11
835	612
727	89
939	15
694	671
458	582
690	167
652	333
805	383
387	178
373	132
312	83
924	114
337	151
668	323
416	1441
643	129
841	689
201	217
341	299
671	554
366	288
358	65
298	604
606	50
582	268
166	243
929	271
327	644
561	523
234	942
498	175
498	181
6	137
168	291
524	204
692	523
76	203
883	1065
465	868
694	98
833	854
896	1
398	523
555	118
907	689
428	268
59	436
524	70
804	139
537	1019
393	272
487	197
536	511
752	315
338	525
332	756
897	368
343	747
665	307
826	1409
703	181
711	1074
481	283
712	451
630	930
275	1
194	1044
870	1134
549	620
363	172
716	218
919	288
870	276
460	276
704	210
429	1079
639	514
627	210
830	449
846	48
543	474
417	804
566	395
844	222
535	276
665	65
729	346
711	1285
49	1074
197	183
862	98
655	1418
327	484
538	89
399	291
200	748
942	318
731	192
194	402
119	271
485	301
83	739
537	772
453	402
287	50
908	173
889	42
638	144
271	603
253	125
42	87
380	382
407	209
852	118
138	513
458	338
305	196
389	602
468	160
880	1215
864	1
830	71
646	304
213	70
621	4
820	315
222	1079
661	180
495	576
442	591
363	73
610	477
40	337
655	19
18	956
568	638
178	298
90	18
361	202
435	834
665	660
367	302
459	619
532	1046
224	365
379	94
389	568
639	275
622	367
682	573
659	195
890	603
308	171
803	243
193	826
344	118
416	77
435	1109
653	286
519	879
334	193
481	1089
660	259
682	619
905	237
309	304
782	1173
817	7
337	380
786	125
852	969
921	410
488	196
655	410
133	300
835	632
223	535
529	322
883	945
130	77
686	969
665	699
600	176
303	171
912	616
860	202
795	577
504	717
109	542
806	76
627	281
453	591
416	183
110	184
647	298
770	257
445	272
425	443
506	33
442	67
934	183
771	137
807	610
642	596
911	215
82	175
863	271
392	604
504	440
804	841
99	290
87	13
601	99
311	79
174	623
896	91
757	235
747	530
293	165
847	742
210	657
707	506
234	1039
445	221
291	173
860	257
811	988
796	578
276	44
823	517
593	204
634	283
831	129
854	744
846	491
103	250
394	156
379	158
223	866
608	100
561	238
110	947
320	550
493	22
301	42
875	327
660	746
823	866
452	14
650	174
87	783
354	676
763	11
416	164
913	462
354	747
465	481
892	601
717	147
847	499
804	177
648	94
24	727
411	318
591	172
328	167
591	237
868	145
693	604
593	845
251	685
181	122
259	1135
474	286
894	511
716	514
748	193
705	225
267	1240
622	98
932	45
825	1008
567	613
456	1421
151	118
487	249
60	496
542	1
577	317
409	1328
606	91
464	332
745	64
892	99
343	3
491	129
454	73
881	514
486	766
770	875
181	1358
7	593
878	170
639	216
429	786
387	969
592	589
71	52
463	243
586	742
537	50
883	519
453	763
311	423
346	944
457	197
864	672
450	373
592	705
291	1012
401	678
805	550
666	191
727	258
650	1474
8	11
521	496
327	232
417	340
596	289
383	134
95	180
184	654
342	123
664	268
250	258
758	154
759	323
378	928
110	1247
896	566
618	77
455	197
674	121
716	559
751	300
811	321
406	98
620	145
887	258
650	823
870	693
391	301
99	313
524	704
852	121
475	302
130	96
110	739
721	204
405	573
713	347
741	77
540	220
659	739
916	252
833	428
579	88
672	874
615	187
429	652
871	172
882	4
783	343
294	313
650	498
532	215
495	225
373	1228
880	550
406	727
707	1113
567	484
718	240
625	22
655	302
608	321
578	380
276	193
130	392
790	391
932	1456
87	1177
908	127
261	596
642	1030
798	174
840	747
524	127
450	474
523	722
128	490
469	134
293	182
715	174
21	990
655	239
435	321
201	1170
795	240
864	562
354	811
44	157
897	443
536	8
533	845
435	69
934	648
889	684
749	521
938	841
588	318
399	551
183	1090
7	318
748	168
766	433
416	326
551	566
654	8
561	507
381	14
405	75
166	751
1	217
599	280
617	573
727	235
535	25
805	527
373	856
589	338
529	326
655	658
303	283
907	97
405	556
745	1126
489	1238
716	482
246	235
642	220
783	880
924	527
387	428
664	845
815	1133
502	895
780	79
654	332
474	604
18	529
448	340
308	71
569	676
307	736
620	975
880	11
738	470
911	1203
181	546
234	1205
561	1069
682	801
195	1413
152	739
630	325
212	318
807	1050
532	226
95	419
299	399
653	88
218	183
207	423
655	1137
712	294
314	117
551	288
174	384
716	481
268	1188
181	1079
641	242
663	1067
349	696
406	655
836	750
615	262
308	485
860	311
272	96
798	423
345	148
607	462
727	248
870	51
85	52
684	401
399	399
48	269
868	161
542	89
379	227
655	257
429	412
394	226
228	137
798	95
643	665
846	52
708	597
540	1016
307	132
185	50
833	324
269	132
718	222
316	673
592	144
354	216
894	960
524	1093
297	690
884	713
664	659
178	153
727	105
447	83
294	410
234	989
109	735
109	211
381	16
882	1052
480	642
189	503
399	203
682	67
788	29
175	98
653	79
49	789
663	628
503	133
508	357
694	72
508	196
56	1028
373	150
299	288
474	151
374	558
758	105
244	281
716	95
393	652
409	127
57	15
496	1157
643	200
660	1110
394	928
825	924
671	379
724	304
625	202
238	405
82	3
587	682
428	272
567	173
450	1107
707	381
666	186
661	408
638	211
682	258
640	184
457	56
311	614
543	47
452	164
197	751
487	66
22	265
402	245
268	1413
875	174
363	264
181	833
554	8
916	537
913	42
577	1336
734	56
287	546
314	257
17	269
378	509
778	230
437	946
818	346
846	441
587	937
299	55
235	195
727	98
256	118
234	106
435	826
880	363
334	42
475	315
802	176
887	111
536	596
737	127
900	129
405	1529
694	510
664	175
267	159
346	431
409	180
925	876
437	151
654	742
342	276
530	191
336	204
933	1
218	175
659	269
745	936
223	309
536	405
907	50
515	292
676	483
251	210
459	866
213	502
367	218
642	186
880	386
262	169
855	170
429	25
194	762
326	648
24	223
807	622
648	1033
933	636
653	823
406	193
582	124
807	173
889	235
585	207
151	418
788	284
880	728
22	449
457	12
85	845
521	240
778	238
484	239
873	348
673	302
428	245
623	275
303	419
707	869
393	81
521	751
755	259
777	9
846	1267
487	333
643	249
762	875
560	197
715	268
932	1573
508	655
343	496
848	357
487	392
92	268
487	405
892	213
622	41
837	25
918	153
508	230
800	50
7	595
307	228
622	553
64	275
934	208
328	318
788	570
13	760
640	346
474	136
807	679
25	121
659	486
523	866
749	223
151	462
642	217
452	1013
707	467
804	152
760	300
890	101
643	268
18	213
254	118
13	835
838	480
805	1
454	357
513	117
796	742
588	94
174	155
922	699
777	286
276	825
537	709
892	228
167	241
613	194
485	889
560	480
375	939
834	343
417	257
201	665
897	238
102	771
94	518
816	687
880	619
405	877
405	707
452	73
270	60
49	367
883	7
131	248
250	475
847	1172
254	1469
303	586
576	815
40	302
207	1272
90	156
407	479
904	255
405	939
643	72
287	9
882	932
774	44
411	229
222	72
394	742
357	472
727	933
763	212
495	167
514	658
834	405
298	393
330	729
782	1279
642	585
600	578
11	405
796	281
128	507
537	956
56	1035
708	258
916	506
52	333
812	358
140	303
796	269
663	696
695	343
828	301
125	659
113	116
347	977
119	826
660	1615
366	53
109	156
256	815
293	25
758	81
698	257
924	849
273	272
925	327
425	576
715	27
345	150
18	8
834	307
334	582
96	7
932	228
7	529
152	1035
181	977
751	1661
404	245
595	288
665	1048
95	433
835	313
294	332
734	419
479	304
852	257
458	273
506	196
305	566
654	146
327	86
851	818
451	749
916	155
365	352
592	312
615	211
738	144
339	53
409	481
406	699
846	80
862	135
35	300
271	474
413	250
753	182
115	83
642	393
891	1040
831	270
174	126
896	54
724	329
896	216
495	403
843	174
524	143
435	49
262	172
447	181
724	242
5	99
838	311
648	82
190	823
243	458
851	92
690	8
230	451
642	974
389	954
145	1047
543	200
661	168
870	673
18	492
500	133
709	738
339	7
909	707
829	582
833	1353
699	1057
524	1184
694	419
538	210
685	334
787	307
253	427
280	176
749	105
307	70
919	116
883	553
624	833
328	38
795	97
495	204
405	185
846	787
711	1190
398	712
705	282
459	1016
101	1
846	511
709	762
537	778
842	272
425	823
474	22
867	524
503	280
94	642
870	47
840	187
519	1434
603	1483
322	603
402	181
91	495
378	1168
576	275
737	169
880	65
551	88
393	1337
693	216
201	29
933	239
13	239
489	263
563	70
886	239
624	327
387	430
880	176
344	1014
699	137
621	40
551	950
456	188
766	72
417	778
642	624
389	674
853	322
130	471
796	153
707	505
385	1160
887	109
846	426
399	769
308	403
109	53
385	486
249	318
26	313
305	300
743	15
543	29
334	629
580	151
536	22
457	304
462	895
577	188
901	144
429	457
645	69
442	117
487	128
801	300
6	22
487	94
846	217
722	148
450	145
379	447
862	168
43	82
774	655
459	286
796	86
870	713
534	456
600	27
788	639
152	781
498	558
503	183
150	324
359	748
847	1400
690	240
374	963
83	846
796	564
915	691
468	471
94	219
680	25
753	483
932	606
593	977
731	462
715	276
533	10
862	214
910	210
684	596
13	216
298	402
698	214
8	177
201	773
650	504
412	211
703	300
851	298
782	325
199	323
412	431
829	319
389	965
736	324
928	877
942	216
416	13
301	69
27	286
919	477
13	569
500	483
561	179
524	228
533	479
504	1133
943	808
648	386
848	69
399	1184
679	751
411	655
934	661
749	843
918	86
566	707
230	431
562	148
235	655
500	514
626	264
406	634
70	172
514	1074
629	331
197	802
296	659
694	660
620	294
883	4
864	423
643	1016
456	505
368	53
357	412
279	321
367	413
708	50
498	337
653	765
711	488
541	755
279	976
215	99
143	307
699	523
916	535
578	1098
707	1628
880	692
457	448
930	756
833	826
25	430
537	923
932	154
102	684
75	988
291	96
899	180
18	707
281	294
98	502
846	1118
305	315
401	509
42	181
629	241
852	252
484	419
455	393
60	185
345	9
880	147
886	483
833	673
445	343
442	181
823	631
637	741
889	252
504	69
715	195
861	740
529	873
313	147
735	1
478	946
157	1244
279	864
622	169
458	530
766	423
686	527
299	813
561	217
269	53
643	50
658	724
640	53
850	79
151	173
618	720
930	8
416	300
627	92
387	1537
880	820
543	15
709	11
738	204
445	405
102	235
551	280
846	184
887	121
541	376
387	277
471	50
712	842
486	926
206	1432
474	111
684	483
429	411
577	241
593	744
601	418
346	7
21	980
626	324
700	423
144	20
215	54
405	1267
491	284
393	627
274	846
694	127
406	692
720	242
92	322
268	56
339	222
888	69
851	717
548	326
308	1140
525	237
222	537
880	823
409	195
18	435
768	471
469	215
917	282
536	135
610	133
451	873
627	471
273	313
790	401
804	105
879	125
593	9
572	121
430	152
405	1480
472	365
442	188
417	399
293	285
586	257
463	1132
496	96
798	155
661	210
813	750
429	999
244	1057
519	339
618	8
314	1041
417	1232
222	845
669	246
280	751
854	273
606	82
731	427
130	939
707	473
744	188
867	69
15	252
666	11
101	255
344	372
537	495
524	614
532	1407
389	506
348	685
449	593
848	478
303	88
102	38
533	25
234	418
109	151
622	153
457	200
128	168
574	269
286	734
94	1007
535	30
6	127
221	399
770	282
22	988
327	527
258	333
326	608
682	447
740	302
495	147
825	325
363	1157
555	319
90	141
709	7
746	281
643	969
495	211
391	482
460	149
482	269
435	228
801	245
599	1152
244	193
58	501
690	993
13	204
314	946
472	216
379	163
385	346
916	1046
887	633
194	194
447	282
883	694
541	843
712	955
589	323
527	124
822	189
754	307
43	169
469	495
66	294
567	589
268	449
256	225
450	807
450	332
588	31
532	559
347	4
299	129
405	643
761	294
128	742
169	538
933	866
802	573
495	1245
760	120
532	127
372	333
3	333
536	603
533	221
738	22
679	290
622	474
880	1185
599	274
867	300
508	82
846	270
381	150
606	969
430	515
864	729
423	327
334	98
152	783
650	528
435	685
863	294
59	392
343	1073
619	121
405	671
788	549
171	354
537	299
681	898
13	370
881	588
290	483
474	736
18	781
901	140
57	109
452	1204
776	181
844	99
771	50
514	176
919	596
761	326
457	209
668	367
49	240
13	671
892	432
577	172
621	926
664	228
435	40
211	423
938	1013
833	504
201	473
913	430
472	1210
350	654
545	810
506	1014
23	856
577	795
851	1014
256	986
881	728
624	285
612	25
198	69
931	459
77	156
406	72
918	520
867	12
65	356
579	204
798	1337
781	195
145	742
181	1337
125	687
856	289
394	385
632	81
916	233
718	975
932	755
406	657
752	347
326	507
311	392
567	1
892	417
749	480
658	168
751	313
896	1183
508	223
38	405
393	905
447	760
817	831
424	243
622	185
449	1195
749	292
488	168
882	988
551	22
783	333
533	449
526	754
659	127
802	299
506	86
500	1008
650	195
653	230
751	270
790	825
624	248
623	202
416	367
903	50
556	243
345	56
524	192
504	629
392	1258
13	406
311	498
435	845
48	647
527	615
630	465
783	330
105	271
752	326
943	739
73	289
806	177
551	268
279	1402
344	494
466	300
875	462
13	763
503	684
120	118
160	192
391	696
417	171
870	690
405	1545
363	393
286	819
116	532
639	387
599	748
805	642
422	219
58	491
547	258
13	572
933	453
640	1016
540	245
874	311
896	1098
94	1118
131	813
699	1068
334	246
276	332
655	729
870	194
854	604
453	1145
176	1097
875	288
567	1252
927	449
560	268
896	358
528	541
554	582
650	187
459	696
593	40
601	258
524	96
565	730
508	710
276	820
916	1206
830	790
854	358
21	988
465	1
668	895
561	660
18	111
323	294
696	286
417	385
13	403
8	243
280	140
360	651
823	143
497	743
314	433
877	288
342	248
798	283
26	323
393	808
642	254
537	1065
398	796
811	307
325	210
794	751
94	679
378	468
521	151
201	212
785	269
276	720
881	183
532	818
123	197
627	193
658	137
66	127
762	421
244	357
101	288
314	216
936	268
249	568
288	216
896	200
13	655
393	871
774	273
181	847
49	477
234	185
466	902
902	318
600	231
18	242
535	423
622	277
749	291
577	1035
468	174
916	704
383	736
437	672
562	141
239	91
96	83
711	735
916	735
452	76
871	147
804	134
608	317
919	313
881	136
897	205
826	29
7	135
650	472
23	116
332	1315
457	169
614	7
398	589
187	423
255	447
524	22
399	91
795	47
830	510
606	250
749	202
394	172
56	225
44	447
807	576
274	1163
716	222
551	13
712	366
590	546
354	238
613	258
666	135
354	887
352	50
569	100
405	431
158	518
515	315
416	25
291	417
88	313
654	825
361	367
588	220
85	79
751	52
48	1064
833	249
64	98
421	238
346	1011
432	763
304	294
276	721
500	405
360	286
53	156
369	752
13	777
698	507
748	189
407	474
210	393
666	959
655	372
735	124
402	168
524	1454
334	1074
650	71
145	53
660	167
465	528
401	430
886	50
301	1013
505	187
650	450
99	845
507	307
450	750
22	926
422	307
916	462
442	684
648	675
548	245
274	274
201	1103
386	222
896	232
528	193
727	765
602	895
864	542
160	844
943	22
738	393
279	710
234	430
552	455
618	148
405	229
939	476
90	316
325	1
677	748
641	50
786	451
880	628
406	1065
814	672
643	794
500	660
94	132
808	313
679	95
436	50
84	95
749	148
404	879
268	1208
619	809
833	518
234	429
542	648
197	333
538	496
600	530
832	471
354	527
528	203
276	734
545	627
455	241
49	433
758	170
303	7
802	413
605	100
308	513
346	1210
813	271
330	284
65	179
613	530
827	294
616	260
782	1258
916	944
779	117
103	405
486	332
264	26
896	228
731	487
911	638
116	655
886	128
798	1063
361	813
592	9
484	926
733	100
385	144
900	871
286	390
862	174
500	31
119	286
435	402
457	582
655	1171
530	98
479	118
57	111
857	116
825	931
405	341
49	717
221	218
201	435
151	211
332	742
705	230
911	727
41	173
147	750
495	501
907	647
529	310
437	237
571	174
125	728
59	529
545	139
778	219
306	286
915	300
807	1076
567	10
916	164
487	24
271	282
846	585
297	111
496	172
184	632
224	70
671	628
629	162
629	111
845	310
864	559
8	510
435	100
655	781
655	1053
762	815
823	94
643	246
90	151
501	928
222	375
651	292
392	650
770	118
807	428
327	367
870	181
817	327
537	640
878	175
59	87
57	1016
450	405
107	259
666	616
320	568
374	762
755	938
313	79
795	150
380	9
500	1166
487	404
660	238
591	275
429	183
831	31
763	12
919	22
938	258
843	176
881	671
582	473
44	496
727	403
459	258
876	318
680	274
230	427
846	837
787	938
593	775
215	552
363	752
572	300
168	744
661	357
279	176
488	890
615	100
263	622
132	50
588	531
254	403
579	381
227	748
605	15
804	1076
765	10
924	283
802	559
934	771
541	254
551	628
815	132
747	99
37	50
699	308
280	90
547	269
738	191
518	847
200	552
647	202
37	174
367	7
682	779
846	657
272	208
92	54
804	7
213	985
467	117
456	168
721	874
429	616
721	58
128	655
742	591
297	4
450	88
533	19
318	179
796	419
621	176
655	367
311	417
838	286
148	432
276	447
224	744
690	705
837	289
49	154
6	529
221	566
128	174
941	181
38	1032
504	699
921	392
142	268
358	114
694	482
795	1095
435	631
295	143
43	591
540	333
438	245
504	143
339	100
233	91
749	71
679	111
134	1
880	128
42	969
577	132
24	71
173	305
479	651
854	170
224	286
936	1163
843	21
339	185
592	1265
701	304
577	1147
738	269
5	383
690	514
576	100
328	399
276	783
632	194
393	134
851	123
64	847
690	523
222	457
879	25
634	1142
588	729
86	683
267	62
851	328
504	216
864	132
548	748
843	208
843	133
486	285
161	284
222	48
595	1023
449	473
486	237
318	85
201	381
249	462
819	245
335	748
727	11
555	480
343	157
655	813
672	815
181	598
588	559
379	151
704	631
90	302
940	313
823	77
523	66
534	125
501	124
246	174
397	177
627	205
537	1475
798	73
62	729
240	245
503	1317
379	88
932	676
717	24
903	369
16	510
234	47
26	129
94	356
796	125
507	328
295	232
790	776
130	54
835	485
889	944
16	227
484	233
426	491
450	54
455	22
43	491
664	1101
751	399
910	310
907	409
298	50
788	636
533	528
862	92
934	1
369	268
435	474
394	416
222	195
684	371
707	12
936	508
921	128
518	300
757	693
363	143
347	468
833	933
160	1134
805	679
489	325
530	176
308	176
846	586
234	524
495	465
151	952
676	546
455	1160
236	655
452	530
537	185
733	9
338	514
843	690
276	1170
648	448
514	214
447	926
848	196
826	91
499	238
932	640
496	528
385	961
256	228
836	134
554	229
474	194
640	170
233	133
417	168
455	65
682	1046
627	554
679	169
1	46
707	770
401	508
561	1120
318	40
742	100
715	172
728	124
624	411
894	534
669	132
807	313
752	289
621	313
422	326
916	569
71	100
450	1192
437	443
332	252
393	586
565	971
880	72
883	322
85	1075
590	248
104	237
416	199
472	541
886	176
474	244
456	86
435	21
934	712
892	135
731	97
481	780
883	414
417	447
881	943
877	300
833	508
620	706
671	550
817	328
590	274
472	168
235	207
398	132
501	274
43	313
527	492
393	544
178	790
798	275
910	23
707	747
758	269
782	1589
147	286
748	517
464	482
333	513
753	242
459	249
682	158
435	80
500	1616
18	95
770	546
360	933
554	1012
699	340
781	1500
787	245
23	780
128	258
886	783
180	222
298	265
907	278
868	568
62	866
379	194
297	746
911	176
758	364
563	871
32	408
655	42
559	199
399	123
92	38
918	638
897	73
66	282
1	99
279	380
339	678
476	88
55	7
496	156
492	64
790	826
3	181
619	597
592	147
627	956
263	316
586	202
546	690
782	1105
669	537
902	50
20	274
794	187
934	66
937	297
417	1182
290	1060
177	322
923	129
660	826
1	2
887	1383
345	300
863	329
828	246
881	615
761	678
799	173
814	218
764	218
102	501
804	108
533	684
533	135
907	1221
591	196
406	216
262	418
610	402
92	50
463	304
474	88
922	174
267	179
528	479
661	145
796	649
234	153
748	186
601	186
624	473
780	164
881	742
893	405
299	20
347	183
125	430
398	158
711	275
848	504
178	1033
54	24
292	199
343	1194
861	321
154	474
629	147
733	130
845	751
884	70
521	183
932	133
291	1077
363	224
385	945
627	51
13	722
592	854
698	709
533	313
437	196
886	655
921	71
851	331
925	561
167	225
896	70
476	734
682	211
167	1200
452	45
239	64
614	9
862	210
723	433
407	395
49	77
749	401
756	527
28	164
686	427
189	523
934	223
684	38
146	272
524	781
632	174
864	70
880	1041
392	328
291	404
705	62
471	627
334	301
222	185
178	161
405	86
238	286
256	216
102	82
693	176
392	340
588	846
455	71
493	204
709	515
768	275
398	484
486	123
495	68
672	50
13	504
18	419
942	414
805	603
867	7
664	302
383	654
779	258
567	248
405	859
725	333
854	156
233	614
680	257
60	445
608	568
913	19
91	498
455	301
714	9
845	900
360	271
859	118
846	430
234	1448
938	257
787	319
415	195
529	294
121	292
757	298
705	79
110	161
697	118
450	832
917	763
880	627
881	168
871	1386
862	24
518	126
889	64
265	1
471	404
77	134
826	810
297	474
572	1171
350	23
753	510
615	423
705	1544
663	985
655	125
372	53
8	431
896	265
926	262
800	751
617	413
246	418
663	330
435	366
903	156
267	209
308	254
363	28
417	780
416	313
682	738
378	559
47	288
919	1514
727	135
504	411
682	228
941	257
880	1016
554	282
437	216
906	277
670	195
457	553
807	82
463	1
682	746
621	65
503	580
270	164
493	693
663	319
347	692
630	240
650	269
213	197
450	290
608	319
474	87
291	246
108	281
790	237
299	1050
334	275
835	134
548	284
779	1028
158	175
344	715
130	293
659	188
488	746
334	11
814	201
21	323
64	751
99	829
828	958
640	827
887	1283
859	276
707	111
468	508
616	326
416	1262
222	174
395	21
545	29
625	198
751	436
246	651
661	96
718	284
10	178
622	993
640	269
644	291
472	400
790	283
606	1199
223	288
913	179
606	194
716	503
943	227
198	518
476	239
486	181
605	523
701	19
488	474
439	285
345	161
897	526
868	385
346	369
637	181
159	294
141	1244
783	288
500	116
380	306
506	684
502	539
364	268
745	230
328	1021
704	354
671	174
794	273
443	175
90	322
702	289
429	665
454	526
543	357
798	1540
597	242
468	283
503	306
890	737
379	1
833	647
474	506
43	274
472	161
881	56
524	661
804	159
822	1110
290	930
363	328
301	294
889	23
727	283
207	692
299	237
498	237
425	124
181	24
643	205
774	808
654	11
44	429
758	184
457	51
694	200
189	297
264	1009
270	251
814	358
561	608
804	428
393	204
887	164
727	585
488	498
717	887
450	65
536	584
790	269
548	203
181	151
432	678
232	150
646	288
814	565
620	354
303	1052
308	231
497	1415
504	179
578	355
635	875
739	187
682	210
374	1322
498	185
487	87
63	591
398	525
497	239
374	1059
450	315
624	455
318	282
932	511
795	386
551	234
336	26
923	411
695	319
907	724
892	1091
864	106
149	258
526	298
803	690
336	121
919	332
880	318
776	187
1	43
909	300
907	235
742	7
831	288
639	48
844	70
823	155
804	144
426	185
365	995
712	1178
553	615
842	288
340	497
537	703
653	429
506	328
642	191
796	62
149	333
7	198
437	501
416	1016
416	258
540	323
830	82
416	44
527	19
151	70
395	210
782	1611
211	9
712	168
622	755
554	756
407	121
782	1537
738	69
560	284
750	886
823	97
346	157
337	125
554	223
880	186
664	529
429	625
542	357
459	546
684	763
125	85
697	300
301	655
452	153
802	56
548	1089
936	919
551	448
360	1134
62	1028
476	208
474	276
839	237
378	281
508	132
10	529
790	928
890	660
913	202
345	54
49	404
327	42
903	324
297	919
933	12
938	125
435	202
504	121
343	274
49	62
822	71
350	204
592	245
28	449
362	328
315	642
91	612
624	824
294	354
646	307
749	678
905	116
18	588
782	1096
473	256
846	751
60	385
892	222
553	631
905	328
657	327
708	362
655	28
334	345
894	126
450	70
5	29
234	371
500	582
60	211
758	1074
234	478
706	100
786	418
374	172
195	1415
197	684
474	323
541	50
655	396
880	33
697	456
331	178
656	316
6	21
327	336
588	154
938	245
884	1214
916	68
222	628
429	583
288	223
211	1025
889	216
599	1048
303	542
215	195
932	841
405	438
825	326
286	339
719	71
932	148
927	560
341	358
501	222
211	64
498	171
715	658
372	79
416	1220
577	732
707	382
5	440
524	466
896	371
575	506
774	365
90	310
160	285
900	471
552	1095
536	98
539	660
113	299
201	358
13	576
115	7
901	932
394	597
401	97
286	250
234	258
940	215
315	288
618	371
454	99
524	418
4	360
508	173
128	416
711	168
587	261
314	949
643	673
796	106
401	151
747	1246
151	9
538	50
373	231
394	72
450	1116
835	371
793	1067
853	887
594	221
194	241
851	895
306	285
122	1045
521	291
660	151
230	237
887	710
276	1090
5	145
599	294
617	132
825	117
256	538
206	272
11	168
709	229
706	628
493	260
94	355
646	310
880	27
104	310
282	343
60	482
727	154
374	202
450	67
86	326
509	751
378	569
660	386
454	660
393	685
753	673
554	43
887	181
748	137
766	172
354	855
549	515
82	169
657	282
886	1074
299	652
116	358
543	188
880	956
407	210
74	358
275	470
852	117
30	751
328	435
874	521
560	271
256	1150
839	50
850	196
18	56
116	303
416	418
705	183
433	507
432	284
484	71
388	111
492	97
92	1028
200	472
92	8
435	239
468	544
128	432
730	815
698	988
644	546
642	234
618	709
230	161
532	477
566	95
18	504
882	473
445	1187
795	432
429	129
627	12
847	108
712	560
868	68
436	127
537	107
806	196
805	428
880	684
428	303
746	176
401	64
450	395
94	1219
622	9
429	203
417	422
95	1227
892	215
840	493
527	152
160	488
522	128
373	209
601	928
904	275
345	191
795	143
655	203
497	234
299	512
43	174
747	71
128	496
301	502
158	252
49	475
663	876
705	233
474	1421
838	1115
450	549
479	179
417	97
232	744
450	357
523	194
665	411
896	508
648	220
550	288
425	201
59	369
436	715
896	473
608	606
559	902
313	1091
532	495
349	325
916	597
344	19
328	23
437	208
393	1409
77	191
82	496
453	790
292	228
897	435
285	185
892	1078
749	284
867	650
642	13
735	300
181	813
476	90
223	546
682	581
554	378
394	90
537	901
653	87
263	662
223	259
902	250
161	118
455	307
108	718
661	756
805	21
875	474
276	1413
188	635
593	153
110	55
60	835
195	582
727	227
662	100
715	926
675	344
339	233
716	486
561	1131
229	288
796	284
508	23
514	228
457	631
471	596
363	451
385	484
478	41
924	28
616	339
655	972
219	223
198	300
608	480
504	423
128	193
533	20
561	955
130	761
272	200
343	660
517	1016
686	357
635	358
897	523
566	215
644	307
708	326
236	483
936	864
493	208
393	866
116	11
95	91
665	265
230	162
23	14
13	895
406	11
450	1208
916	366
643	216
798	821
370	50
189	238
452	265
655	1388
99	300
896	527
833	1149
472	67
655	958
871	1072
653	97
533	792
714	181
864	692
545	135
598	538
655	464
551	684
860	300
398	208
499	427
504	561
532	498
100	690
919	1086
727	109
751	710
445	908
378	280
406	480
108	319
743	303
13	767
437	5
533	1282
405	1576
650	423
568	488
711	229
510	324
918	143
833	230
234	66
460	870
805	419
901	196
399	820
407	96
790	449
843	214
312	487
706	323
868	854
222	145
847	369
932	529
234	605
601	172
15	308
439	307
484	625
590	255
868	228
815	523
919	741
207	208
693	499
697	751
380	213
681	990
566	388
548	750
429	433
324	323
452	7
552	1152
359	286
521	42
880	549
799	306
52	1085
116	333
42	136
60	528
727	993
775	258
536	168
553	484
819	381
910	1025
553	178
749	191
288	544
467	1059
363	232
428	988
82	100
334	606
769	405
832	678
235	483
405	53
374	100
301	62
216	81
488	191
894	898
292	193
42	97
645	59
186	934
479	203
343	229
802	669
437	603
429	466
737	171
591	511
924	1149
385	219
551	333
276	768
373	169
498	251
507	300
724	271
864	58
854	89
378	216
472	747
639	162
521	230
874	100
493	168
752	589
699	300
623	283
784	323
344	132
593	274
29	180
327	678
722	678
713	286
768	282
781	403
840	405
425	231
393	696
160	59
919	875
592	1142
269	806
848	207
606	717
321	479
456	475
659	735
450	51
393	843
707	1061
346	708
336	25
790	248
543	177
303	474
788	568
627	55
293	1
766	228
795	132
429	24
451	682
473	25
351	323
758	353
201	603
450	435
803	269
458	56
663	652
868	685
838	568
868	188
336	72
937	1007
846	1168
268	407
393	249
698	173
847	261
497	240
454	423
730	873
749	77
262	58
807	510
234	837
601	204
749	183
650	430
5	105
682	554
402	118
914	732
939	1028
805	176
883	56
233	735
709	672
301	1283
22	144
600	56
399	544
654	223
194	481
229	303
717	343
881	22
524	60
430	318
619	406
59	492
405	842
551	461
771	477
523	204
834	7
399	651
495	179
174	1313
493	150
846	1069
308	679
716	73
854	286
44	200
293	660
385	215
882	597
619	11
200	358
514	652
234	1446
890	121
69	182
867	188
643	448
840	480
840	272
92	405
863	362
554	845
533	298
889	217
405	417
323	993
339	343
396	717
92	217
214	721
527	50
416	9
870	608
261	288
479	250
479	111
643	42
326	127
234	238
660	8
757	1090
546	379
429	505
177	12
223	929
435	29
902	228
426	835
588	1078
299	488
838	318
734	172
528	427
681	310
725	300
901	1643
377	200
432	313
253	200
49	324
653	175
537	270
686	435
693	9
87	396
862	467
352	194
835	205
648	769
871	566
621	383
536	449
303	238
595	1028
854	87
490	596
721	197
354	638
597	477
459	1040
815	444
44	190
262	1035
718	255
939	285
405	714
921	172
500	58
326	501
609	878
363	38
334	238
748	144
854	4
52	7
221	1437
924	12
501	257
303	284
393	239
194	81
104	313
647	70
715	739
303	603
886	182
13	670
826	92
776	483
880	109
843	275
89	237
707	200
303	562
860	1047
71	429
804	522
640	1010
52	25
394	746
407	197
846	83
883	659
907	821
932	7
455	44
753	657
256	147
342	209
328	194
823	660
679	249
313	391
749	1274
560	132
655	337
641	969
271	654
616	750
174	662
445	603
503	659
503	98
268	738
445	818
875	423
691	500
712	728
896	525
450	500
99	544
806	1129
916	476
455	95
191	345
711	216
409	1369
402	511
766	659
778	154
601	153
379	183
405	731
580	50
412	24
405	654
239	132
385	1143
312	479
406	565
577	470
435	625
561	209
724	872
379	310
328	620
595	1142
471	946
831	750
123	514
13	522
548	264
640	81
314	412
905	282
846	729
670	479
648	72
17	221
60	204
430	1347
514	318
897	409
577	48
626	286
747	96
247	269
601	405
148	69
327	111
369	166
784	271
755	875
389	486
276	728
486	1611
334	1202
130	665
85	697
592	198
6	340
862	187
774	920
841	307
5	200
646	347
15	748
486	336
735	123
499	425
774	986
472	362
295	561
441	538
841	316
901	228
705	117
708	473
716	519
766	91
316	69
303	328
454	520
777	357
280	528
474	692
863	887
2	275
708	117
249	129
483	199
243	1465
303	1218
642	143
715	31
249	228
343	235
457	1047
592	187
940	347
588	570
426	428
468	96
435	331
586	559
244	200
378	79
407	290
620	422
222	67
601	427
90	303
269	649
925	185
815	226
90	528
891	459
311	222
568	497
431	269
853	330
536	70
540	293
684	934
573	162
374	322
428	338
729	313
497	552
486	690
888	535
381	432
854	321
522	179
194	991
244	708
892	29
476	1037
398	163
222	723
42	290
89	880
334	29
475	316
409	1099
748	709
504	370
899	202
194	73
393	322
346	79
267	231
409	523
454	238
889	575
313	485
773	231
544	332
387	603
881	582
727	434
533	451
145	1012
805	469
711	155
506	324
900	280
885	402
455	511
892	102
766	443
714	410
796	988
655	1128
201	436
506	5
514	294
543	919
671	203
592	328
488	510
174	239
356	286
397	346
222	121
243	514
868	843
932	38
679	291
7	51
641	192
447	91
610	195
381	159
227	460
913	288
717	222
611	340
661	118
455	298
500	238
187	197
943	51
564	121
721	84
804	294
145	118
789	1012
815	559
804	406
763	144
936	181
13	117
833	367
358	1021
213	24
110	238
615	462
666	70
587	879
59	232
363	933
452	213
107	322
764	273
466	232
607	100
796	402
615	629
654	739
890	313
727	1217
828	1597
386	515
468	1014
334	13
634	685
615	209
907	333
642	385
279	139
843	1157
727	1028
897	419
567	494
881	54
254	554
89	15
840	429
931	286
883	64
843	89
135	327
621	109
10	629
788	670
715	977
303	334
593	182
790	222
345	1009
237	178
640	461
370	136
601	176
72	197
592	60
194	399
69	475
276	284
416	83
429	276
150	123
330	209
851	823
674	313
879	1
768	257
850	208
634	282
10	478
828	1672
342	153
895	222
727	121
913	483
648	566
382	56
931	297
484	343
585	1155
416	255
181	1365
655	923
760	1037
757	651
851	866
875	654
324	286
88	286
23	96
82	895
551	708
890	489
774	391
795	100
793	406
18	4
429	124
325	480
373	756
577	673
343	463
6	192
255	827
32	313
779	257
85	180
654	278
910	252
457	226
380	1039
546	413
593	739
429	480
351	289
250	313
591	466
907	258
841	358
1	173
655	228
77	199
835	179
527	962
236	370
854	281
472	550
535	658
875	171
64	603
943	94
566	110
308	92
686	214
178	281
445	644
13	184
518	1017
393	1182
797	243
655	183
749	245
69	1144
339	709
411	265
943	816
450	530
87	765
496	196
399	187
279	1480
589	327
189	378
497	584
771	203
561	426
896	235
109	174
607	30
249	478
486	300
421	183
504	161
535	427
478	64
903	515
825	50
244	86
582	1
763	162
271	1411
184	1160
343	9
682	156
619	174
878	100
41	318
590	744
655	1632
391	458
907	813
95	1188
457	841
392	99
694	132
327	875
524	657
579	435
504	282
671	841
399	380
645	175
488	174
416	421
666	144
495	550
698	121
60	160
524	496
693	7
573	507
538	56
618	724
189	654
373	96
870	528
566	879
650	550
533	846
534	978
23	174
655	974
846	727
269	202
456	793
200	230
406	521
215	88
500	1441
887	760
832	294
648	1271
885	79
385	568
683	346
664	356
329	323
321	942
730	15
837	16
351	328
916	70
537	117
298	204
711	378
541	102
757	24
655	1549
246	172
466	7
896	993
92	409
28	672
435	38
908	558
833	1428
637	151
505	988
16	448
622	165
707	1174
91	211
159	195
200	43
738	203
663	827
268	1016
495	631
372	637
659	675
861	529
682	657
194	376
152	871
727	163
665	287
862	789
533	319
95	665
615	97
834	181
738	229
669	151
447	209
346	640
73	153
932	1116
660	403
532	1312
896	642
567	199
425	562
576	210
222	738
297	283
932	1305
761	1272
661	196
256	449
472	370
191	340
384	329
680	203
486	129
463	926
621	1036
407	660
1	35
385	122
707	153
674	181
236	333
420	124
77	97
58	645
450	245
268	180
429	789
561	435
851	455
709	728
830	648
664	603
825	411
222	154
918	498
868	142
666	502
453	258
432	181
144	316
517	258
275	229
160	832
611	286
500	289
848	108
497	403
902	993
863	268
584	249
854	1014
504	623
846	575
823	234
279	809
611	887
320	570
288	205
381	121
406	747
130	531
535	135
913	195
101	926
548	898
126	326
751	99
650	315
215	196
296	515
760	1135
18	493
256	36
435	1133
23	642
658	182
649	678
480	483
833	479
474	134
389	81
363	238
749	205
462	271
624	628
60	617
682	238
328	1478
15	472
821	509
406	485
106	14
881	97
864	1016
468	377
821	707
663	150
474	255
12	203
363	575
936	343
823	154
784	300
897	210
500	367
470	1067
696	523
405	626
500	721
95	391
923	823
276	356
796	1037
405	77
151	498
701	297
712	1220
847	1204
384	879
629	881
213	393
160	273
99	619
642	72
495	391
676	688
457	8
763	88
916	244
43	756
144	248
279	186
456	485
502	754
510	288
765	507
758	253
864	69
393	184
608	287
189	24
312	1167
250	993
455	127
416	204
83	393
432	293
666	638
308	73
270	713
130	289
500	531
655	640
783	887
615	332
610	11
865	1240
409	1050
568	127
646	328
58	692
429	143
706	333
479	523
75	413
801	288
804	195
303	773
836	289
584	258
514	778
194	182
738	1016
200	117
405	189
848	435
758	765
59	608
489	260
864	317
256	187
655	479
601	168
295	740
887	172
885	245
917	696
894	117
727	538
711	588
269	88
178	472
782	1142
601	65
865	99
863	242
89	173
600	183
9	50
16	12
881	229
346	55
412	81
666	831
851	984
868	173
230	501
275	135
867	855
436	447
592	975
938	476
281	690
511	292
42	411
320	546
864	91
303	3
539	56
399	264
813	294
796	78
846	173
456	546
479	70
417	180
747	392
176	741
476	780
796	234
629	98
862	472
741	15
290	176
278	515
370	107
26	293
326	514
530	196
640	591
263	323
474	248
181	93
655	578
440	883
825	286
846	96
674	597
943	282
664	509
567	299
833	552
151	258
183	449
592	813
457	410
409	1393
920	245
618	404
641	558
825	137
436	787
291	1248
11	718
210	629
18	61
429	415
759	471
435	674
250	340
401	1
348	243
592	479
249	114
94	83
312	512
254	1028
7	556
216	402
253	132
524	39
117	1165
313	192
1	37
128	186
370	285
201	751
892	1224
532	1240
887	187
524	443
416	462
655	1462
573	157
677	288
851	892
405	1078
854	290
493	89
658	198
297	208
934	82
634	258
340	66
509	300
904	97
343	1067
650	66
871	1022
764	282
752	1279
542	175
201	1355
587	678
629	876
76	1071
886	67
630	193
174	1221
712	790
95	95
542	435
224	676
13	155
561	173
650	193
654	720
379	1075
874	305
739	286
728	871
701	286
833	194
771	128
881	435
60	73
472	473
305	709
478	238
196	70
704	735
788	696
381	657
539	124
249	258
621	455
437	69
272	187
870	313
198	216
464	321
10	273
294	476
870	95
462	272
542	763
900	136
235	1
705	393
889	524
634	405
655	391
401	404
188	288
422	370
577	559
932	654
649	121
189	214
465	408
59	620
130	342
346	712
253	689
634	544
457	88
62	472
655	750
291	69
313	402
796	2
911	480
655	1351
709	559
774	1091
62	245
67	412
778	196
482	315
314	1225
884	100
495	201
363	234
691	603
269	135
319	750
481	70
532	689
896	124
303	627
551	959
873	269
439	268
655	508
533	109
665	293
484	255
415	185
13	58
454	657
94	1188
738	202
201	196
60	519
279	100
493	317
902	181
406	123
160	483
505	468
514	748
332	471
720	269
450	35
416	8
653	257
521	100
903	977
886	1014
222	209
745	603
774	28
716	614
109	413
340	50
774	659
504	386
692	845
674	292
622	178
455	1167
456	498
655	1273
878	22
371	176
216	122
504	451
222	377
145	106
782	1144
460	744
810	321
837	125
747	26
300	409
30	892
918	16
292	58
746	405
871	896
627	1044
175	136
655	220
887	596
532	915
864	164
593	155
274	873
710	12
178	318
896	9
938	250
489	288
633	276
472	356
406	1118
43	781
886	451
155	331
294	122
708	112
560	50
472	418
864	232
67	273
472	218
710	303
409	1512
932	863
497	222
6	367
805	576
870	1451
230	422
663	546
201	207
457	94
586	281
930	16
537	1420
711	381
294	50
305	200
206	346
497	413
599	476
854	216
699	15
854	55
671	62
747	63
526	1
221	751
524	198
381	225
513	841
774	54
484	117
402	100
517	111
870	219
405	1055
450	69
907	764
405	1119
30	403
339	81
385	498
279	845
585	1485
10	12
537	141
13	880
189	582
293	955
735	756
360	304
922	99
267	156
552	248
497	441
487	550
634	922
437	11
379	524
15	928
346	203
389	401
13	211
899	203
333	483
588	751
236	510
869	315
538	82
936	1279
804	100
716	108
26	284
160	151
74	331
878	755
175	419
321	175
394	229
472	82
524	792
460	298
665	216
286	345
437	684
429	658
727	187
936	927
642	993
393	1440
566	386
250	100
198	447
655	1633
682	226
250	933
417	90
117	33
533	54
381	151
499	69
269	1011
468	51
857	275
659	502
617	446
738	603
472	174
514	659
145	176
848	215
126	266
325	548
504	393
478	655
474	72
291	140
712	42
932	141
468	258
394	176
94	569
256	56
537	528
425	590
362	678
798	432
642	949
197	50
255	300
686	542
671	257
537	79
918	28
339	203
301	76
287	4
615	22
393	687
556	134
385	238
429	265
682	742
234	495
733	950
532	865
256	785
833	667
15	935
437	56
437	523
486	221
334	1170
190	258
709	2
644	1025
727	260
7	215
505	204
796	71
805	33
236	462
655	610
873	258
49	652
230	79
521	659
917	1
727	199
347	689
397	135
593	402
28	567
878	549
339	428
543	518
374	654
110	2
665	96
663	15
714	597
270	265
901	623
435	193
108	405
242	1355
910	117
610	606
537	736
548	310
815	98
870	642
859	955
829	281
698	1021
498	179
638	210
94	143
655	161
63	929
514	195
63	3
684	147
846	520
7	569
655	459
407	289
904	603
592	255
506	892
566	790
603	229
527	201
532	523
487	156
13	672
269	792
795	1041
758	1012
606	1151
880	693
923	455
788	480
766	194
782	266
286	382
622	135
506	603
426	616
729	690
645	258
537	723
870	378
523	97
689	410
889	181
41	514
717	106
613	471
653	357
181	413
639	178
234	64
280	697
537	447
363	705
332	685
655	325
921	284
431	303
119	300
878	60
671	1217
758	347
417	1288
152	559
291	151
45	596
537	338
297	248
654	283
472	120
334	429
934	313
476	1271
917	1014
13	128
248	22
933	177
406	204
912	418
617	453
33	678
653	2
284	748
5	186
500	83
897	120
943	54
452	99
892	649
805	28
495	674
826	526
474	42
886	433
719	660
405	383
606	760
886	15
183	210
897	194
505	358
748	83
807	1084
742	321
500	88
297	946
747	505
524	215
244	156
59	180
452	517
416	807
405	921
405	1573
825	106
378	96
642	1185
828	190
318	340
100	328
398	403
892	692
109	809
851	147
417	616
749	79
354	170
665	88
533	255
698	662
592	151
624	312
621	91
766	136
858	334
113	258
279	977
826	449
81	726
200	177
469	603
473	303
316	487
292	250
159	456
385	443
653	763
293	550
615	306
344	928
59	1093
417	549
753	96
804	1056
835	23
290	125
498	1161
411	50
336	210
268	284
862	143
656	875
450	921
429	280
334	91
24	69
874	116
847	262
176	93
6	177
864	1412
565	171
788	98
774	452
286	1060
665	188
215	1063
907	742
454	48
592	301
911	87
617	136
846	955
433	323
665	378
87	866
862	100
927	571
401	181
935	117
325	2
279	594
907	1284
59	99
634	864
450	76
452	62
439	273
467	1016
339	212
697	1059
416	1054
642	377
538	164
233	129
373	191
90	1202
605	483
854	696
457	11
535	1136
269	186
506	199
325	269
692	326
405	958
535	205
159	932
339	293
524	845
189	151
110	315
417	1446
862	478
864	1446
748	732
496	39
5	406
447	582
889	627
58	1084
847	93
719	220
885	95
893	531
472	866
727	88
59	143
393	194
833	448
686	22
271	302
157	50
98	988
540	332
618	385
933	357
588	356
537	307
632	91
294	1134
236	273
655	356
758	262
353	327
374	1513
707	1168
455	568
815	125
380	139
838	408
399	9
809	678
487	596
315	301
162	1011
804	624
692	168
334	494
837	476
357	685
486	125
338	180
886	80
488	692
174	381
500	393
271	202
883	1019
878	70
387	113
928	114
385	12
43	172
95	89
347	158
795	746
910	414
49	93
665	476
892	276
95	450
875	1103
474	221
934	181
666	856
668	403
514	204
416	4
406	281
751	689
385	1524
686	89
422	286
903	1048
854	83
94	636
622	1230
361	60
189	656
650	399
804	993
868	382
773	1529
712	783
711	1119
435	924
551	720
214	55
128	955
450	151
373	550
617	443
474	197
398	710
889	175
200	172
406	451
454	404
469	582
303	5
731	194
551	386
721	237
450	965
846	232
535	207
495	222
328	739
500	1326
429	93
110	401
340	584
148	8
13	260
854	64
325	604
280	678
796	216
102	211
715	470
70	418
334	208
445	96
889	952
152	794
78	301
198	191
466	62
506	604
59	477
13	832
561	470
542	427
482	243
877	328
521	754
328	662
429	530
846	61
826	127
880	841
913	56
416	571
329	534
518	1079
746	157
419	197
311	504
275	132
300	294
684	393
244	1118
151	378
426	483
805	338
374	546
13	411
699	983
257	1022
412	64
648	429
177	121
70	596
116	246
533	673
437	1134
943	581
868	378
109	1060
343	555
354	509
870	56
89	240
813	266
303	156
655	1499
222	423
409	1020
925	98
727	849
910	205
780	427
889	789
429	298
854	274
233	64
606	924
773	475
684	82
90	1203
758	33
847	238
276	916
417	765
101	819
497	123
452	781
80	86
457	1029
373	190
61	333
315	513
710	100
400	304
84	866
660	1240
610	750
846	208
524	739
37	118
435	597
943	69
405	1147
327	269
320	248
336	33
913	156
682	159
933	231
781	174
576	1
474	7
868	412
880	204
506	712
623	79
756	591
894	236
443	748
523	167
62	952
796	655
393	623
429	81
61	271
481	86
773	393
922	550
855	582
246	658
158	866
864	509
868	98
717	1047
484	204
780	4
901	465
346	578
694	1269
943	724
515	310
425	217
618	582
519	327
314	476
499	661
727	101
659	49
49	208
119	537
588	227
510	323
844	241
301	1135
430	514
726	535
527	603
286	1105
286	181
545	79
221	27
536	95
510	245
637	595
123	14
889	1048
731	694
116	1256
924	526
886	367
113	237
13	242
653	809
267	926
500	301
541	110
408	271
661	443
527	60
178	147
299	733
435	717
501	93
13	506
254	138
43	542
49	50
668	288
25	23
195	1315
586	85
286	1133
799	286
276	257
663	25
715	232
452	588
573	283
201	181
274	211
277	221
417	323
592	619
727	195
851	132
49	420
669	505
781	523
15	15
207	195
167	521
436	559
201	679
78	476
43	133
487	978
586	1047
655	181
269	417
462	873
181	245
496	217
653	77
864	181
493	597
57	24
610	699
899	717
505	71
581	276
544	286
276	72
429	66
748	692
645	434
892	526
417	96
883	399
870	1208
656	270
397	357
178	1258
472	204
924	237
13	182
650	445
764	64
303	187
788	693
90	242
890	118
280	58
766	951
716	210
374	15
87	570
830	2
749	742
521	1016
327	26
936	108
776	318
303	402
401	1011
393	761
886	1228
420	1347
406	131
639	750
497	50
347	713
105	347
795	998
374	449
886	1048
283	625
524	403
833	234
458	152
435	25
864	391
45	13
618	1212
702	683
666	91
329	657
328	241
537	321
405	416
474	924
330	1
332	333
532	660
711	566
936	1344
543	324
246	1089
145	54
734	483
374	742
63	284
865	271
496	168
301	420
899	51
596	323
405	468
276	797
586	405
831	1
478	188
378	401
847	161
456	185
345	1101
843	172
186	121
305	1485
580	597
886	108
91	988
747	316
210	315
648	175
843	170
694	521
476	712
481	198
523	652
437	276
935	127
266	14
829	515
741	480
564	750
711	69
383	193
889	428
618	283
470	13
436	628
437	12
567	197
592	518
393	755
922	82
854	111
872	354
459	1013
568	772
729	362
758	536
11	332
104	126
727	233
655	89
532	357
707	490
130	250
213	214
48	294
466	682
432	250
889	562
551	1253
13	810
850	173
421	213
532	750
417	923
942	303
486	124
860	49
389	178
368	145
639	423
834	293
753	294
830	227
548	887
92	250
92	51
710	330
506	425
627	162
268	402
653	511
881	174
60	684
119	1264
877	59
63	294
394	204
488	260
95	509
684	173
682	28
844	627
492	482
197	332
573	211
94	736
570	286
889	474
268	550
478	28
691	524
916	77
419	134
75	866
454	588
385	197
671	117
663	984
899	238
416	869
269	479
805	151
632	132
455	738
269	1005
718	756
741	1029
487	559
699	596
823	95
872	274
537	602
839	1048
385	448
650	485
615	428
23	134
554	11
899	195
10	462
603	450
266	25
834	300
364	325
241	300
934	614
7	613
397	693
122	57
249	12
788	498
650	54
389	285
437	961
883	72
405	655
389	346
82	235
472	1469
746	265
474	923
618	673
642	472
88	880
118	641
184	492
434	151
21	878
550	271
798	1066
454	98
793	293
826	177
316	89
273	315
286	232
366	559
916	109
903	248
617	179
438	237
903	721
529	991
393	58
546	234
847	716
894	310
886	233
633	871
10	182
823	762
693	180
256	96
87	802
11	180
487	92
802	448
912	152
682	24
464	298
721	263
27	148
13	917
303	783
417	431
782	1013
746	566
59	789
606	685
774	871
546	56
678	924
442	441
254	313
59	515
558	15
445	1011
694	648
401	211
523	954
642	155
294	472
298	471
739	969
668	752
287	426
433	194
295	50
788	174
504	51
671	570
851	301
557	305
235	318
910	298
158	293
655	316
757	210
601	185
683	748
747	429
574	270
684	210
532	346
894	702
942	31
3	322
343	614
90	699
748	86
498	218
393	391
655	645
936	258
548	14
453	508
336	290
308	194
562	393
602	237
528	484
657	151
883	224
94	233
871	908
830	176
192	235
221	544
796	1126
880	342
591	1099
291	98
279	1070
843	515
336	716
296	209
655	340
561	133
386	127
851	1047
402	864
835	127
751	204
174	178
661	71
713	539
933	735
496	1286
709	841
271	218
906	124
210	302
537	46
313	461
738	408
38	445
420	100
184	657
489	355
823	426
449	273
207	64
486	1369
524	1048
264	185
605	210
719	77
477	732
354	582
666	480
763	955
291	12
671	82
657	346
537	664
291	234
489	330
43	70
892	159
96	318
923	338
880	226
215	87
901	560
548	156
453	233
474	655
148	209
59	220
371	197
886	384
638	202
215	237
495	231
267	230
868	919
396	25
551	203
452	492
186	405
716	416
203	742
314	1016
851	689
435	778
605	288
222	117
557	1244
697	1245
60	515
870	154
864	549
653	722
265	815
417	625
705	578
679	357
458	473
224	991
643	721
405	1518
923	827
933	161
374	294
545	379
551	696
448	874
62	204
223	185
846	679
907	596
503	100
802	331
654	313
302	294
694	191
313	23
388	98
561	520
407	405
313	514
343	385
699	147
497	1177
871	1176
127	62
604	288
648	410
919	750
620	148
707	1401
7	96
458	1067
758	892
593	77
456	403
301	203
659	443
94	172
82	326
739	56
490	302
532	338
44	7
399	727
360	275
483	230
716	121
862	195
348	926
587	895
385	502
671	947
591	47
924	200
479	62
488	385
778	157
608	16
715	941
774	176
144	1012
313	181
870	172
288	136
85	476
95	705
95	381
659	837
716	151
756	742
770	151
506	484
25	968
363	187
590	676
896	845
190	471
561	615
545	550
6	173
181	1281
63	333
709	379
231	300
148	194
576	137
868	167
227	741
790	763
501	597
667	210
10	198
152	319
417	475
757	549
372	264
804	678
916	117
544	343
370	494
650	484
174	846
745	194
707	863
648	217
679	419
234	630
536	164
615	949
577	663
218	514
160	514
757	326
474	705
862	91
863	299
723	1
694	520
455	255
363	258
862	177
758	222
198	248
184	736
387	429
666	273
560	25
276	21
724	347
207	631
457	428
119	405
101	181
838	56
666	234
774	525
206	300
693	298
787	351
416	311
57	117
479	616
766	214
918	514
130	185
560	478
83	235
597	990
749	837
938	25
293	96
848	528
303	875
293	4
158	187
863	272
864	523
476	245
128	191
665	343
378	7
458	1048
573	423
567	654
198	763
276	120
244	383
295	497
774	201
508	511
499	55
840	137
612	117
387	518
543	704
592	1022
836	429
751	50
7	164
85	485
796	511
276	771
406	7
887	289
655	175
500	569
147	898
602	9
883	346
937	874
524	709
174	244
445	1016
141	291
689	763
713	1431
822	333
751	193
492	221
542	238
472	323
151	497
916	83
604	164
629	317
466	518
487	174
880	1181
682	672
798	281
729	322
655	1044
651	515
405	453
452	89
848	238
472	581
498	628
560	240
536	1050
92	1037
874	285
488	134
181	1161
417	62
313	452
752	340
690	747
452	485
915	310
878	174
311	735
383	315
804	11
308	591
870	1210
495	431
435	53
315	466
715	98
933	405
586	210
778	195
634	591
711	154
714	255
170	304
268	452
665	527
560	118
85	474
382	168
152	234
447	157
886	801
618	183
600	431
766	484
642	50
263	28
464	300
561	739
345	294
64	588
468	411
486	16
653	145
537	550
472	338
416	588
94	673
916	380
615	638
37	546
807	222
848	1065
655	1344
879	111
642	245
561	455
938	873
622	22
298	546
798	239
271	234
881	172
347	282
801	895
293	1248
642	1209
437	71
35	326
840	505
463	50
23	91
495	168
42	38
173	984
344	955
622	175
303	1
518	742
889	1097
16	770
363	65
831	327
51	83
176	289
374	318
559	523
837	9
831	317
727	539
916	192
930	1010
605	176
553	605
271	494
880	1620
397	748
712	660
829	198
941	408
805	79
234	97
758	428
854	343
354	306
751	386
663	741
318	100
385	143
648	475
256	88
393	97
860	900
322	64
798	142
56	173
487	652
128	1035
271	118
910	137
495	172
297	1136
16	125
588	385
881	180
747	467
347	233
518	123
327	1069
311	357
592	881
52	13
537	890
13	518
433	95
707	962
743	224
451	360
740	319
17	919
551	747
815	183
456	197
654	172
504	281
253	1025
419	50
378	98
915	346
104	250
826	228
851	1016
119	410
493	195
293	199
541	393
210	114
393	144
882	496
902	302
377	358
666	100
537	381
795	825
150	150
393	258
545	199
916	741
379	195
457	133
387	679
705	210
554	70
64	384
843	195
269	1188
405	1091
615	238
707	208
625	423
271	176
484	665
497	226
876	531
493	806
84	1047
387	62
160	461
782	256
416	781
773	1036
891	978
690	194
658	515
621	1029
751	111
726	819
92	383
904	216
279	10
650	143
546	236
621	333
498	98
815	524
322	188
505	591
579	1047
453	456
532	500
479	1
496	142
899	213
650	588
62	50
467	340
624	952
748	48
630	988
60	433
851	79
459	455
919	687
533	71
862	483
457	1168
798	270
671	5
682	245
425	684
864	403
365	309
72	792
682	240
537	224
648	210
480	705
716	300
346	365
773	652
297	347
466	117
320	572
671	511
943	625
651	268
524	433
279	712
796	126
31	1022
666	866
936	129
264	98
864	465
525	25
235	971
551	431
639	12
395	596
521	176
746	24
268	59
682	833
581	475
694	202
648	7
887	96
650	1110
901	566
356	288
567	482
743	286
715	480
165	500
682	1410
716	237
472	609
109	715
710	1019
764	31
234	466
617	559
230	568
541	542
877	275
916	652
896	576
157	685
758	452
894	255
939	405
267	53
585	1149
617	7
675	321
864	419
661	249
653	566
606	576
660	290
38	406
897	227
588	724
518	405
250	234
716	260
635	742
763	135
184	175
112	328
286	280
927	403
379	474
456	1020
788	211
13	152
214	188
867	98
640	126
690	47
456	366
796	152
930	210
871	313
605	678
593	584
197	576
889	657
378	275
617	646
593	278
556	604
336	1437
303	484
401	44
488	33
87	849
230	371
854	544
627	52
844	89
507	294
405	444
569	236
834	544
640	301
861	301
419	79
321	283
532	332
799	127
416	15
932	98
749	435
378	67
500	325
532	721
933	823
694	181
749	465
815	835
450	771
748	813
479	199
727	775
58	209
802	263
454	465
758	203
712	584
655	171
484	161
880	29
550	50
118	210
622	117
807	1444
574	213
660	22
299	647
96	195
535	971
500	281
592	514
268	219
654	70
454	387
766	664
54	117
160	153
495	54
727	840
394	222
793	100
326	613
658	919
113	328
692	1028
458	194
533	117
716	430
548	477
450	202
608	461
421	427
101	370
436	38
796	275
452	427
820	288
436	99
159	845
747	393
697	263
22	1002
801	302
425	338
826	22
807	208
683	272
421	709
234	199
647	237
6	165
664	98
663	259
226	69
383	268
123	23
313	121
643	208
264	202
833	89
661	50
474	676
174	364
361	421
458	147
753	134
934	302
693	546
178	268
528	358
921	97
95	472
919	15
809	340
805	154
551	912
58	70
436	427
361	186
749	821
345	181
76	192
403	118
450	557
371	627
707	1642
446	302
913	151
533	107
796	873
299	302
601	157
79	311
13	747
643	132
796	566
803	264
898	243
645	212
13	889
931	255
245	210
788	562
378	317
473	547
545	742
279	826
881	240
924	701
110	849
373	1110
59	519
346	395
545	689
279	29
429	12
409	615
671	510
933	209
76	919
685	873
897	184
889	771
506	749
279	158
251	480
797	294
791	245
655	393
530	535
454	607
806	252
606	187
484	257
694	172
542	1098
420	286
295	65
788	712
889	97
5	95
474	13
889	747
230	627
64	203
223	1284
638	22
910	628
709	385
720	347
536	86
541	452
456	739
867	328
558	137
526	508
934	216
270	860
608	603
246	95
279	181
491	286
434	424
921	763
611	315
875	332
579	514
59	201
342	531
704	632
751	197
561	504
82	118
643	451
561	304
694	180
606	88
403	748
572	277
152	724
70	15
852	405
474	549
256	203
592	483
567	603
825	283
554	67
659	23
652	748
697	50
495	44
526	343
916	831
296	256
387	655
435	195
475	347
535	962
405	1522
936	696
843	196
194	465
403	1
44	198
99	98
301	28
379	141
58	584
442	873
761	546
918	709
436	367
214	319
758	391
566	219
815	258
371	210
487	1314
894	479
845	909
748	7
709	200
223	95
343	1008
790	1183
346	168
416	1077
429	739
588	68
833	264
896	763
18	735
10	170
620	147
498	302
444	269
864	561
496	98
698	28
346	161
429	602
87	228
536	402
798	930
85	631
346	58
130	1058
373	12
759	181
327	298
201	514
922	455
324	289
897	530
917	473
682	761
781	87
5	162
70	380
940	213
819	248
550	596
666	174
782	252
881	561
857	19
15	255
416	195
225	510
712	794
854	1028
923	741
440	923
934	1285
727	80
194	575
854	537
285	183
545	232
935	257
77	636
21	261
840	507
585	61
862	407
407	234
787	361
354	189
530	527
724	680
102	892
867	258
417	796
847	948
710	264
788	153
537	147
757	561
847	89
143	313
268	450
536	389
637	7
487	272
339	74
868	455
585	971
644	258
224	924
64	28
595	871
881	447
715	380
492	511
33	348
91	182
654	3
74	258
313	144
182	48
698	433
572	1010
395	739
708	21
758	307
201	47
44	132
645	183
221	633
934	675
790	977
38	1016
863	326
215	15
705	191
852	235
641	511
848	428
581	50
484	651
639	427
751	90
839	260
318	215
658	7
683	914
500	554
661	185
707	631
120	237
357	473
236	591
269	1478
98	152
618	1163
560	183
943	174
235	462
367	919
422	302
470	248
722	124
766	648
360	654
353	340
661	219
638	188
510	681
828	751
934	605
83	781
546	569
343	65
865	111
882	409
53	96
236	199
504	125
311	23
528	173
279	284
557	254
334	1263
495	153
373	214
498	772
26	471
739	749
823	175
378	313
15	845
284	289
932	441
405	779
13	637
577	627
585	1623
932	405
738	511
833	379
727	474
548	294
101	826
632	527
495	386
194	423
705	400
189	191
749	174
665	125
490	100
561	952
679	28
169	443
844	568
757	405
586	249
477	88
416	315
495	521
870	873
662	319
533	949
291	1489
666	661
603	173
59	380
393	729
497	943
721	1026
378	174
877	538
514	483
518	129
354	42
653	216
254	22
373	229
437	211
521	188
643	204
807	450
870	135
660	3
682	765
486	1405
567	177
20	934
639	835
15	938
798	498
642	99
899	147
552	742
650	629
417	294
642	70
450	402
731	215
450	356
567	7
13	827
833	515
748	451
471	432
782	989
532	1415
532	1210
747	588
221	335
474	696
458	7
416	1594
796	1041
42	462
407	123
328	597
902	306
878	216
507	597
59	434
643	39
723	258
328	177
635	117
735	242
883	239
917	278
90	732
342	547
503	10
171	258
943	421
639	692
630	237
13	92
693	53
184	1167
354	222
625	212
413	269
940	176
884	258
321	190
233	100
882	177
883	490
344	95
826	332
602	127
574	896
878	191
393	85
754	476
216	302
645	286
132	521
586	160
683	316
682	808
308	614
599	756
871	781
806	655
889	470
741	121
823	194
379	143
10	205
134	315
526	100
587	689
307	62
796	1285
387	195
16	509
933	168
768	815
500	740
804	504
269	603
487	150
60	135
342	131
660	315
60	419
505	172
213	98
630	70
419	257
900	318
5	210
747	514
735	319
907	405
551	1059
107	325
863	879
633	328
830	241
168	924
394	405
224	687
293	283
645	168
843	1480
415	328
406	468
847	95
95	392
560	288
239	150
407	568
92	228
758	218
405	1053
405	649
889	207
524	50
275	380
282	319
921	1060
806	186
563	301
72	50
590	137
248	187
385	192
327	960
461	50
73	179
517	597
532	148
669	181
855	855
256	657
640	62
847	219
881	187
339	204
592	469
128	121
69	334
271	963
605	294
254	871
492	185
379	200
620	393
757	732
292	1142
7	265
435	743
254	168
430	100
533	303
553	182
11	737
546	258
450	155
256	568
629	984
521	202
832	895
267	64
676	258
299	167
833	670
442	871
829	213
758	99
932	805
449	333
796	611
416	2
591	709
516	523
591	64
478	168
567	252
329	39
537	547
762	286
45	278
553	8
894	165
405	645
924	286
365	108
42	175
394	403
457	655
41	188
101	1009
761	289
453	742
647	173
608	283
551	26
648	66
882	202
773	318
840	45
661	657
405	549
249	242
676	288
433	276
942	313
537	352
645	1018
542	588
623	642
561	159
844	421
405	622
747	222
93	276
240	349
128	131
455	1265
864	393
843	443
641	528
521	173
293	162
847	596
280	228
847	1137
114	318
174	780
588	732
588	366
523	663
896	562
567	481
202	1
830	231
790	405
887	8
618	164
174	1
918	417
712	71
709	62
38	413
562	458
747	989
442	810
58	12
664	433
456	179
606	196
303	1407
524	277
733	1173
462	321
536	167
838	750
716	488
276	1221
295	238
880	194
38	1035
889	403
567	679
327	28
534	15
537	129
585	634
303	228
586	284
490	455
398	2
804	664
711	949
655	1370
897	670
18	204
452	371
676	313
452	276
479	190
440	361
457	372
757	771
748	402
741	226
429	662
462	328
413	245
381	607
577	728
672	124
380	712
932	155
95	648
551	111
276	755
429	367
487	393
447	98
783	269
373	433
880	347
731	133
648	740
345	286
391	1163
933	470
499	516
486	1197
360	285
747	30
569	546
804	520
506	417
274	1051
621	80
854	664
294	986
744	479
763	59
758	722
833	449
399	235
913	209
23	8
82	99
457	125
474	275
354	1065
267	579
566	31
393	1028
437	129
59	622
378	744
126	881
864	48
880	655
405	1062
141	282
655	86
417	367
429	155
828	895
218	657
655	425
942	328
896	172
295	1473
749	622
533	13
892	423
181	224
77	833
642	1039
72	98
303	151
28	200
393	24
134	302
823	125
896	765
637	289
790	159
34	324
763	280
705	228
367	331
29	303
537	184
514	750
290	139
682	717
178	1315
882	96
540	742
193	895
239	1204
912	268
374	925
447	276
708	690
339	415
911	659
774	118
489	539
405	790
429	443
921	282
805	213
391	213
177	160
584	172
592	893
429	562
680	408
605	137
859	288
109	64
524	449
422	410
110	393
904	709
835	196
848	204
407	408
936	1009
497	94
324	458
822	206
793	150
588	155
766	965
789	628
844	82
502	343
327	919
363	859
425	1464
553	648
429	1011
639	1005
308	82
937	293
942	750
907	1016
602	257
474	227
474	607
429	156
484	143
592	204
293	159
693	77
338	208
587	988
691	1
13	177
495	55
781	258
641	23
435	1231
525	121
89	107
54	634
406	211
1	198
194	736
294	682
666	692
423	355
729	901
17	323
457	215
886	467
499	347
118	7
618	1039
389	383
590	864
749	735
504	199
8	195
659	569
306	111
918	640
561	214
429	928
346	240
663	1161
474	127
415	483
342	93
622	210
617	269
750	876
115	279
885	216
896	29
405	724
919	200
425	82
788	620
640	161
747	3
291	33
659	498
852	827
553	528
619	29
774	50
296	663
151	512
419	478
411	304
180	939
426	492
798	1003
104	340
768	1
834	25
194	871
936	93
503	125
487	501
478	235
499	301
654	239
345	980
59	432
320	1047
844	300
928	333
556	288
842	754
527	234
366	637
347	180
457	168
773	427
224	107
535	919
450	345
606	260
442	800
399	24
669	408
495	181
625	25
125	172
293	732
327	260
752	322
512	1
411	186
58	168
110	96
591	66
519	878
276	375
362	313
642	1285
758	997
276	53
634	1049
868	1
520	310
618	288
840	855
378	403
709	860
889	1153
332	824
331	1296
328	153
59	226
782	1669
87	423
868	133
826	435
660	204
527	183
651	306
450	185
852	250
268	1098
48	302
216	201
596	50
664	196
496	154
130	1244
860	287
885	237
409	30
59	1112
745	50
843	151
450	399
629	566
645	202
36	333
11	719
320	760
586	451
846	55
727	148
758	780
709	546
577	168
840	50
677	1011
369	919
616	879
592	825
435	33
130	1019
533	603
647	405
436	1135
882	369
585	462
224	526
867	216
46	286
862	117
286	137
291	1073
598	300
450	328
923	276
668	333
625	144
85	197
773	179
943	541
786	289
428	1024
11	393
916	60
912	507
18	59
13	455
864	73
291	94
581	275
194	659
92	5
464	515
332	12
600	385
786	222
664	154
233	640
650	391
828	886
223	873
655	676
600	38
622	482
83	864
18	216
85	1039
939	266
94	66
363	1214
435	448
497	810
486	245
680	294
504	739
840	190
690	1207
311	623
918	137
432	300
479	602
54	148
833	174
883	228
630	640
766	385
711	143
630	31
883	971
151	525
761	455
144	411
632	100
262	785
198	1245
567	1022
606	647
659	526
92	58
308	99
835	28
506	742
305	60
339	250
398	95
438	286
308	218
371	234
758	286
206	310
548	234
604	413
653	53
796	783
99	315
682	710
226	713
222	338
279	1034
206	1429
429	208
56	191
11	86
332	815
416	1264
707	1022
452	22
467	455
822	358
916	1335
669	235
5	420
449	288
533	879
343	357
711	169
457	218
518	508
258	877
932	488
11	173
922	63
818	269
200	94
248	283
787	681
731	69
881	480
655	1071
363	159
536	387
327	180
610	489
145	1283
659	161
44	231
18	480
108	294
667	316
650	630
573	179
617	496
883	70
805	569
453	403
277	293
711	941
18	208
95	25
347	928
334	403
174	951
896	43
187	216
434	147
318	321
788	828
808	288
758	895
751	237
279	257
577	40
200	325
447	257
405	378
617	444
524	116
455	118
503	736
417	1119
467	240
659	604
113	1251
829	512
577	402
755	881
819	315
374	192
314	794
370	443
504	151
824	322
90	133
587	327
94	813
193	38
334	310
125	67
611	303
653	693
435	52
450	304
395	748
746	222
503	475
385	198
788	553
880	294
608	699
693	172
785	318
932	1266
648	187
886	160
587	890
642	470
331	467
460	248
784	750
495	435
279	869
606	993
705	229
738	238
155	872
707	371
896	148
52	100
534	151
642	391
608	611
625	654
650	389
896	55
409	186
73	382
214	250
846	203
144	423
796	218
392	272
773	887
653	1210
907	268
358	382
230	214
721	687
38	717
694	204
660	652
591	110
504	54
305	486
164	825
582	117
449	251
189	89
669	216
313	489
886	237
269	775
497	864
457	161
788	231
577	284
279	27
664	156
591	934
320	774
497	49
332	264
43	186
663	357
269	715
615	213
639	14
154	200
326	511
605	238
6	489
499	300
805	1119
35	748
861	52
833	188
620	246
231	289
669	168
897	82
13	813
378	747
339	474
504	579
586	27
553	132
295	461
184	403
789	1008
276	80
601	173
881	483
524	514
706	181
783	260
840	297
862	82
859	381
495	449
276	890
724	327
223	619
430	248
368	164
727	982
747	929
721	809
490	993
847	121
324	285
234	1447
374	291
738	636
468	182
907	553
595	597
459	274
496	961
825	174
867	323
592	116
758	50
935	283
43	258
786	276
862	121
699	978
125	90
740	294
793	456
375	183
623	227
429	972
542	80
587	326
913	531
676	173
399	471
738	403
889	237
493	328
188	100
416	127
590	1061
545	384
874	191
293	161
194	69
561	62
59	963
428	242
230	22
429	194
883	461
65	73
916	153
558	14
749	328
694	216
423	10
2	237
618	49
654	118
484	248
504	245
655	153
851	1094
373	735
278	752
312	613
43	231
648	820
336	763
325	105
666	187
230	168
648	17
864	386
693	281
927	374
595	676
899	25
664	186
642	527
634	717
514	301
911	193
549	237
47	286
502	893
662	1511
805	248
539	258
198	823
548	717
750	688
653	300
654	14
450	722
824	259
363	325
538	405
567	847
92	382
665	286
561	318
815	386
447	1028
591	956
862	433
542	585
899	710
145	274
790	1471
236	423
345	1281
399	559
768	100
702	449
285	205
442	1170
557	58
664	95
189	1315
363	559
527	100
839	220
201	45
478	196
881	573
889	1069
842	269
399	454
904	237
896	662
302	358
152	88
716	405
527	127
645	200
148	418
838	300
359	930
5	250
551	943
94	484
771	114
606	127
796	1048
833	127
458	496
536	408
932	136
790	742
707	155
560	121
387	11
44	102
417	444
301	94
256	174
537	529
194	208
766	202
308	550
686	192
715	778
883	684
364	319
690	1028
92	1046
293	895
162	1
617	145
65	168
244	80
93	121
776	760
724	882
453	451
200	582
500	1012
207	470
787	311
749	845
299	58
221	762
691	79
450	423
447	559
325	208
421	56
514	87
551	346
342	57
503	237
487	685
301	183
883	265
798	463
21	975
852	100
363	283
529	268
211	117
823	333
378	436
394	84
530	333
214	127
514	796
854	498
776	192
588	1047
747	661
931	896
692	762
380	12
454	70
721	261
533	150
548	431
555	340
405	1487
378	496
144	476
916	173
622	721
642	571
677	237
297	147
670	245
774	89
268	127
405	1499
497	29
286	173
826	510
401	659
445	300
766	132
313	229
561	588
85	1136
751	210
398	47
479	264
588	206
555	748
449	276
391	678
476	585
876	288
417	186
650	198
293	317
472	496
99	92
76	172
771	91
714	924
660	90
600	172
262	210
436	1248
299	49
854	303
425	357
184	20
815	144
276	96
943	50
704	1299
758	26
682	254
688	754
171	303
634	100
643	420
346	1135
387	410
796	554
841	300
592	183
828	20
234	464
234	277
721	266
743	289
715	955
371	69
566	755
657	300
272	746
523	255
483	313
522	173
919	326
758	705
568	30
419	286
751	11
514	157
796	198
693	471
535	302
614	1009
417	452
455	245
560	127
385	473
7	275
761	117
878	732
553	191
798	694
846	1110
650	635
909	531
854	619
788	623
745	9
495	1207
823	408
500	43
267	391
890	258
653	1183
731	603
840	495
688	309
176	508
421	516
921	25
488	133
899	237
807	418
343	150
359	50
698	83
844	56
299	753
715	85
868	180
268	435
378	735
864	1248
555	265
230	216
449	546
190	245
324	742
445	748
889	511
674	742
521	186
474	633
559	511
311	306
354	165
373	627
301	550
7	50
722	111
728	322
503	58
627	1004
922	385
660	1020
92	926
724	302
491	493
388	845
437	404
495	432
833	38
5	456
102	760
174	278
92	271
560	111
272	174
385	1128
422	222
543	163
428	1280
354	792
532	931
821	97
495	1119
880	1017
543	96
645	488
264	275
463	10
896	92
253	518
667	487
814	667
290	318
72	770
442	230
598	260
450	504
379	403
268	658
925	563
441	1
280	33
922	235
102	49
837	283
532	22
903	89
7	52
416	500
253	591
845	311
195	384
342	1008
409	474
846	230
738	916
207	33
727	432
456	603
442	979
206	242
445	298
389	1114
392	493
429	826
453	684
687	678
943	239
929	205
81	619
53	50
933	186
141	1023
805	185
378	1230
491	236
653	742
529	331
328	54
815	705
738	455
334	569
296	237
886	87
442	367
611	307
394	665
62	708
13	439
698	525
655	1170
378	660
474	471
270	665
665	127
852	826
724	751
627	184
45	762
73	129
624	1028
437	213
388	218
89	1119
141	1040
535	223
336	94
655	887
699	117
474	181
292	24
542	42
401	357
178	339
504	1118
610	313
889	550
813	326
320	288
934	316
381	102
637	246
288	511
804	639
521	181
351	989
151	97
484	742
835	405
835	132
269	710
144	281
710	127
922	122
579	69
922	175
880	81
368	569
2	276
506	465
654	1016
323	258
311	650
653	125
566	71
786	871
731	945
730	340
130	1278
447	762
561	89
85	50
455	281
756	566
867	134
805	1091
497	384
886	33
830	100
500	129
592	985
561	469
573	135
623	648
654	210
417	81
804	215
25	86
441	683
913	466
655	282
77	641
110	566
752	301
524	322
653	98
405	403
406	150
10	604
803	261
49	25
406	101
488	511
862	141
439	1600
894	109
276	943
747	176
556	321
405	542
305	729
923	281
868	100
255	222
327	183
561	9
579	268
514	268
288	121
429	768
142	42
72	229
758	236
774	577
932	151
100	678
43	28
790	203
151	1039
720	345
943	546
653	208
501	298
434	1152
151	488
373	949
862	546
716	604
671	864
223	993
886	65
881	77
539	238
287	895
95	815
305	478
308	506
346	89
806	143
373	1133
357	456
181	108
592	789
181	880
593	597
334	902
804	98
933	576
834	886
924	742
22	731
907	713
897	406
606	168
917	255
897	849
660	301
506	209
655	135
435	369
196	173
454	258
782	1393
639	580
316	170
493	550
524	541
622	226
455	597
472	96
500	755
660	898
337	227
102	117
853	879
1	89
7	594
102	210
708	121
116	323
838	111
348	974
529	307
416	509
481	430
60	393
597	988
929	474
470	544
724	1127
175	187
312	97
60	1125
508	378
393	90
716	213
758	290
104	294
543	582
346	366
642	89
59	42
655	81
901	180
93	1
864	125
733	107
433	326
298	211
454	195
829	509
518	410
308	185
84	15
585	1449
307	181
758	676
653	367
901	63
25	141
64	326
468	222
721	749
545	380
589	689
759	1
399	384
3	329
586	53
429	1017
181	333
464	1226
745	646
648	722
600	720
758	619
379	205
862	183
429	403
457	52
354	45
271	493
435	413
16	943
672	515
234	88
145	268
135	98
553	527
889	169
625	519
407	448
851	687
174	843
727	483
315	178
722	696
22	187
13	510
581	253
416	176
599	288
436	187
454	694
756	731
837	1009
627	328
666	255
373	1147
106	1028
494	126
450	612
548	31
59	15
567	641
62	117
643	656
897	479
457	287
682	862
637	690
693	23
458	9
790	566
671	31
76	1006
522	492
745	203
840	566
479	380
399	195
927	1415
405	1391
868	423
650	2
276	915
795	72
184	51
160	455
729	689
749	162
766	50
458	284
757	576
735	676
923	689
889	357
919	340
573	183
766	134
293	48
651	309
747	648
422	294
523	186
385	1131
417	396
130	179
267	455
18	142
741	28
478	150
855	509
833	111
559	508
728	748
181	1011
495	523
437	124
588	161
552	237
334	196
144	271
778	441
18	65
813	342
733	150
899	2
496	380
308	156
367	564
456	53
826	849
838	596
399	1217
901	477
846	581
168	1012
174	781
143	322
488	50
750	322
293	196
790	211
76	129
889	177
707	921
884	382
573	237
533	1174
600	526
804	629
872	273
880	407
757	97
830	696
567	124
564	181
543	161
399	57
840	97
541	111
268	120
845	306
59	792
666	162
809	319
138	187
778	197
276	1000
756	275
658	169
544	748
59	435
897	69
540	7
92	418
698	195
738	655
484	393
497	164
926	269
472	378
457	50
595	151
517	1
825	126
417	209
497	1000
452	1383
178	1016
634	313
542	230
561	701
916	193
328	187
535	389
496	1459
403	235
291	79
144	280
496	484
804	472
574	887
198	27
453	364
429	111
255	982
133	539
144	527
622	82
933	392
473	321
828	355
513	265
593	949
896	160
429	190
100	294
552	866
291	364
914	88
194	474
667	318
7	140
840	153
780	357
428	344
207	841
826	385
303	143
465	474
7	628
921	79
901	235
894	25
525	762
493	118
343	286
881	132
774	1228
620	452
543	69
663	151
450	845
880	260
664	53
864	245
541	1
450	322
483	180
655	753
417	825
85	191
207	9
257	245
686	48
458	174
123	185
331	735
522	530
76	93
664	276
586	470
491	23
293	746
299	152
625	50
661	28
867	180
817	273
756	178
363	380
786	172
436	239
328	383
396	472
916	715
487	692
804	151
694	582
683	472
339	644
796	50
363	11
327	285
288	100
416	1337
836	531
709	508
203	1049
758	790
753	183
653	228
468	218
274	924
622	64
579	326
749	531
532	155
883	283
591	1120
664	215
59	55
761	15
551	827
59	240
533	91
13	748
406	217
833	192
665	117
667	192
408	358
184	223
595	127
200	95
184	655
645	708
868	265
748	237
764	1046
541	420
567	185
617	134
210	483
562	402
807	403
92	546
553	187
201	46
924	519
889	77
487	1188
107	268
755	880
606	833
682	693
557	289
804	118
802	258
94	195
324	150
655	405
332	8
640	64
601	479
83	371
619	332
409	1593
614	756
347	24
783	881
49	171
774	672
491	237
456	479
552	151
822	1240
223	476
311	323
193	282
892	79
251	25
198	433
671	38
540	1011
807	757
682	427
518	1
927	761
655	1046
553	609
854	56
766	518
378	435
530	64
434	369
336	122
650	476
343	153
876	48
501	25
870	511
864	62
428	329
437	1098
283	100
825	323
782	691
648	33
15	823
355	260
35	258
543	38
686	134
796	96
385	1069
805	477
151	238
116	289
690	232
821	483
877	402
650	495
846	392
404	323
784	258
791	181
833	100
618	192
403	370
490	255
401	125
912	154
682	1132
94	187
530	174
236	210
151	642
328	559
249	31
279	130
399	338
349	1028
499	527
565	509
453	1079
63	287
339	80
387	186
723	748
868	398
517	335
796	161
399	977
213	511
825	1163
569	124
919	129
775	327
542	97
298	134
498	591
21	872
861	26
577	1028
93	934
297	13
837	740
49	42
883	134
804	70
870	1098
493	82
279	1435
450	188
682	81
790	25
332	763
798	163
542	12
881	81
503	38
919	591
429	1203
747	192
189	498
106	280
360	174
327	318
710	277
543	207
222	1220
270	559
781	64
758	25
864	471
804	413
739	97
406	596
92	651
399	658
682	95
293	416
346	29
806	455
829	10
447	470
878	154
327	393
393	463
712	498
774	403
655	914
782	1620
110	230
392	255
222	772
727	73
896	42
279	1059
387	1011
699	1093
462	259
170	348
417	404
738	449
311	501
896	431
698	505
257	1129
497	208
627	197
618	1
750	245
758	179
751	603
782	881
504	505
830	22
533	176
487	385
382	59
361	86
803	339
699	276
694	511
760	111
764	693
916	1135
454	961
206	360
151	427
487	257
903	154
480	114
718	685
746	233
346	293
806	433
883	648
846	944
422	127
314	393
815	95
618	191
497	97
324	508
253	1039
208	66
600	1239
354	319
379	175
788	781
896	28
288	210
119	210
188	151
97	173
542	288
606	333
741	56
514	190
645	56
899	230
655	152
326	170
64	310
940	508
471	102
622	172
156	77
606	844
647	1263
197	326
714	300
641	338
416	353
301	109
92	246
758	653
60	501
634	322
429	816
398	496
5	431
76	7
727	72
466	566
566	480
504	310
374	98
833	12
488	515
417	871
500	89
334	324
436	144
721	755
592	293
268	578
48	357
694	632
492	69
417	214
846	648
887	871
347	427
648	746
598	349
474	463
541	222
278	288
545	680
311	192
387	98
924	402
698	498
30	29
498	554
727	569
747	498
303	50
708	476
334	642
454	118
845	1399
916	1014
195	59
705	284
790	13
417	1086
265	294
452	496
393	1249
788	58
271	487
795	429
442	96
463	880
254	265
44	419
642	313
484	14
235	50
913	465
181	242
523	306
495	182
81	186
317	355
200	62
372	292
287	952
617	615
896	840
176	475
535	792
855	60
630	25
417	40
246	1228
641	865
922	562
621	67
625	238
474	405
854	106
733	137
933	58
500	111
89	236
561	461
586	237
682	183
721	222
406	427
919	301
119	196
234	636
8	566
551	135
858	333
804	448
843	636
659	159
119	258
937	408
896	1046
584	423
901	728
474	173
693	228
568	494
733	279
495	498
548	302
939	1277
659	482
119	226
682	423
394	250
249	50
543	170
655	448
858	689
716	836
749	144
588	132
486	297
889	128
294	301
382	252
195	358
551	54
515	289
498	168
187	660
198	121
473	276
486	244
548	991
864	222
144	847
595	544
645	185
373	684
747	17
864	67
363	657
207	535
682	1135
615	197
469	511
880	151
498	1073
650	968
642	195
731	494
233	196
891	15
84	282
843	205
940	56
592	484
663	321
890	215
773	200
60	799
862	820
655	1193
454	468
922	202
608	190
484	98
455	40
925	788
919	423
416	542
280	575
653	11
112	339
721	50
657	301
125	186
233	501
694	1205
450	494
779	328
474	172
648	208
587	322
109	161
505	553
213	1012
653	619
848	185
871	174
586	235
691	178
682	1090
478	300
500	522
149	302
215	496
942	183
87	232
7	652
369	168
435	222
275	625
923	1011
890	444
246	831
117	895
790	215
650	601
246	211
746	79
711	77
526	936
786	520
872	895
833	184
688	341
318	869
712	400
824	678
487	658
379	568
109	386
270	794
725	288
497	769
293	187
867	294
562	56
880	780
829	339
562	144
488	153
738	228
409	632
566	157
640	566
405	1590
707	1281
59	462
330	31
892	497
452	212
327	70
694	485
591	712
286	569
455	323
38	97
450	631
347	17
883	856
416	14
552	257
913	481
868	496
642	864
796	722
629	709
827	316
721	245
618	204
285	270
293	1311
264	222
546	665
313	493
60	225
532	241
537	313
479	732
870	735
497	1042
222	623
667	301
583	530
269	644
902	304
62	924
109	175
70	94
59	243
870	469
58	1012
224	570
806	475
1	109
642	473
655	462
700	98
710	310
682	586
757	455
551	660
7	465
566	673
391	168
457	164
495	158
271	28
181	1349
806	879
184	40
690	794
504	414
379	28
690	53
747	675
732	305
537	314
897	455
320	827
460	1011
912	474
907	88
764	321
561	197
766	378
130	1276
301	43
350	1039
393	1178
207	96
18	969
85	152
601	443
892	946
495	173
865	471
336	70
798	1285
889	100
343	241
339	511
758	152
887	718
670	228
378	382
878	269
868	825
501	628
815	196
707	458
100	1234
629	127
385	254
200	392
812	302
828	83
436	568
632	475
922	56
594	19
577	38
195	748
896	248
387	248
519	1617
463	311
883	30
892	172
731	1
500	39
128	770
421	144
655	166
553	617
759	118
405	49
727	70
625	197
334	906
436	660
537	924
479	215
762	116
744	307
862	423
303	29
880	40
463	270
388	333
454	490
891	181
42	174
634	240
749	257
676	354
579	238
256	460
522	100
528	204
865	240
870	382
541	168
864	511
456	61
246	254
435	800
18	404
187	214
222	742
550	294
872	893
921	151
389	47
6	427
611	690
915	305
727	774
718	1048
630	123
158	55
655	285
474	187
279	444
868	127
767	478
429	193
200	245
807	408
846	2
551	4
627	2
643	231
288	176
862	250
21	873
627	467
551	774
682	465
682	1221
919	1073
749	199
870	1073
659	649
343	1047
339	449
776	607
661	255
263	260
267	1110
24	421
114	485
385	205
642	420
875	504
602	1
214	1073
60	89
514	170
87	435
521	423
411	89
842	268
497	25
617	100
442	470
748	181
599	471
456	100
389	208
854	1016
65	531
44	1
635	300
658	8
421	127
738	179
716	631
504	612
381	588
782	1643
742	181
268	636
833	436
552	1047
277	844
271	371
707	799
445	1534
91	132
201	202
435	121
890	637
868	408
627	237
687	336
654	274
416	592
847	820
857	304
301	426
268	1178
687	749
937	50
474	79
926	315
324	50
880	571
276	582
335	322
490	124
870	481
635	748
782	894
782	1251
497	1210
99	22
693	199
405	1206
378	195
487	48
194	387
416	213
241	270
561	205
338	301
222	735
654	95
350	181
553	506
313	183
545	195
194	483
187	168
85	27
284	268
363	778
406	372
893	298
889	1074
796	236
537	191
561	733
406	632
654	317
380	744
32	1023
308	235
535	519
463	116
864	102
448	884
652	257
299	179
387	129
505	419
495	575
654	116
943	64
665	301
870	497
840	14
399	754
432	815
522	523
646	683
885	419
360	520
747	108
416	812
766	483
407	154
256	245
576	15
420	190
629	886
608	506
907	739
880	92
666	729
763	197
72	518
607	950
749	712
7	561
398	96
676	22
141	984
494	924
264	645
643	238
823	140
254	584
721	729
275	434
198	411
249	298
346	394
395	472
595	1259
679	327
234	1121
702	300
87	56
142	346
25	692
466	241
566	479
707	1204
747	196
885	417
671	273
271	505
466	899
301	196
379	251
839	696
305	485
397	8
569	151
498	486
166	984
368	561
354	744
637	1033
886	762
59	845
313	143
707	1101
839	118
385	557
862	640
943	508
426	1451
195	326
534	1034
910	100
354	478
815	50
181	455
313	82
7	73
305	286
935	237
830	661
62	1133
862	193
642	402
919	99
788	451
406	92
889	22
646	315
177	678
860	732
316	162
504	56
92	243
543	1099
407	218
128	924
92	823
715	12
765	15
547	751
96	127
460	9
327	228
643	447
334	707
268	12
210	926
707	487
270	1074
87	281
653	193
283	393
920	347
13	811
22	175
847	419
918	582
506	686
95	386
773	175
732	304
601	39
632	550
270	50
694	211
305	191
712	238
243	125
477	1051
782	316
661	471
799	319
659	234
943	549
648	423
61	751
750	748
382	334
542	237
758	300
405	177
900	124
646	893
223	284
774	834
355	329
606	307
116	124
184	496
50	1008
592	235
918	658
851	475
653	197
303	678
185	276
201	1128
416	924
661	175
532	187
805	1098
782	1527
456	616
707	1163
626	294
50	319
548	254
213	154
145	31
154	945
595	240
759	678
623	163
883	1045
846	209
606	845
451	874
695	333
233	14
190	826
707	1171
457	673
450	939
617	569
896	71
919	272
605	133
376	111
795	640
854	50
437	202
476	430
671	184
642	412
254	1443
525	106
499	7
896	64
642	404
902	479
649	127
52	919
850	969
757	156
846	806
406	746
773	1071
868	501
840	195
833	675
894	285
417	450
527	91
174	905
70	142
804	50
144	223
648	24
505	195
788	427
450	431
406	184
567	504
889	232
230	71
156	100
50	100
663	123
385	429
358	258
896	587
311	100
592	512
592	339
800	457
463	13
399	552
360	531
118	234
408	286
183	177
776	708
453	1273
627	188
115	13
670	1299
452	815
936	125
630	535
718	111
429	1048
450	481
504	288
812	682
846	527
536	385
886	636
221	469
307	483
840	737
823	686
488	228
835	69
682	352
618	443
451	329
568	512
892	191
889	153
889	782
573	479
437	1090
833	526
435	401
474	650
655	529
506	385
380	196
222	477
870	124
544	331
365	294
437	1007
301	481
394	230
489	289
763	375
181	1008
497	1047
241	310
709	209
760	604
768	245
624	1289
618	7
184	396
336	401
770	596
824	748
708	934
342	1315
301	288
724	289
11	237
435	382
648	519
25	479
7	258
712	102
572	13
375	176
650	926
117	789
72	5
795	477
797	309
896	58
634	93
524	286
320	627
593	470
643	418
927	174
346	64
524	416
2	302
210	230
413	283
503	319
80	154
790	184
456	985
551	727
897	95
923	591
22	732
682	585
864	623
158	120
426	754
878	98
524	483
545	173
484	720
741	699
567	608
216	237
815	405
299	915
303	21
409	382
865	763
940	174
749	215
464	302
936	1097
815	313
846	721
795	727
158	694
795	425
601	482
178	233
332	245
903	64
766	99
926	289
334	500
387	581
650	637
707	170
470	950
943	1067
782	1023
923	174
621	273
145	62
69	181
139	475
684	208
5	399
766	8
843	82
249	191
450	489
185	178
463	892
77	527
538	710
927	1
590	276
296	127
43	189
648	183
268	399
405	94
530	255
249	588
764	820
293	1048
588	778
659	313
892	523
847	204
92	737
916	125
87	121
892	636
130	469
416	333
886	410
896	1045
566	80
601	1135
7	600
933	182
130	892
457	223
393	964
530	56
458	169
749	322
400	258
109	231
405	1308
722	237
354	451
347	163
532	105
60	434
184	644
176	919
605	14
630	174
110	873
693	117
474	479
560	260
297	529
478	40
795	403
682	317
174	721
514	647
607	121
456	357
561	50
391	186
416	124
851	264
533	475
617	498
454	12
293	1333
293	70
452	61
655	481
933	215
407	186
936	1226
900	410
23	161
514	229
699	7
488	318
508	176
625	705
21	559
117	252
622	449
733	515
804	972
345	628
474	318
216	763
385	417
36	358
831	294
894	311
879	1284
573	192
862	216
186	887
452	780
504	142
852	678
833	441
243	1
653	1228
262	278
858	286
251	33
291	97
854	195
119	458
524	180
724	323
462	332
561	346
730	685
854	499
566	89
458	845
433	1005
234	173
648	1
840	117
177	42
527	204
93	866
519	991
327	92
184	528
327	12
858	181
655	305
62	283
311	393
468	435
862	61
374	55
477	553
536	189
334	181
447	153
608	238
246	652
883	81
796	747
796	431
746	135
530	322
488	873
378	78
936	333
201	1428
524	55
234	144
250	988
841	748
394	383
457	742
680	845
572	222
606	537
877	83
551	1028
250	202
43	9
630	15
13	774
390	300
840	513
345	1074
561	276
773	92
712	949
881	21
621	721
864	1140
903	994
405	1404
913	8
694	606
561	207
660	797
532	250
272	183
885	476
412	114
132	664
566	318
190	273
495	282
796	434
735	7
397	289
398	1
472	71
126	315
102	373
235	1451
542	818
706	273
882	841
398	604
606	111
92	233
716	111
846	161
881	414
622	1207
727	746
514	209
845	750
907	318
85	596
622	385
383	185
922	1079
842	1105
682	721
682	410
321	19
457	134
560	489
676	271
311	436
555	326
497	418
533	197
15	251
447	222
864	1217
378	68
586	318
655	1602
148	227
393	4
331	506
459	333
747	15
207	23
815	659
521	108
727	157
437	131
864	15
456	979
552	932
831	250
705	161
719	58
919	1101
188	22
853	307
615	678
854	811
13	358
450	584
500	244
506	183
627	199
38	84
569	924
774	514
846	380
437	707
398	125
330	197
141	257
650	554
881	265
922	237
328	665
13	367
588	678
456	42
766	211
532	136
361	451
194	121
848	127
203	237
561	921
828	1062
194	820
709	747
627	679
573	513
493	264
853	333
643	639
475	100
500	1069
46	125
116	252
748	323
848	501
506	12
534	129
429	582
486	262
437	1006
456	208
476	781
833	628
450	176
620	951
450	657
890	655
542	684
7	70
881	685
529	343
859	1014
343	943
36	873
785	56
480	190
559	515
669	190
401	315
897	866
622	88
842	302
757	254
716	484
276	197
892	176
189	83
666	269
619	188
535	196
265	111
870	1074
913	656
643	163
186	12
407	739
361	70
471	1219
56	1074
393	787
885	451
42	826
804	746
313	497
790	496
456	1218
764	280
337	250
40	305
632	188
87	575
839	713
295	794
844	946
826	174
524	386
906	991
402	228
615	660
548	696
394	96
455	200
747	231
477	111
684	237
271	847
394	651
399	246
532	425
425	310
94	22
566	122
699	933
650	404
39	307
308	157
919	294
795	222
828	288
324	321
507	334
750	328
542	401
303	155
704	205
244	318
804	662
704	185
653	223
833	455
171	272
916	147
699	323
221	59
594	245
818	328
804	265
573	144
846	1041
462	655
632	633
862	432
339	719
606	58
601	921
794	249
540	222
553	603
370	183
648	498
538	528
498	919
507	352
834	628
809	331
640	1244
721	82
894	639
493	483
712	655
768	476
130	449
871	1430
815	871
443	327
94	90
399	465
885	97
458	483
358	582
563	862
417	1040
542	347
716	474
405	641
464	116
392	209
407	603
601	64
588	584
291	124
393	333
864	642
308	208
586	148
210	234
524	210
660	239
524	705
801	333
608	886
537	970
835	191
731	1039
393	66
645	81
468	955
564	930
916	3
450	509
804	436
417	506
402	476
899	291
561	97
363	651
195	740
496	99
850	705
758	1047
472	562
716	1286
794	13
627	713
276	151
922	411
530	815
65	423
487	366
745	204
650	229
933	550
94	622
735	748
435	105
255	273
327	628
437	195
104	534
872	742
727	1016
406	71
749	237
442	161
870	1044
757	58
805	636
145	96
332	470
536	736
442	203
453	963
861	1009
846	133
595	290
733	459
643	443
363	919
401	147
454	507
60	168
618	2
537	199
151	516
788	963
452	210
757	62
466	184
407	972
128	478
655	1445
389	612
601	763
621	554
716	515
547	338
124	173
735	283
889	32
653	153
815	158
496	246
472	405
490	458
406	124
467	248
561	130
105	748
655	133
639	28
417	723
864	1044
389	199
699	270
378	1311
457	175
276	382
524	527
774	1079
548	164
440	350
703	328
450	781
453	73
222	257
614	25
461	121
641	270
499	313
599	846
578	324
621	385
796	237
843	385
747	639
886	186
450	558
943	831
144	647
561	124
712	376
932	153
90	193
625	70
747	783
65	255
747	428
409	1360
537	346
606	287
763	234
393	99
297	230
184	95
472	150
687	988
425	853
344	562
474	380
632	68
782	935
603	172
776	511
246	1411
436	43
707	902
455	709
25	419
871	342
899	499
766	497
663	676
291	405
642	90
629	204
773	109
653	239
752	258
804	763
605	9
299	207
456	91
429	63
542	240
806	265
66	257
168	930
366	445
932	650
580	15
942	362
815	471
225	98
380	549
87	180
328	984
780	467
938	15
412	96
480	165
778	143
480	527
144	251
887	562
453	231
524	950
487	273
537	1335
524	380
929	174
138	45
378	1063
806	324
294	872
338	513
361	213
804	216
902	1016
655	443
592	1012
735	332
456	1008
569	291
233	216
506	423
698	483
527	429
261	243
77	28
240	242
488	135
268	455
913	1
452	197
571	124
686	179
330	228
524	649
804	675
796	934
665	195
291	285
28	603
397	332
621	576
749	495
370	181
301	12
909	166
456	508
660	663
886	1019
256	21
596	222
183	176
557	750
661	304
532	480
546	977
864	93
492	478
747	25
537	234
798	1544
865	258
548	581
530	1300
362	748
543	591
1	270
851	346
13	849
294	324
79	283
862	544
748	847
435	184
130	532
592	258
286	455
932	448
880	174
276	1301
899	455
642	416
389	412
536	222
438	471
437	226
7	64
476	648
70	496
825	369
357	546
764	597
497	62
733	1085
508	168
733	124
543	516
533	70
452	842
382	756
60	95
561	539
930	116
774	421
710	200
429	1418
73	152
524	212
203	100
605	276
655	796
524	393
132	151
889	250
405	727
851	336
472	109
295	144
45	411
520	289
724	326
426	968
731	608
744	508
618	90
825	871
565	83
184	692
486	14
521	226
334	129
499	511
682	282
386	181
749	511
476	26
896	597
878	153
615	325
655	513
527	1211
486	887
486	1322
347	930
889	273
698	198
230	699
441	338
435	658
94	67
326	565
758	31
524	1113
268	480
563	692
551	595
940	168
455	1034
276	161
279	764
143	333
804	443
592	1097
389	167
321	221
716	1126
639	709
8	688
459	687
125	181
504	418
202	269
899	751
810	294
903	708
388	323
715	193
343	324
531	245
293	571
885	418
943	184
548	525
223	820
529	1038
354	186
814	185
452	404
896	129
728	117
880	97
685	872
795	95
109	924
892	204
588	735
892	178
514	69
718	815
389	997
425	145
455	286
254	181
653	63
655	553
774	204
46	245
619	331
626	328
527	134
470	1
854	223
271	699
111	354
435	1016
267	31
480	603
497	386
477	778
118	175
457	275
330	443
546	53
207	316
797	259
547	315
8	435
538	28
323	50
325	650
501	117
810	902
690	234
497	382
901	405
749	637
503	194
532	682
753	195
503	615
934	204
838	705
655	7
690	239
701	124
187	710
609	314
741	234
804	692
726	845
847	289
878	276
649	1283
431	332
497	399
467	762
705	227
676	181
698	968
906	473
428	754
838	179
915	315
452	474
493	343
854	469
727	178
537	133
612	300
379	153
537	715
381	214
417	223
497	204
804	1489
860	303
520	898
450	747
887	274
645	955
23	679
499	307
248	196
886	399
521	69
336	284
392	169
802	674
633	288
943	402
393	321
314	628
362	323
666	744
566	20
601	473
830	837
506	62
595	845
579	676
846	289
642	225
537	539
102	327
416	631
716	141
618	195
527	507
532	120
524	208
531	751
405	231
399	405
622	230
48	519
488	162
130	819
516	50
786	89
416	1495
830	418
385	1097
521	95
542	420
407	635
852	25
22	384
922	568
95	209
457	676
541	941
130	1039
168	931
236	934
120	1
190	546
933	318
712	72
328	347
804	393
551	732
379	12
592	291
588	56
121	25
417	651
448	304
468	826
588	475
865	676
676	144
181	1054
178	748
186	829
642	41
474	659
417	365
577	196
568	135
807	177
798	832
103	211
463	271
130	65
927	739
79	906
406	602
660	231
666	433
705	215
417	228
76	182
601	69
64	227
90	617
482	301
514	199
850	8
612	924
712	181
457	196
881	705
894	1016
920	301
417	222
913	317
102	201
654	1
387	27
367	53
797	988
346	403
64	174
671	986
425	98
932	504
705	193
750	303
890	136
736	248
660	800
614	1134
311	64
438	301
637	325
239	269
276	254
705	94
234	1330
533	230
838	173
432	248
897	239
649	181
566	443
682	723
908	147
103	257
798	254
648	69
13	746
406	23
551	90
490	273
835	162
881	127
295	228
146	328
533	1048
504	735
515	286
763	99
747	223
851	112
387	181
201	521
815	217
932	530
804	480
456	109
474	971
807	542
597	825
453	423
503	269
561	200
202	318
345	298
640	233
536	423
554	275
803	887
350	210
295	449
304	313
328	956
83	50
593	157
710	301
367	234
445	508
391	61
788	657
659	1064
943	12
181	107
311	1041
142	134
874	14
363	248
13	132
144	466
870	646
193	159
13	292
914	371
176	328
689	717
600	586
692	100
354	88
327	582
331	221
532	335
478	32
669	915
774	1218
294	240
397	338
721	282
593	272
102	993
694	143
940	150
412	150
832	313
840	884
497	188
151	962
926	294
425	327
474	430
567	306
450	272
314	1229
269	1479
702	227
322	33
126	344
682	566
313	225
846	1188
349	25
712	652
846	1518
178	881
715	56
58	514
291	231
450	1490
537	499
933	96
218	663
405	585
527	324
210	821
629	523
94	173
456	72
748	514
535	4
668	340
421	218
587	877
682	83
721	209
434	411
694	528
697	628
268	128
269	661
196	1241
921	662
292	248
697	325
748	133
621	235
595	1134
448	900
454	873
889	1006
394	7
251	468
734	607
254	1060
577	95
528	294
6	202
870	1112
11	659
425	174
758	550
372	872
367	672
416	843
280	183
666	489
272	56
198	215
423	347
348	596
917	879
159	293
13	382
819	258
378	693
591	306
877	222
793	148
824	991
378	97
478	93
474	285
757	198
598	313
862	566
527	190
613	126
537	385
902	79
870	792
326	178
682	42
378	755
634	760
804	615
394	411
904	732
298	133
60	175
18	269
416	53
541	259
593	659
2	309
194	167
342	182
398	231
846	177
598	323
870	77
770	294
296	246
659	479
788	271
940	358
942	528
256	123
627	458
727	578
648	385
707	533
933	627
788	51
707	224
592	1199
95	631
716	216
155	245
922	72
896	942
798	648
617	164
938	1028
401	471
449	748
910	12
794	1251
659	792
561	656
262	433
260	333
660	603
276	1074
491	14
457	22
389	488
524	494
472	1139
708	1049
934	177
382	151
374	696
655	889
234	443
463	845
256	984
236	203
755	301
735	9
239	171
863	321
171	286
648	454
466	79
194	199
690	428
264	116
715	233
363	660
885	338
635	15
758	122
73	650
632	182
592	845
791	299
412	508
179	538
643	671
398	429
389	820
523	509
494	100
902	307
480	517
717	269
751	578
757	164
428	331
582	125
468	469
864	99
830	97
334	678
682	79
42	273
805	890
846	786
457	145
592	238
356	294
854	69
159	988
561	1149
625	739
655	936
796	291
453	80
670	1099
932	1121
378	218
224	925
795	70
620	15
130	196
94	993
607	382
838	72
922	395
640	195
758	183
360	357
59	410
476	401
830	633
442	746
561	232
495	392
11	69
748	208
397	171
553	434
851	682
201	1268
78	237
734	204
905	333
785	748
263	136
7	487
269	124
847	826
236	496
350	89
840	212
758	732
805	525
758	890
659	157
897	597
354	513
805	509
425	207
481	596
115	302
866	315
398	49
465	615
889	642
287	181
450	170
316	323
727	183
622	432
489	346
538	258
550	15
115	218
801	307
484	210
728	243
250	183
479	258
419	1
59	508
405	26
251	978
407	151
846	449
174	284
484	183
551	591
752	905
567	527
381	847
367	183
280	71
342	192
804	2
629	328
92	160
883	1131
308	583
23	144
711	704
625	210
886	772
450	274
378	443
380	845
916	578
551	355
508	191
641	434
499	520
13	792
854	302
846	505
336	367
664	151
804	181
505	423
916	866
486	459
826	768
207	276
249	421
123	1269
679	83
485	242
846	755
70	257
880	815
334	561
380	100
674	763
325	498
659	611
121	12
25	143
533	778
22	201
303	715
743	298
407	1160
480	203
49	2
711	549
591	866
721	111
664	588
447	742
506	46
428	301
825	176
567	469
916	961
790	135
790	241
655	1067
200	204
474	744
515	538
850	96
639	662
748	195
92	111
783	334
767	1121
357	280
504	298
848	195
874	321
716	708
665	191
3	339
589	328
200	419
180	729
719	66
373	366
116	355
270	118
773	153
815	79
736	1278
762	256
852	1052
913	99
535	58
141	250
653	196
287	682
835	143
425	305
159	72
334	297
222	571
699	285
897	1254
737	196
488	222
936	275
137	866
222	1074
114	135
323	763
497	169
611	353
473	10
796	286
276	373
663	521
504	181
551	310
407	169
744	50
903	182
234	1064
666	245
409	1392
472	421
200	195
101	117
890	674
911	496
508	69
860	289
885	290
553	641
345	955
894	288
409	461
943	187
894	264
606	33
417	154
579	4
696	310
621	249
214	896
435	284
843	1039
927	25
197	227
151	209
84	100
256	185
449	224
726	1
551	68
450	112
424	275
270	335
588	1098
294	100
312	499
886	47
901	38
632	735
87	546
883	496
726	310
899	190
476	216
526	333
882	660
433	690
640	474
569	475
521	153
600	802
896	1011
416	98
784	292
97	423
702	751
389	664
312	530
638	430
599	319
660	748
94	226
286	856
711	995
543	810
650	230
942	478
829	1067
733	10
102	95
318	77
363	226
825	363
188	484
308	566
399	554
21	994
508	229
500	242
747	185
456	92
775	315
173	687
711	218
287	108
94	54
653	144
60	59
642	934
846	523
23	919
886	63
605	582
18	430
697	1025
744	1134
360	137
940	69
618	633
870	185
488	492
577	727
922	810
693	64
420	508
496	38
291	670
118	132
592	971
838	24
81	275
301	282
892	1444
487	300
442	174
347	156
699	220
843	227
417	655
751	856
70	1
527	211
537	243
522	480
483	450
161	487
639	510
497	423
524	69
181	974
699	151
715	92
892	144
847	79
429	258
312	70
426	196
816	690
805	24
409	191
222	11
380	272
650	159
484	1016
933	53
805	385
305	171
756	642
632	210
698	9
531	289
423	340
916	227
561	494
405	1268
570	326
493	652
437	475
533	227
782	895
425	70
354	303
812	328
823	1118
363	698
466	56
6	8
518	151
782	1384
671	562
885	356
186	684
406	73
262	132
892	684
411	568
467	93
496	421
897	393
761	1
442	68
896	100
406	198
586	928
676	259
665	432
104	13
363	557
643	68
557	887
788	685
733	985
796	357
709	227
753	523
455	174
616	348
13	313
643	385
721	382
95	168
467	302
693	419
727	181
749	620
402	275
405	712
943	219
645	134
833	320
655	1553
551	150
430	258
391	291
892	825
78	871
758	6
462	358
940	289
639	1020
110	802
693	193
790	949
705	843
437	139
394	433
840	208
924	13
298	484
60	656
63	257
181	1326
618	23
442	27
139	296
711	204
682	148
889	423
543	381
796	211
101	7
768	1014
642	560
628	1025
920	292
551	89
414	258
660	328
65	294
502	338
790	22
650	164
561	762
490	137
552	225
467	327
387	76
872	334
100	271
852	825
184	629
305	464
432	258
450	215
537	1011
646	352
934	225
877	55
38	243
548	250
277	473
504	70
110	905
397	181
72	466
409	1097
447	227
363	682
18	198
642	118
579	216
405	397
23	153
731	190
296	199
13	299
838	298
301	249
455	288
698	480
69	237
456	1081
846	521
537	193
687	321
658	151
391	963
416	686
506	660
223	278
463	137
407	184
708	678
481	498
276	928
883	656
464	255
495	1133
620	1036
795	1036
81	1059
385	508
622	284
835	486
387	367
314	721
536	501
891	531
887	432
683	132
416	318
592	97
916	702
653	118
508	204
342	28
194	87
690	684
94	71
393	473
342	654
548	346
566	163
416	105
405	174
459	225
713	270
198	405
151	26
833	614
694	1035
428	271
856	270
523	83
882	969
774	1182
742	222
798	720
299	1103
409	276
486	1137
521	392
1	156
615	237
291	706
889	12
479	584
627	673
334	131
342	423
749	293
913	79
880	403
628	361
301	693
447	508
324	879
642	80
716	197
552	13
727	431
450	1402
297	11
655	113
181	687
314	1
130	38
148	189
770	813
883	89
567	257
642	1091
606	951
496	633
394	238
758	293
903	696
862	431
28	447
430	300
50	324
42	86
659	393
653	642
766	523
469	513
219	664
560	246
680	286
776	648
889	700
932	519
559	238
663	1011
16	286
343	744
174	1074
806	690
751	216
256	89
548	295
903	111
449	558
232	289
523	662
405	776
727	122
301	193
927	763
175	64
299	1056
151	686
915	1038
115	596
413	690
151	302
119	323
782	890
179	917
391	60
181	109
733	1047
751	174
560	845
328	50
810	326
290	378
665	154
16	404
405	1559
81	405
889	1218
747	93
207	60
815	77
409	714
670	657
363	230
828	213
788	370
612	480
1	165
804	213
630	295
768	235
44	450
512	97
407	97
525	300
194	90
409	173
655	1136
826	397
716	471
624	126
871	177
413	236
189	459
871	747
90	708
161	435
862	260
327	218
711	111
503	1
714	1152
393	1051
485	307
498	135
651	690
862	479
590	116
378	399
588	1044
188	265
59	649
651	322
343	63
72	212
338	708
923	295
753	427
321	863
153	258
796	603
608	301
892	615
870	483
767	172
843	450
181	1047
452	528
405	1439
489	880
821	56
634	13
411	73
870	606
846	655
313	662
577	651
834	255
181	15
731	378
141	756
417	596
54	255
158	399
672	476
815	9
865	108
334	1525
666	192
476	238
145	173
500	285
864	44
545	1228
826	820
521	22
99	367
416	232
835	484
682	33
887	393
625	408
109	257
458	245
840	656
1	38
435	455
932	736
249	405
429	1020
189	317
351	258
375	603
657	873
92	49
62	1132
907	740
642	686
303	1153
417	1
506	447
338	175
13	485
846	431
24	7
655	521
546	164
382	50
405	1556
756	550
620	769
11	731
439	290
311	530
901	210
436	96
773	56
374	48
536	133
592	1276
456	658
537	425
246	50
751	660
327	464
82	133
254	1050
371	31
895	13
268	743
559	94
405	395
429	686
308	139
381	693
181	932
543	730
749	94
839	1085
85	529
194	15
357	826
758	1039
105	302
56	421
125	756
188	5
474	498
693	655
487	301
215	692
373	48
799	50
898	689
566	108
200	139
774	182
897	294
669	649
802	678
804	69
249	290
911	82
659	215
543	466
682	520
272	133
454	121
886	196
532	526
474	630
718	257
426	510
786	357
660	810
588	645
165	432
840	209
870	89
458	514
660	168
589	304
92	729
474	484
181	117
896	79
474	89
496	378
496	28
456	483
880	315
802	769
875	32
243	694
703	1
191	316
890	324
257	286
823	427
234	9
405	5
812	261
184	945
279	7
790	143
279	532
650	628
834	276
537	201
776	21
504	63
862	496
871	511
677	117
503	402
715	595
639	61
606	31
864	673
705	143
294	331
772	312
798	781
547	328
290	732
130	426
524	238
756	435
467	293
505	495
747	390
835	421
880	793
927	7
175	234
181	1340
825	124
902	879
747	134
244	188
711	133
496	1614
806	496
654	248
535	505
788	621
942	514
488	82
551	282
551	143
536	740
537	942
880	191
499	588
796	181
708	147
551	760
648	200
394	380
592	877
13	53
498	271
468	275
308	255
878	855
557	337
299	515
870	354
597	294
342	507
487	140
324	1
493	115
514	134
483	1152
844	625
510	333
524	1050
890	157
524	237
931	250
343	66
805	88
266	325
899	64
561	959
299	597
892	76
399	54
59	655
558	936
892	202
326	367
453	77
621	722
259	173
367	559
618	25
403	405
853	678
896	257
532	895
921	419
881	117
844	471
582	237
486	248
695	312
656	272
551	719
407	484
798	257
472	665
591	286
276	99
655	193
780	423
213	42
608	218
92	993
476	1180
606	498
308	123
262	283
278	313
505	203
561	849
912	523
546	892
668	538
591	211
514	114
417	562
337	515
593	568
443	678
838	12
442	986
6	223
338	523
5	386
62	53
883	234
880	475
92	202
447	284
773	240
387	550
744	28
401	127
10	467
435	831
405	971
917	9
457	948
738	97
387	231
484	265
523	382
518	289
239	474
373	281
286	1074
251	248
429	150
294	235
894	904
362	302
759	298
709	117
151	222
833	1214
542	50
688	332
655	128
593	4
325	50
778	568
882	692
622	11
907	815
561	473
932	521
766	294
460	129
276	1047
398	56
80	100
653	76
198	201
198	959
450	1203
840	165
527	498
593	183
268	381
320	274
747	85
399	302
176	927
176	340
504	163
851	772
224	356
828	283
608	969
26	831
577	110
442	975
870	1020
543	936
506	497
749	366
883	207
458	980
592	178
837	472
804	237
767	921
312	608
878	416
371	357
647	257
472	420
269	160
885	204
144	962
454	474
551	1039
291	928
435	561
417	692
592	1039
487	313
716	49
106	739
133	750
189	517
120	742
787	1434
1	123
659	97
62	127
622	215
524	205
487	68
634	950
130	552
763	164
232	209
655	132
57	833
786	174
729	879
318	712
326	568
704	604
569	248
776	569
445	271
201	15
846	1133
745	8
608	1172
900	589
235	1176
747	939
751	849
654	1009
187	65
322	483
795	658
676	132
11	715
356	1294
811	304
932	121
885	405
511	340
454	22
655	537
92	307
871	96
899	463
195	143
553	153
745	427
449	310
614	121
417	391
468	137
404	22
454	705
927	819
539	204
551	9
774	447
896	1101
562	190
717	1051
328	1401
194	219
385	283
927	471
376	154
864	50
167	735
342	421
786	405
179	307
95	196
479	202
896	1231
128	685
509	680
402	10
932	399
394	418
450	611
721	1065
400	286
128	223
95	140
537	730
670	484
706	410
505	648
196	762
727	128
796	1036
622	408
416	150
66	535
798	98
416	126
806	155
348	118
790	561
782	321
463	274
535	699
922	746
503	204
880	1058
94	1045
719	281
715	11
503	216
380	750
877	690
473	302
524	117
200	1073
747	672
457	239
308	211
608	70
921	69
405	69
919	255
894	45
94	690
105	269
294	405
693	183
883	403
864	72
1	207
622	1060
201	86
456	708
160	185
501	829
880	150
421	466
223	295
456	461
532	12
445	235
465	22
523	575
344	198
732	289
833	187
655	1161
249	742
804	373
394	31
38	590
828	558
535	275
711	658
798	1049
705	815
887	202
523	116
128	404
749	969
481	322
639	694
16	273
408	313
520	893
18	221
922	216
35	879
11	229
654	12
560	483
121	742
660	739
210	154
761	125
308	537
580	825
748	56
447	118
9	294
25	183
796	928
625	748
758	531
320	51
650	380
887	946
782	261
840	423
719	659
342	844
426	404
524	81
524	187
534	93
524	100
291	117
43	747
349	121
903	48
6	89
24	1007
899	218
660	82
621	391
478	318
303	721
759	275
690	4
303	137
712	195
892	8
433	457
345	40
210	435
881	69
250	991
371	66
7	449
707	525
181	1002
94	1222
433	748
786	28
684	88
450	1140
299	730
650	357
793	294
363	68
880	689
922	588
394	655
125	455
583	276
821	100
62	172
299	965
663	975
267	789
276	235
158	985
655	96
95	175
815	117
487	56
655	307
251	1098
655	1585
178	628
521	232
289	477
244	1012
882	210
588	731
815	333
216	315
125	56
250	501
880	755
664	692
456	693
471	932
311	12
314	996
805	470
43	222
425	333
222	470
503	246
790	214
697	295
870	520
328	498
472	90
234	1200
748	194
378	226
879	751
44	211
625	95
694	480
678	237
663	23
291	823
262	72
798	66
476	210
603	429
871	11
511	880
345	588
454	255
639	86
450	956
546	346
493	274
379	433
324	322
522	133
815	222
497	402
463	596
246	411
515	362
90	194
863	754
934	226
615	708
807	132
459	405
860	56
269	410
462	330
504	1277
698	127
407	172
553	50
942	215
308	151
721	1119
561	1074
476	692
353	332
696	313
64	162
889	482
308	423
552	147
447	1048
943	401
254	225
181	322
13	669
615	48
606	284
13	688
650	502
884	165
548	281
508	73
135	226
461	304
885	501
758	238
772	898
757	333
798	924
694	423
804	657
496	469
299	747
655	246
230	132
474	735
527	1109
742	294
932	1451
787	904
678	275
504	258
263	199
628	338
551	1035
262	338
624	333
525	412
6	464
663	411
141	279
629	286
648	21
450	866
747	985
486	1094
99	116
23	131
422	1007
606	89
790	52
580	286
689	300
703	410
486	13
403	276
298	423
655	279
936	244
655	428
728	282
537	404
892	12
664	54
373	946
805	123
207	562
532	373
786	15
916	960
852	597
804	254
620	50
622	257
881	289
883	661
711	222
57	50
864	230
30	2
588	288
902	275
586	54
752	333
796	4
642	1000
90	527
343	302
883	355
553	1200
94	72
472	790
719	673
752	260
868	217
788	177
447	89
374	1033
174	1017
421	657
21	243
40	270
503	603
870	244
710	300
790	186
712	234
409	1537
787	345
630	1055
532	568
116	311
16	427
664	483
805	387
862	435
324	690
407	185
417	141
469	656
151	956
297	582
591	428
157	290
412	357
763	941
728	546
835	15
916	273
179	1234
66	121
718	744
788	43
694	506
221	402
752	348
589	286
763	87
404	300
259	39
314	1029
647	22
286	728
230	570
796	333
578	313
644	243
922	919
315	23
181	883
866	302
889	739
314	697
642	202
543	423
620	404
352	692
276	24
699	532
417	827
109	17
840	499
393	622
211	1127
250	322
804	513
478	367
760	278
158	210
49	99
397	853
881	430
537	673
184	93
500	763
724	678
460	307
314	1145
848	132
618	367
500	77
236	595
52	111
458	20
458	433
453	7
9	371
908	151
592	686
903	60
715	135
916	174
716	174
488	154
862	70
445	1598
437	153
363	100
514	715
722	310
290	66
301	425
826	566
510	292
669	427
655	188
495	1182
666	655
308	853
557	682
329	1011
182	203
924	480
537	285
840	52
666	331
109	508
472	743
176	181
44	71
643	88
480	443
222	44
893	237
503	488
175	508
656	340
567	168
472	230
514	1047
256	232
504	139
414	260
661	31
727	226
1	126
457	1028
405	567
868	651
233	828
239	921
416	1469
624	25
757	22
526	544
94	741
648	430
648	431
327	161
790	208
805	269
421	219
524	1124
450	196
728	237
925	200
622	506
916	217
486	295
693	403
657	294
817	546
488	197
733	253
562	4
835	378
769	269
638	62
126	286
535	258
593	451
729	894
702	346
363	24
262	546
924	705
618	470
348	934
434	237
387	25
96	98
431	879
175	172
608	58
653	449
405	66
691	496
659	170
394	24
450	732
932	64
262	69
724	887
382	507
773	221
110	895
450	132
687	319
599	1277
429	425
21	760
43	969
449	763
555	248
532	746
606	441
347	195
887	125
450	80
133	243
575	318
506	1019
474	1016
555	100
184	485
269	315
378	1048
484	849
796	432
21	925
937	224
388	9
642	441
640	568
802	53
92	577
363	710
891	50
699	13
327	1103
731	132
145	156
90	811
854	271
682	366
524	520
796	423
708	225
867	475
693	942
223	1009
90	65
833	273
49	218
938	477
852	260
930	137
450	716
747	739
650	452
268	25
716	58
452	204
747	178
267	655
833	576
813	310
357	411
828	1462
707	70
798	926
524	6
389	386
293	693
942	662
666	182
347	137
64	50
420	301
339	942
506	258
806	192
43	86
871	904
885	239
184	212
807	258
345	288
60	618
749	175
403	237
825	1254
374	825
682	209
461	302
561	1229
94	160
884	323
233	180
673	896
115	183
255	760
622	120
536	84
632	186
648	125
757	276
830	310
246	570
38	400
425	316
125	202
630	276
416	388
698	100
399	99
855	179
21	877
913	498
902	87
523	114
228	938
437	381
829	705
415	480
311	294
627	27
591	194
764	866
7	678
659	490
401	371
416	692
416	452
454	124
474	507
201	692
647	71
537	380
59	199
642	795
507	691
671	222
846	1439
709	28
374	568
698	357
398	211
504	392
280	1297
197	526
181	864
476	433
53	64
56	732
795	1052
246	393
703	458
737	64
640	231
823	531
393	732
303	665
380	729
313	193
712	812
653	654
862	182
823	96
387	789
757	183
267	710
648	781
643	209
484	150
314	322
782	532
867	496
499	1483
642	1503
373	403
42	433
614	286
757	205
311	639
490	926
851	340
500	151
18	478
864	118
533	546
380	521
865	268
45	993
864	168
256	741
701	100
844	45
405	161
927	132
749	431
682	1
288	632
840	483
660	243
521	117
447	748
128	181
877	371
393	810
58	433
642	78
358	1006
274	596
76	324
234	610
804	647
409	428
13	83
598	258
506	168
506	972
90	192
504	401
603	380
495	1444
707	216
778	69
541	73
786	50
119	751
592	1048
305	2
561	8
164	826
200	378
458	736
63	741
532	1188
699	283
200	483
823	7
328	751
533	234
846	415
682	187
11	504
617	567
712	94
308	469
606	93
796	283
405	555
592	61
517	1047
805	418
833	443
738	147
891	933
790	41
124	1
200	380
467	1226
834	272
533	28
622	252
589	879
727	470
250	469
864	108
194	720
462	100
747	357
632	96
524	52
548	127
929	484
833	240
567	83
18	137
90	523
180	12
909	339
405	187
916	417
235	692
460	311
338	189
880	849
435	235
890	271
707	517
796	1039
16	240
640	790
207	224
234	692
904	785
689	109
913	7
327	132
429	165
592	1356
916	755
500	409
369	900
940	151
41	238
301	235
833	546
492	523
563	678
41	195
804	318
102	73
104	181
903	412
907	96
263	435
293	765
497	152
94	250
493	222
716	493
507	841
498	496
854	171
385	492
853	270
931	1152
327	301
159	125
519	332
916	561
577	356
454	589
450	535
537	268
617	192
342	42
488	304
883	1222
580	619
885	949
307	200
85	57
833	30
880	473
554	179
601	100
286	147
715	976
256	98
303	1509
645	474
682	1118
883	98
535	338
389	969
188	294
413	15
790	1040
916	181
407	403
497	185
932	616
927	255
560	975
707	151
932	209
909	275
496	10
166	294
394	364
342	12
538	735
790	364
399	941
448	902
707	882
864	191
756	930
593	162
227	1028
318	208
564	345
246	572
939	237
707	1257
13	197
591	45
405	648
276	518
26	148
897	736
932	1139
504	575
821	95
271	479
63	269
436	468
882	546
883	1012
480	462
718	405
200	496
618	150
932	1021
577	56
738	154
334	315
694	318
146	258
897	188
291	636
573	22
919	147
804	636
880	584
589	336
637	829
850	228
881	472
869	126
710	204
627	79
705	95
900	405
450	647
465	175
809	286
632	468
527	657
655	124
697	815
246	853
334	218
625	405
788	331
641	59
688	678
360	23
652	699
265	748
271	181
425	190
197	177
92	258
125	914
454	972
493	235
919	244
798	1297
788	566
268	143
373	1087
875	131
621	96
289	742
336	168
60	411
201	192
592	680
347	186
710	99
318	1030
159	405
524	523
752	354
239	462
887	378
181	1132
748	22
473	242
653	313
145	1046
420	127
796	227
627	39
923	151
883	229
654	689
890	89
601	949
666	632
869	312
660	444
758	125
840	609
561	210
234	178
346	184
167	1225
518	628
655	1380
507	118
838	919
648	229
851	129
543	85
178	24
650	692
941	258
785	1
264	1118
279	31
865	588
535	433
109	597
79	515
840	616
188	356
735	325
131	242
456	204
889	96
298	482
713	750
638	174
148	132
181	919
806	231
52	318
617	234
764	1028
507	689
95	186
437	1599
347	831
201	33
268	286
85	582
506	208
637	121
83	240
500	509
409	923
407	94
600	241
407	930
416	288
52	22
60	230
797	127
657	744
923	294
567	187
653	576
610	135
13	424
643	780
782	298
25	1
394	1371
642	443
559	163
757	470
119	124
804	414
802	259
472	540
577	996
450	181
843	511
621	418
405	624
519	330
445	333
613	514
254	269
293	469
118	919
690	80
213	182
303	552
775	312
763	527
694	481
363	58
682	470
642	951
540	280
383	166
880	55
108	740
648	179
937	258
592	319
116	328
90	223
426	648
6	435
870	286
916	387
362	689
752	300
839	532
757	100
627	47
890	480
387	135
174	323
508	79
327	482
864	578
49	262
532	592
332	117
727	203
624	258
851	192
943	216
342	294
826	161
81	276
429	164
918	1065
398	186
246	809
592	925
311	81
694	15
719	293
286	183
291	411
655	962
889	95
504	504
118	223
205	315
747	663
417	255
268	718
488	521
663	1048
880	902
868	12
577	97
506	676
548	472
318	482
773	769
715	462
605	12
92	72
11	107
484	313
303	525
450	812
870	195
790	1044
188	28
178	66
286	189
207	411
682	72
387	92
630	213
368	844
733	1338
413	147
662	285
757	196
303	47
470	273
363	589
514	211
894	260
536	778
339	178
243	1197
561	676
349	985
807	659
465	319
474	520
807	181
545	181
539	132
305	223
703	15
898	272
80	514
871	883
669	79
452	69
144	14
872	328
342	282
799	484
429	79
755	328
165	328
467	1142
837	19
521	393
640	2
413	273
633	423
394	62
757	7
864	969
312	596
864	204
592	547
823	55
85	162
482	249
435	225
639	197
913	428
234	470
618	1048
896	282
514	200
741	692
305	97
13	222
308	496
588	69
371	180
250	271
361	258
327	168
889	737
381	1117
698	515
489	323
766	584
754	295
666	582
480	1388
735	293
469	607
394	202
899	496
715	655
488	111
454	147
537	782
102	411
458	387
774	546
766	605
774	674
630	250
840	515
233	527
200	239
890	516
655	317
804	141
221	578
605	831
257	198
825	491
741	313
455	47
943	1011
880	468
405	564
502	294
698	607
918	443
529	332
624	763
791	288
337	449
851	531
452	211
276	248
562	133
927	588
373	181
436	264
435	715
882	1
535	631
650	494
561	661
847	1050
712	785
899	83
299	538
118	672
585	1193
665	69
92	186
378	300
506	73
642	401
487	627
528	615
181	1152
636	272
643	202
782	1216
555	1054
23	283
232	286
610	317
660	281
757	566
789	591
416	1160
868	449
347	260
622	542
642	410
942	347
650	69
834	237
664	479
633	195
332	651
653	318
201	96
889	257
666	293
561	744
151	1286
674	255
531	288
233	478
886	180
899	597
117	410
727	890
438	118
270	279
58	172
566	210
883	952
742	250
655	963
715	405
391	508
896	665
622	212
592	1023
521	161
3	342
378	381
778	168
790	10
393	77
840	83
943	470
221	7
440	310
144	1010
297	284
345	1008
373	828
906	676
39	294
808	332
664	160
54	829
798	746
450	56
806	176
151	170
87	648
63	181
758	380
908	496
144	327
207	792
886	357
899	428
234	23
536	54
600	195
921	484
207	143
725	245
380	95
87	926
758	665
653	1444
771	313
493	751
930	455
587	323
426	494
585	275
877	237
312	850
497	265
592	192
537	570
119	597
177	568
932	447
262	269
666	864
663	315
268	204
437	281
536	132
844	403
826	227
639	193
773	45
148	50
701	257
893	286
882	291
57	8
38	313
573	492
922	290
714	369
28	434
9	7
455	628
805	40
325	495
805	1149
738	380
114	56
201	1192
668	345
344	50
230	143
733	151
608	28
806	182
181	1319
586	68
537	1009
857	283
416	1133
825	148
110	692
466	684
641	1194
492	492
435	550
457	500
73	64
518	222
655	1111
843	142
524	866
830	172
218	168
23	100
712	622
923	975
775	887
385	1462
625	1016
499	318
181	1162
854	1061
701	300
428	300
524	175
264	14
887	419
574	258
303	554
757	450
823	410
682	246
548	288
618	651
511	313
22	184
363	317
850	490
213	582
792	129
922	183
682	876
60	423
606	1
880	405
514	259
666	122
424	323
773	531
222	1218
634	408
650	163
561	802
805	522
716	492
293	941
897	436
881	294
702	258
763	200
588	742
731	143
152	367
659	89
556	173
796	859
784	877
828	340
864	7
839	1009
648	412
145	740
854	188
682	1153
757	2
399	543
710	340
900	137
454	144
892	425
339	939
918	211
716	570
48	428
560	168
270	672
450	723
184	813
13	23
606	135
868	225
878	165
474	709
896	603
487	455
154	187
488	182
730	50
201	1224
582	93
416	737
432	845
661	174
81	288
904	1074
747	409
911	835
751	746
206	1233
474	14
694	432
632	480
693	99
932	967
561	52
561	1230
682	219
354	423
837	275
808	294
788	729
614	472
584	229
185	845
867	175
393	376
618	1225
456	135
222	378
891	274
642	386
537	182
719	127
862	1110
903	521
943	928
535	285
488	187
524	895
56	395
334	328
655	236
854	12
290	151
620	409
234	44
896	281
690	94
450	180
532	619
597	286
497	230
542	531
474	582
393	338
661	144
379	186
393	56
524	76
931	355
886	42
801	271
936	250
406	610
846	211
605	295
846	1004
916	530
869	122
712	568
465	855
660	101
380	211
913	596
232	44
880	63
458	1338
95	946
713	340
452	77
283	820
882	423
49	174
450	589
464	127
52	463
592	347
854	925
95	228
846	204
158	217
233	234
897	402
323	204
774	401
543	185
860	4
655	288
409	327
541	257
764	323
454	836
805	294
334	815
145	1023
425	326
413	258
850	95
840	181
524	654
435	399
472	584
545	50
336	85
561	32
220	258
406	87
898	300
901	739
727	1437
194	997
711	463
371	204
437	778
618	196
504	106
916	498
373	186
793	508
603	100
223	749
328	230
13	630
216	216
417	268
311	449
627	631
417	1041
429	961
747	124
599	245
85	483
296	293
416	275
833	154
393	367
623	222
773	940
828	60
514	486
721	1442
288	435
889	568
938	288
387	295
84	317
807	1409
495	1091
465	174
385	900
727	760
639	1121
938	127
840	478
425	445
919	458
847	705
943	468
119	1265
599	535
590	124
97	83
49	432
551	153
906	9
886	733
716	118
167	615
387	204
763	367
381	526
457	57
34	289
648	636
90	684
262	385
301	232
525	255
127	230
223	155
894	137
704	679
660	1178
545	69
435	44
826	172
534	291
56	50
474	141
608	213
234	154
90	730
927	228
363	44
344	269
28	322
805	472
217	210
354	255
7	9
754	328
643	118
550	243
178	735
764	222
738	71
682	1228
435	181
864	710
754	619
664	227
891	471
815	945
457	210
591	516
546	288
639	659
544	302
72	222
883	713
825	687
625	961
272	175
448	292
90	1201
643	1149
588	880
496	393
177	7
919	690
178	658
620	930
49	1075
524	129
682	182
87	535
504	197
789	1017
503	963
537	508
583	209
130	252
698	465
899	28
385	236
887	472
527	169
627	58
59	44
624	313
81	100
429	496
497	771
779	118
721	65
632	56
894	874
60	405
429	448
545	751
532	1496
840	517
868	452
643	5
863	1127
23	408
416	627
429	468
394	419
227	294
189	185
543	64
351	341
280	219
279	778
466	1313
600	1407
337	471
487	3
181	767
790	550
327	11
473	293
900	493
405	173
474	939
222	393
617	98
95	133
606	123
561	597
450	710
194	1091
886	17
325	1523
757	431
695	288
751	748
533	1142
855	1021
665	156
499	624
722	300
458	597
585	529
169	258
900	186
406	528
43	294
434	1095
308	429
537	70
370	52
416	1012
663	475
91	429
194	157
275	1219
607	887
580	148
654	137
747	949
44	523
221	94
465	1078
796	1057
130	246
698	659
379	188
543	531
222	181
477	756
658	475
301	742
468	89
262	125
524	831
328	582
56	550
315	286
407	732
551	176
436	392
885	25
832	25
305	1073
429	188
883	55
209	271
416	712
835	183
566	685
532	311
399	147
788	591
487	597
747	133
749	609
533	14
655	468
533	293
552	1014
388	628
655	1084
764	496
851	327
7	141
592	457
457	64
293	518
346	219
64	718
873	292
586	164
697	271
318	527
465	28
479	282
738	662
782	1652
588	275
621	173
616	316
892	62
417	441
708	846
552	591
374	477
227	15
387	678
655	1473
429	381
825	25
119	288
923	1277
373	417
378	1531
863	332
682	50
128	873
580	257
479	255
316	83
476	746
666	213
913	919
530	483
537	1113
506	248
629	504
457	13
727	95
102	778
145	826
663	588
215	181
639	958
465	300
871	286
385	739
894	1007
754	922
407	135
533	549
326	211
435	109
456	933
712	69
904	88
437	286
97	197
611	272
397	65
592	48
577	693
592	421
60	153
758	66
892	153
716	187
445	933
268	201
851	347
655	117
676	64
683	340
935	121
653	674
648	49
505	151
463	1383
561	607
213	56
796	229
896	452
575	79
526	678
59	285
378	1091
748	179
727	79
870	6
394	77
913	357
339	436
537	340
450	1479
436	762
336	762
497	809
798	465
908	28
634	748
552	301
373	553
5	437
896	591
846	609
405	1585
644	873
720	286
504	454
889	249
479	931
150	124
512	1238
484	25
78	813
522	180
450	118
122	429
342	875
775	307
523	189
301	250
627	521
642	926
465	190
7	238
711	88
706	756
622	1216
913	436
537	301
645	180
561	489
498	210
83	245
682	541
307	56
177	156
62	1130
328	427
94	25
845	1394
548	12
12	69
101	125
321	132
495	1046
734	294
669	347
495	95
495	98
620	432
856	300
913	228
592	168
687	245
645	11
178	328
897	25
454	497
806	47
828	313
181	19
193	121
846	468
90	1192
405	99
796	151
690	1041
389	202
294	827
708	676
224	239
933	200
416	111
368	184
766	493
57	258
37	231
836	659
282	890
727	1049
173	329
870	651
568	631
704	493
716	122
825	98
642	746
756	274
451	991
269	831
463	1284
100	1233
479	655
405	562
315	428
478	26
18	132
328	520
33	323
690	233
327	8
276	1
896	222
640	1258
378	663
623	523
434	974
627	214
843	660
378	1047
279	1494
503	226
532	501
474	411
806	28
256	82
374	467
918	430
578	298
796	77
617	396
355	306
474	50
527	513
379	265
799	174
749	66
921	720
833	1070
437	843
633	665
178	283
741	25
536	487
249	53
486	880
505	140
327	1070
399	450
666	310
889	327
468	1012
495	208
871	347
401	634
378	277
214	223
888	644
897	240
586	693
877	333
13	867
727	1303
626	288
630	929
345	1117
707	702
148	222
561	385
715	159
864	88
37	831
752	1243
527	209
559	435
478	237
354	287
552	294
554	276
933	651
778	582
747	430
851	223
229	937
85	715
886	371
308	118
870	38
405	203
506	94
731	393
734	132
393	410
535	495
826	550
280	1221
476	175
487	77
144	357
622	184
523	533
18	958
288	173
393	470
97	191
868	755
430	148
299	94
249	147
823	425
770	15
773	98
272	193
558	286
200	385
782	247
871	813
878	286
709	939
871	526
270	531
207	179
601	660
704	528
49	692
543	249
416	603
919	919
655	653
508	188
405	212
373	70
886	686
823	13
747	301
905	117
199	892
865	122
214	357
13	286
922	173
655	237
429	428
616	349
622	521
721	321
882	70
790	685
807	520
65	1041
634	7
896	420
409	609
506	662
123	657
254	1263
399	140
942	1028
863	292
804	307
435	587
833	654
938	151
792	100
346	164
322	127
795	144
847	527
734	198
756	181
642	463
893	96
823	128
416	747
308	259
509	268
524	301
561	393
479	201
368	181
758	826
295	417
268	630
769	1312
114	153
916	318
837	13
276	413
557	165
842	362
38	1037
20	151
595	121
655	271
933	172
406	483
757	69
90	462
600	761
533	595
405	184
500	275
887	115
497	175
766	178
398	194
257	936
592	922
574	910
682	96
774	508
660	658
378	99
727	755
703	993
822	95
279	1491
94	94
664	1098
741	290
727	810
532	230
222	402
313	232
11	728
655	48
661	480
6	425
521	208
846	239
21	406
896	147
791	748
387	197
727	222
399	564
189	204
271	315
650	7
95	463
479	1142
161	496
452	385
486	1079
938	763
690	284
934	811
18	178
802	567
820	286
477	49
552	756
346	100
908	732
731	127
167	288
406	960
314	1471
1	142
828	275
393	405
435	9
648	184
690	168
405	51
579	194
178	506
643	504
130	237
39	272
399	307
586	184
316	276
6	309
277	1008
184	487
537	1048
201	591
658	718
212	631
542	210
815	181
479	273
543	82
365	268
860	1602
749	197
662	276
452	614
704	519
308	430
244	468
618	944
279	482
400	269
479	403
823	88
429	202
707	279
536	230
273	268
286	125
766	507
587	270
347	470
487	686
695	270
483	676
66	24
890	265
403	546
511	300
501	273
933	471
911	383
303	801
318	763
786	275
567	496
551	692
723	172
109	12
621	87
537	310
266	924
308	179
758	177
370	390
680	515
468	150
406	575
707	606
60	524
234	530
359	546
567	631
450	455
559	226
535	213
222	79
845	877
561	478
436	111
467	24
189	165
204	262
307	185
405	443
676	172
600	62
796	414
435	821
222	246
279	56
417	164
521	121
346	195
447	56
693	628
28	609
894	863
699	206
546	928
707	100
567	517
883	194
665	588
551	721
679	70
293	66
450	1163
496	204
835	325
493	71
773	52
844	418
934	705
161	929
272	79
541	405
429	283
301	157
402	116
89	875
748	216
344	285
478	1101
638	241
655	295
796	768
399	90
774	2
98	629
497	391
503	197
506	67
709	68
721	15
160	157
472	746
178	1011
24	238
889	435
506	578
887	127
854	176
764	143
403	222
429	134
269	196
873	259
299	81
284	272
537	284
828	737
409	879
456	202
670	606
647	357
694	241
655	1142
584	109
7	386
151	463
655	746
840	504
330	143
96	89
810	678
198	73
625	300
640	802
379	393
398	385
919	676
645	30
53	118
22	210
474	605
582	455
836	302
569	471
399	41
670	474
442	42
785	423
365	315
782	289
24	97
15	257
144	54
739	327
63	546
839	950
352	174
94	703
193	94
898	328
254	526
665	369
458	750
120	121
804	1016
768	346
676	257
790	582
537	966
474	505
899	518
724	682
1	247
488	136
621	398
774	367
87	153
923	264
683	322
145	939
738	298
659	610
299	606
496	480
290	69
178	223
401	25
757	188
362	264
627	83
804	133
671	234
533	64
250	116
28	323
847	426
521	215
504	928
659	178
790	585
328	645
506	715
862	56
158	978
360	879
222	328
772	328
416	187
326	237
436	1468
257	285
275	393
319	682
666	642
892	763
194	1066
758	1025
450	166
276	271
537	150
698	10
405	559
328	447
889	137
889	1113
421	100
896	317
838	69
234	86
325	469
450	418
692	1
18	649
406	672
221	55
659	191
190	898
523	874
932	431
854	508
55	181
527	23
348	225
524	724
137	1028
439	1048
645	92
417	1228
380	443
535	609
158	511
385	528
416	476
24	8
894	13
343	28
293	742
94	245
533	423
472	375
405	1305
621	1
334	111
514	380
839	106
337	15
568	479
280	527
685	333
758	95
207	182
588	485
363	709
416	727
216	408
449	171
838	9
92	1210
416	864
303	63
746	229
405	735
664	328
857	328
711	10
435	541
416	680
717	148
854	121
65	98
570	303
632	64
912	659
393	1407
516	191
683	299
87	62
279	1437
95	22
823	28
239	276
345	131
234	675
871	271
848	476
537	45
697	291
847	928
454	686
561	629
442	195
417	555
902	95
159	1132
478	143
152	451
566	575
353	258
23	89
655	1257
642	944
455	1171
684	67
308	202
396	405
472	431
145	929
385	173
480	197
881	135
383	302
361	611
915	286
936	312
320	121
690	88
390	742
442	186
595	928
791	269
409	1558
838	127
666	106
591	382
715	204
864	939
296	498
59	290
92	449
332	660
394	550
460	301
416	498
347	756
587	995
561	96
643	496
600	184
840	663
168	871
374	240
506	211
538	215
486	1143
805	631
465	216
727	205
895	1014
296	469
774	227
894	707
929	127
727	201
124	209
648	568
878	215
608	187
11	15
868	199
503	70
521	79
823	33
267	161
518	291
437	90
785	294
643	100
818	316
716	11
279	301
74	313
406	157
2	305
644	289
466	22
128	82
275	199
697	121
301	735
271	429
230	515
405	1110
212	382
292	331
474	12
877	241
151	73
426	318
755	302
795	231
416	431
551	307
706	24
539	487
837	222
804	250
5	390
298	357
389	728
87	195
515	690
693	134
922	50
405	646
903	129
42	50
666	28
542	775
537	3
110	765
320	27
786	501
343	83
671	770
896	640
847	183
648	391
698	431
922	662
294	269
805	934
618	763
840	484
577	125
693	157
815	188
655	20
521	763
354	387
307	178
393	48
618	939
457	386
790	249
885	660
474	1113
420	86
73	433
383	340
679	154
741	367
415	684
766	209
161	1117
151	561
764	237
880	121
874	751
766	1444
543	194
825	930
468	926
343	1211
731	508
735	285
838	71
276	391
391	191
179	302
291	420
407	8
360	124
694	489
534	118
83	1041
450	1091
537	844
721	457
655	44
2	273
593	255
59	741
703	819
719	126
174	70
599	1
679	286
890	484
328	1107
682	109
230	504
617	859
892	157
911	647
798	228
25	463
880	173
621	432
229	272
361	66
935	181
727	1206
213	157
457	132
393	95
430	1007
886	144
234	1010
167	673
75	833
707	140
655	46
179	271
588	12
508	239
924	82
846	391
912	610
478	219
332	9
7	523
753	199
389	301
367	324
174	221
730	109
131	137
90	709
650	158
671	66
586	1218
345	678
551	1067
768	111
907	1167
619	576
923	125
296	191
773	1367
162	358
592	1166
328	553
152	1301
743	308
823	79
798	584
339	170
868	208
538	144
483	271
145	300
805	117
214	135
630	496
416	1074
379	636
608	182
478	1
269	1040
606	125
80	79
899	740
648	177
624	342
487	291
130	407
214	173
587	245
727	252
850	480
293	815
277	471
648	1244
37	62
433	268
479	692
690	1042
763	1098
782	354
540	109
549	121
934	617
524	241
815	521
608	193
366	217
939	424
845	896
773	324
927	625
194	276
848	71
504	211
682	121
615	632
500	94
13	872
373	632
606	477
212	423
323	238
516	250
851	238
795	436
624	250
343	334
506	1063
642	921
532	164
405	1553
825	243
753	898
655	467
532	491
334	483
868	195
629	276
701	316
882	470
458	762
457	472
897	1
540	596
510	313
334	231
774	205
64	919
469	64
847	480
450	969
188	153
254	112
781	181
480	234
373	510
296	79
535	425
804	423
540	181
815	713
704	100
402	1060
786	143
429	763
137	243
559	12
397	182
919	124
655	782
503	285
451	331
507	121
863	898
664	212
807	374
867	295
577	1054
429	151
557	343
343	159
653	1
836	654
776	134
721	1295
781	223
892	472
423	977
331	22
870	939
23	124
862	186
72	23
456	186
751	248
790	577
18	402
222	546
417	895
919	240
940	708
454	463
190	328
557	865
707	705
451	984
174	15
246	118
96	445
378	11
702	343
727	5
913	227
154	641
230	549
660	177
196	287
531	688
14	210
478	710
151	492
537	606
642	775
883	273
864	747
535	47
851	930
291	367
712	398
374	144
403	476
540	274
7	204
130	93
96	265
435	501
216	673
295	109
75	114
524	651
834	762
566	181
453	184
394	154
716	96
806	88
741	275
487	53
545	218
339	640
724	352
313	176
7	610
297	288
320	292
703	147
314	161
186	177
538	176
207	566
704	1296
23	652
425	244
711	707
831	117
551	62
756	398
641	30
425	346
896	7
880	368
666	427
280	70
531	892
707	641
524	281
286	139
864	5
790	233
271	924
892	95
312	211
618	132
459	328
844	207
889	382
555	47
195	93
769	831
503	582
894	347
780	526
864	225
345	245
758	1090
711	170
606	138
479	174
303	501
524	29
30	683
496	1074
752	331
828	198
450	712
279	222
301	24
396	1215
354	14
399	575
593	283
933	1110
474	530
928	1007
346	325
349	120
696	245
498	151
912	501
285	300
721	1025
807	127
788	726
716	204
422	50
399	232
935	471
910	9
560	1160
711	286
43	312
1	137
830	487
196	13
650	659
916	276
810	243
444	916
504	620
104	316
94	951
525	293
301	474
806	90
918	747
457	462
303	390
450	73
933	284
198	208
432	298
932	234
929	144
786	265
881	495
405	625
360	955
872	332
311	198
417	395
548	597
709	550
286	81
281	300
938	290
452	498
621	268
842	303
890	102
77	250
504	219
363	137
7	641
372	326
26	405
407	684
707	847
591	487
59	581
393	1049
830	501
536	96
251	472
405	588
480	319
566	202
882	133
710	504
288	1065
806	702
447	237
893	1218
905	1051
548	654
448	269
592	475
642	1079
892	729
416	815
577	436
456	660
896	133
782	1664
493	56
620	755
716	705
264	675
271	12
666	1011
786	699
402	276
301	824
375	5
748	483
862	597
327	22
23	522
288	211
305	582
813	890
588	602
189	855
758	603
474	8
671	231
85	173
405	543
174	1035
456	772
774	202
758	147
913	432
379	238
749	365
921	147
858	690
789	50
175	50
721	471
435	55
645	664
660	926
883	127
1	15
497	526
757	746
728	287
189	568
825	276
201	227
938	220
553	367
382	1268
298	946
104	258
707	124
637	508
758	320
484	186
94	506
715	367
648	496
194	1207
249	294
747	182
276	82
780	204
18	32
932	516
457	15
846	487
246	250
181	1117
137	385
429	216
303	679
291	739
501	741
378	204
332	1157
655	1643
174	98
434	274
673	340
707	676
381	742
887	252
470	50
374	845
662	291
909	286
540	300
774	926
919	327
339	346
437	698
932	1020
751	257
924	31
894	883
43	1052
363	428
395	163
455	304
463	887
846	68
650	679
674	252
943	569
715	196
511	271
717	268
588	151
886	222
58	1101
683	323
806	654
655	944
181	1038
928	496
160	9
804	128
796	484
729	272
434	928
253	222
843	432
699	304
766	396
207	204
416	1226
776	706
487	779
345	568
363	582
480	1007
280	315
279	1178
637	25
335	307
497	549
53	257
788	44
693	977
932	491
543	391
234	211
838	190
405	27
889	168
655	604
928	288
92	218
561	155
559	191
77	222
782	1390
601	191
846	210
756	117
509	332
693	159
515	893
8	259
145	558
648	507
673	272
334	879
882	420
796	194
374	281
94	932
642	173
110	63
226	275
863	349
455	24
342	114
308	525
430	1240
936	1323
708	405
825	105
921	932
817	329
447	248
408	310
788	519
524	707
576	7
553	307
299	191
360	96
851	1143
865	222
939	254
535	499
864	94
330	94
488	234
855	45
233	293
773	732
627	28
795	235
307	64
788	182
92	239
468	124
938	685
633	958
774	194
648	47
621	746
271	168
151	1041
450	403
711	652
653	195
870	443
416	17
442	635
566	98
721	162
188	566
694	495
280	158
328	637
608	961
743	300
658	458
385	419
795	1413
731	662
582	760
387	735
604	448
79	763
537	170
417	245
494	98
586	185
847	172
606	684
721	990
234	489
761	628
682	192
570	324
13	870
460	515
724	338
38	501
174	99
437	1206
916	180
792	1011
631	323
537	557
893	235
844	326
734	202
141	276
582	826
378	470
756	473
829	192
932	86
351	880
482	876
580	329
345	715
655	700
561	206
442	55
437	98
586	436
339	143
835	633
892	22
332	182
883	1656
571	496
758	346
566	143
524	818
178	578
710	172
305	127
869	100
330	15
494	127
10	221
259	15
347	271
624	276
653	563
13	709
512	527
883	172
393	87
654	109
639	673
535	923
916	451
389	59
60	429
95	177
737	475
803	260
866	305
886	1067
880	385
650	527
59	404
159	9
181	104
416	245
18	959
666	660
334	265
503	168
373	705
669	324
484	568
557	334
286	95
798	1435
484	829
632	549
343	318
239	42
625	483
248	343
918	166
901	13
55	121
158	4
389	739
561	417
449	248
421	96
655	387
934	315
163	879
506	47
645	179
738	117
601	238
843	25
831	258
724	1591
846	1479
791	332
524	1154
242	275
674	288
881	732
698	481
416	423
556	209
682	433
382	332
666	1021
665	1132
486	108
554	31
869	181
478	327
484	422
894	134
916	9
408	1296
707	498
902	246
506	514
259	168
716	723
495	566
374	472
92	39
301	959
632	203
344	4
823	26
509	892
49	715
59	52
244	153
660	217
796	478
715	101
100	881
709	1218
882	191
519	748
559	187
128	218
908	483
861	213
497	268
927	393
272	514
864	625
625	222
919	259
346	77
416	295
659	660
883	173
533	328
553	190
908	96
601	140
32	181
679	168
840	659
676	50
679	73
129	990
303	692
314	806
748	96
549	1047
277	147
588	168
468	180
196	1007
629	135
815	240
144	69
506	779
308	209
719	284
22	367
681	894
741	94
94	464
721	684
486	250
741	5
385	674
374	928
511	355
417	384
8	96
725	873
553	89
761	245
406	559
913	82
552	815
621	117
279	1132
622	143
334	527
10	357
463	244
21	991
699	683
894	903
199	1
766	521
399	1541
299	692
12	242
593	655
77	42
339	174
499	521
11	258
721	632
377	678
561	497
724	288
449	475
883	204
716	228
524	519
943	756
699	275
911	451
659	50
82	483
802	7
395	342
279	805
416	735
539	59
654	423
387	61
776	443
634	547
533	215
673	315
399	809
455	382
343	198
541	95
825	841
524	291
623	228
870	134
421	117
90	703
908	494
917	628
908	223
385	1456
527	154
921	845
398	87
588	421
640	56
796	204
727	541
184	372
815	403
705	257
526	294
536	71
308	47
399	423
773	919
484	588
627	685
312	1050
267	265
761	358
234	1185
880	302
463	117
727	230
499	272
59	276
23	73
131	287
788	649
654	535
524	559
10	333
255	597
429	87
600	1228
57	1
89	709
693	742
80	483
470	268
538	483
462	313
544	312
450	15
456	864
7	77
606	516
872	1047
533	252
85	64
453	143
897	185
151	609
922	22
760	50
104	591
751	239
75	508
160	671
314	627
749	73
43	482
311	487
223	924
766	179
699	225
610	755
652	286
271	1282
514	243
943	419
790	931
445	744
178	751
709	4
59	30
404	689
629	200
734	485
303	831
907	100
234	505
87	172
416	154
345	1023
432	100
619	1314
560	137
592	597
130	235
453	1170
473	1142
472	1029
597	283
639	83
779	300
279	558
486	628
838	28
804	259
373	163
806	257
664	306
637	328
325	174
655	1421
126	681
648	9
830	203
221	405
118	179
885	94
903	203
804	546
868	189
721	872
545	71
385	175
43	248
826	231
848	1063
234	649
831	340
158	285
488	605
426	524
846	542
878	435
624	347
658	471
429	1035
582	508
230	56
644	308
628	242
268	860
546	181
900	864
814	200
418	258
466	334
804	1244
445	881
746	455
429	88
92	642
882	230
650	563
230	100
373	184
234	694
294	328
26	546
256	451
466	873
648	403
75	473
417	66
312	181
535	64
14	265
284	270
489	754
488	11
804	385
193	286
755	294
796	280
181	1150
774	448
342	326
363	12
291	592
798	225
592	344
399	779
447	150
303	953
407	796
782	312
463	475
469	484
825	322
756	325
2	295
660	97
374	1101
373	174
345	70
43	926
426	654
452	194
392	248
934	65
715	88
825	282
697	1012
916	111
870	248
648	904
660	215
754	744
405	856
577	447
711	694
788	226
897	211
776	860
566	242
15	125
843	423
177	200
854	127
716	611
428	350
308	186
215	159
479	79
2	287
548	1047
70	501
149	323
286	117
90	69
22	932
514	153
788	1126
933	765
70	678
466	231
453	156
387	806
181	300
361	59
805	597
893	172
532	96
325	1140
675	874
311	483
339	200
363	496
743	744
913	117
541	1053
503	385
782	877
556	325
881	7
435	128
11	286
450	102
455	164
416	535
151	487
545	217
431	300
655	1194
912	1041
355	288
169	525
153	181
217	562
437	47
883	384
631	1527
664	528
606	939
539	50
880	156
839	130
561	735
618	418
342	251
623	186
184	509
908	481
361	49
919	223
270	1009
846	373
541	83
870	45
567	273
308	419
483	365
112	272
470	546
586	241
437	1063
82	50
910	56
394	1033
766	196
823	237
536	404
442	546
276	27
636	25
472	568
903	467
394	28
532	450
777	652
573	523
114	172
925	245
416	655
493	100
39	937
274	276
141	1014
686	425
880	42
54	340
133	313
198	200
541	419
643	325
64	185
308	239
923	291
342	11
210	1012
854	488
128	28
851	127
637	15
478	673
379	842
178	172
836	216
472	78
547	294
5	398
207	742
657	690
650	648
763	507
654	246
773	958
450	792
331	694
712	796
643	168
5	448
77	133
721	81
645	216
7	552
546	118
854	324
805	4
553	170
869	288
425	522
116	258
647	117
943	226
934	427
216	412
699	291
618	676
671	1597
114	855
475	306
840	479
784	754
788	237
327	523
405	193
329	127
16	1
843	175
934	435
458	461
181	1331
890	1
219	258
474	195
361	170
771	289
493	209
447	260
7	91
327	498
738	181
790	49
892	797
564	258
85	630
60	484
167	96
198	655
655	87
303	956
608	508
804	558
486	109
833	1335
608	499
83	38
622	3
393	552
854	483
916	474
943	559
226	97
469	127
654	250
14	525
339	211
843	228
548	370
717	322
660	474
279	1195
505	705
697	277
661	79
633	651
648	563
897	127
405	57
276	71
626	243
934	209
83	704
620	588
643	189
910	250
805	545
791	302
846	464
902	300
601	410
737	160
649	254
536	180
857	24
863	910
297	751
903	1008
567	650
297	243
717	825
894	591
653	496
650	568
870	70
831	284
883	770
405	708
534	919
711	909
347	226
114	200
540	249
401	9
68	181
843	193
350	271
806	249
618	93
334	56
816	326
655	270
610	527
595	1047
683	880
459	1039
919	531
593	280
618	4
432	108
456	447
486	301
514	408
207	129
498	14
682	174
848	118
239	300
545	388
137	210
727	144
818	1105
608	956
396	245
568	1286
454	482
529	264
642	259
622	144
938	748
456	568
896	188
637	831
405	553
138	15
798	941
901	430
453	693
775	270
214	64
89	187
429	549
497	795
862	1093
13	770
586	156
653	840
493	196
535	1166
747	179
25	7
457	114
870	4
423	1238
790	1185
774	526
884	285
256	5
234	629
562	566
416	678
579	286
114	171
874	357
43	131
13	850
425	355
838	187
425	230
474	617
37	385
127	228
880	187
193	73
297	181
639	471
479	234
99	789
863	900
379	234
92	282
378	207
541	1091
555	357
943	685
342	763
864	466
374	11
68	121
411	449
650	182
624	310
916	219
788	433
535	204
405	208
389	143
896	710
910	508
747	497
862	436
772	245
479	148
671	405
18	378
173	301
363	98
747	39
608	288
251	202
99	1048
234	204
437	450
751	433
892	447
276	225
838	96
286	1502
546	717
407	844
729	310
654	83
648	89
671	118
610	8
303	427
439	475
723	178
181	815
752	902
201	239
479	66
521	96
13	49
727	291
436	469
503	753
617	674
514	196
653	1014
655	192
347	50
933	174
846	516
405	1530
903	1009
933	144
207	180
73	514
846	616
64	135
874	654
342	412
862	111
900	480
572	284
896	174
634	286
899	423
686	327
406	1194
774	451
912	520
493	186
629	392
465	7
416	283
83	597
756	603
894	316
455	124
495	191
680	248
807	1411
642	142
345	278
883	709
72	97
762	955
750	301
908	56
405	1445
456	806
875	56
593	1
592	887
239	382
788	662
268	116
883	19
506	70
886	566
405	1148
592	432
567	271
437	234
782	251
268	268
206	749
747	205
691	604
773	12
933	232
537	509
629	193
524	663
659	255
332	70
437	212
642	1336
533	696
391	661
908	69
699	1013
562	118
880	38
533	195
112	1106
932	416
416	898
84	4
239	179
882	582
655	707
213	195
655	129
279	283
28	443
518	476
281	333
832	334
455	239
676	255
284	301
655	690
405	425
413	302
215	229
524	796
374	597
890	436
254	135
919	864
881	205
416	1139
326	837
918	737
880	4
655	293
279	94
805	367
23	603
262	153
844	154
614	289
664	69
74	690
756	122
256	796
627	402
821	132
684	924
617	667
499	271
897	79
757	939
286	805
934	414
393	1120
314	294
600	232
801	681
752	1127
142	425
465	48
92	707
909	294
847	456
409	504
613	632
62	1135
711	582
749	571
690	396
198	98
263	174
381	509
58	300
840	70
619	183
846	526
902	187
194	732
411	88
478	451
905	508
534	930
852	841
264	269
892	1035
667	268
183	62
292	235
92	63
334	433
727	556
568	162
521	1244
814	674
402	1
896	367
870	1118
407	88
280	660
194	229
610	117
498	443
416	790
468	529
253	220
843	50
609	750
751	588
707	58
41	205
193	82
837	237
831	273
599	278
880	188
923	334
843	628
922	596
294	249
102	792
714	1014
458	129
670	222
608	462
244	410
653	179
500	120
749	975
532	204
344	203
870	644
210	23
710	1
497	187
815	154
183	274
358	127
747	967
534	985
854	606
63	283
500	49
648	110
275	420
49	1081
416	619
497	719
92	1214
474	729
497	1240
847	117
505	724
868	204
271	649
347	28
640	1054
886	578
264	234
119	96
627	273
486	1379
271	427
440	921
442	550
1	239
344	496
524	423
479	511
239	427
244	871
830	126
590	591
908	144
806	226
849	121
896	80
694	230
500	780
642	575
86	259
641	124
13	355
56	636
897	8
749	187
318	1044
92	631
485	288
805	625
97	431
646	349
453	871
398	497
754	340
796	328
451	260
595	50
731	15
922	51
435	174
697	989
587	272
758	127
536	82
794	19
303	405
336	56
222	566
106	275
734	604
537	512
508	735
343	116
578	751
896	203
847	202
177	129
216	188
456	578
75	117
246	1188
371	73
860	285
901	1120
772	315
711	157
807	227
862	59
219	631
503	452
540	475
639	286
620	444
932	193
425	898
496	1063
398	1041
145	308
294	535
936	287
554	735
582	1215
151	1269
385	1012
73	175
524	230
686	99
393	924
537	963
524	178
543	197
605	132
429	772
84	294
201	972
880	25
896	478
314	1063
130	752
654	169
919	275
832	260
618	96
363	127
882	122
800	304
423	322
393	138
632	258
772	271
645	960
766	161
848	679
330	651
267	235
5	183
782	1665
906	471
757	207
916	55
931	845
843	378
840	252
346	669
868	139
711	905
496	174
8	273
826	313
677	290
72	118
60	96
747	127
860	381
387	127
887	1051
450	571
373	418
694	118
374	23
274	472
201	228
738	265
593	1119
383	427
256	230
521	156
23	423
716	692
642	369
918	631
707	419
217	808
932	705
545	393
59	595
194	134
919	310
639	714
186	243
167	8
391	479
85	221
694	641
114	615
730	117
148	89
435	257
238	294
575	173
235	96
350	190
451	875
927	756
680	169
555	410
528	82
846	423
525	248
624	235
547	303
450	86
1	249
380	566
504	127
491	12
50	547
850	663
894	515
411	227
865	432
709	174
326	588
737	96
644	823
442	159
871	79
429	470
896	86
175	186
622	156
878	497
364	875
936	827
94	1046
112	269
577	234
774	238
164	407
738	732
500	971
178	232
387	403
193	403
897	472
118	427
201	230
932	222
593	1035
922	747
458	23
290	1035
448	750
556	327
393	168
456	289
246	559
617	429
565	213
436	840
249	237
312	526
551	55
592	202
699	764
200	622
374	465
682	48
37	210
268	328
734	191
719	79
227	1068
913	418
807	28
477	36
851	831
748	421
543	367
699	1
18	48
911	474
339	447
762	173
389	95
715	206
892	393
788	435
393	1228
72	403
67	235
94	722
587	918
124	117
462	315
758	172
401	248
561	436
727	413
504	396
896	476
733	534
655	1375
708	181
327	150
551	180
503	190
221	550
145	890
536	197
13	789
256	988
393	951
610	505
405	525
232	127
387	547
868	176
592	591
239	137
542	321
655	1009
640	68
823	64
472	826
770	181
445	208
161	22
716	418
751	480
655	1634
655	566
429	191
456	71
450	923
668	97
867	498
782	313
560	1333
130	7
470	118
693	131
495	433
416	955
890	193
275	227
2	1
177	1218
851	742
653	472
234	1120
667	313
924	56
296	462
117	249
181	407
405	139
694	491
760	71
452	825
774	150
773	710
383	484
622	742
244	67
738	405
577	763
586	92
448	1022
415	174
92	40
691	227
484	231
758	1135
883	83
602	988
452	509
16	98
757	679
458	83
814	635
254	200
555	168
433	269
932	1065
276	709
618	276
146	245
643	712
682	234
455	449
429	22
11	527
495	655
495	229
749	252
889	947
887	284
152	294
10	606
457	871
339	235
825	252
279	687
92	451
214	168
751	79
738	234
457	380
214	174
682	94
484	560
648	173
579	209
2	285
894	919
314	367
346	127
532	554
300	264
671	810
100	900
823	739
387	289
629	326
406	26
332	257
749	1228
922	159
721	288
239	185
882	151
334	125
775	302
303	432
405	423
87	21
261	125
21	145
757	895
881	490
566	705
346	144
593	51
454	509
798	82
473	14
854	58
454	519
198	276
577	181
291	577
627	511
727	1249
308	50
763	258
72	191
627	64
256	274
468	159
855	919
484	173
881	161
934	50
330	283
613	272
393	449
843	393
756	1652
298	23
805	55
198	143
374	39
397	522
178	471
848	176
495	637
201	423
711	214
707	86
387	558
399	501
304	879
880	410
6	485
826	95
671	79
562	1126
861	70
660	680
405	60
286	336
768	14
511	872
503	356
370	174
488	478
633	94
489	885
805	82
843	168
399	118
762	111
563	294
537	727
437	52
807	420
869	127
301	721
927	38
407	729
766	588
109	72
846	387
487	367
557	50
871	335
1	271
183	230
587	881
387	526
411	485
897	684
429	123
385	207
561	88
288	327
479	271
551	651
498	1131
883	707
674	304
919	1119
387	588
666	248
644	181
682	651
313	840
37	121
746	597
435	568
545	399
931	515
130	350
867	117
303	25
894	256
767	170
424	151
774	708
338	135
790	68
674	751
586	780
601	195
806	405
189	97
650	186
891	148
440	582
753	357
436	470
807	257
437	191
654	756
484	136
225	479
389	629
503	25
659	319
885	549
500	204
463	107
793	127
825	717
101	595
840	655
823	233
520	294
560	864
506	951
370	176
222	747
803	303
615	644
433	137
592	288
619	327
846	213
846	132
715	33
557	288
865	946
125	269
312	524
336	871
543	153
589	324
181	1381
84	225
222	109
514	655
470	1084
606	385
62	191
848	615
504	168
666	284
593	49
537	651
796	530
828	171
246	227
436	81
740	748
741	66
535	520
16	127
537	475
279	191
514	181
368	774
923	763
95	49
13	732
579	111
270	727
189	313
92	428
291	582
774	215
156	480
327	100
868	201
918	381
815	518
11	222
18	236
503	44
617	669
931	220
706	331
916	483
711	49
579	520
650	737
70	450
727	507
640	778
642	1095
379	179
497	189
268	89
380	1113
846	269
567	127
894	107
184	1297
568	835
343	277
484	241
314	69
659	197
57	546
833	211
710	432
933	959
804	187
682	772
551	1169
668	82
301	546
472	181
807	657
201	200
537	52
226	408
747	615
437	497
851	125
188	177
2	300
697	1047
308	613
773	89
518	696
18	489
864	183
930	113
135	554
508	200
851	343
430	151
463	3
665	866
747	474
403	477
458	48
497	1303
375	573
92	1018
71	248
280	486
148	234
197	554
363	70
659	179
600	233
796	636
484	22
399	633
939	1190
301	588
682	1311
537	455
405	1564
766	474
659	657
62	466
374	934
826	38
708	1047
629	117
796	977
850	318
84	79
19	8
84	25
782	538
507	298
168	405
719	7
790	202
297	1109
98	210
659	214
606	637
508	195
768	121
686	1184
406	589
29	182
535	173
870	1221
864	1284
112	937
619	258
711	257
841	888
503	19
541	655
683	350
504	212
21	986
25	612
521	826
793	928
804	208
641	258
749	1244
313	496
881	924
655	786
405	730
541	651
437	566
429	778
886	79
155	327
276	951
658	467
543	56
593	143
782	879
690	742
584	222
665	566
901	35
846	66
59	9
295	403
766	95
95	447
458	13
419	494
437	697
730	276
527	357
868	214
632	181
493	181
886	328
324	339
65	178
151	134
643	143
638	431
704	89
831	347
829	410
655	1085
177	186
521	13
711	1168
783	294
252	847
156	86
399	43
901	509
64	184
674	315
432	249
864	208
567	475
642	376
287	237
519	299
378	597
682	11
459	322
454	169
821	1197
682	86
417	94
682	186
889	1073
435	636
70	183
724	301
611	311
826	232
942	322
863	300
703	9
880	527
467	150
92	974
151	178
796	728
666	13
178	222
436	425
763	28
454	492
535	604
393	282
295	96
699	760
835	174
446	326
59	197
551	49
930	411
618	68
577	8
913	234
932	639
201	699
682	576
719	410
299	1379
83	993
472	895
625	403
742	1
429	820
299	197
10	32
85	504
59	687
141	323
918	507
569	288
705	173
825	370
588	566
621	825
145	347
577	318
429	794
807	161
542	627
144	235
319	340
391	50
303	1209
104	1028
446	299
330	501
592	1187
749	468
878	530
587	873
786	188
514	342
89	702
72	69
456	747
303	1086
434	833
445	1010
615	357
640	85
387	114
545	1
6	9
621	451
885	383
608	97
28	196
693	174
336	273
664	132
239	221
374	1014
320	183
405	720
503	463
344	530
655	1395
752	325
524	615
896	1672
716	1124
234	625
399	684
826	241
721	527
425	252
324	292
563	367
406	30
299	1300
49	239
447	117
188	591
328	71
239	675
524	64
919	305
757	168
618	313
394	69
804	176
903	544
18	476
543	664
792	591
102	550
396	871
749	157
495	219
648	62
109	411
916	213
943	215
648	152
399	132
925	324
567	491
16	469
907	1057
804	25
885	69
269	582
484	2
493	59
517	369
839	825
130	67
846	11
370	523
815	151
655	1173
429	672
671	195
673	303
269	133
405	1566
650	552
433	300
343	56
248	176
709	576
888	631
663	845
482	50
902	497
303	725
537	137
282	689
235	192
804	323
585	45
823	168
51	479
216	100
861	170
145	901
802	445
11	729
933	273
551	222
102	650
497	177
399	1542
68	713
634	275
648	29
192	515
181	1114
177	642
721	323
943	423
666	118
114	197
237	9
291	84
893	597
798	577
682	597
624	319
551	188
201	28
593	125
691	8
697	124
403	288
279	364
21	300
327	302
659	636
650	1627
826	1219
426	653
734	28
293	302
753	484
237	483
906	287
780	199
814	234
646	354
23	224
648	926
650	232
890	435
524	259
581	1375
782	885
466	357
196	153
178	1
630	71
396	333
729	748
314	15
435	1128
823	356
846	31
774	199
650	530
458	435
92	145
6	512
119	1260
540	591
868	219
125	482
500	775
847	225
247	750
707	248
474	511
276	458
715	81
807	423
884	212
533	322
21	672
125	117
619	849
637	255
669	133
532	316
855	510
514	747
601	156
501	1081
635	1
568	529
291	974
378	409
416	217
592	252
521	135
647	72
694	610
399	975
113	289
896	719
347	356
94	692
312	638
690	435
846	271
908	484
532	97
374	235
608	735
267	210
417	151
576	678
60	23
395	215
912	357
624	815
890	521
753	750
344	708
666	613
660	449
422	295
333	435
601	123
653	198
181	876
601	91
934	423
727	397
513	546
201	237
590	100
99	174
711	727
540	1
269	268
151	382
399	431
771	83
937	847
308	408
430	101
450	260
862	406
104	345
435	268
512	302
881	554
659	88
843	225
758	257
194	155
622	46
903	649
932	527
429	11
520	1051
161	225
919	535
773	181
698	211
668	286
234	4
882	275
235	512
354	168
452	969
298	118
553	485
60	1060
138	137
752	1463
271	116
343	179
266	289
606	926
831	237
82	87
406	234
533	294
468	82
618	182
846	482
483	91
69	289
806	403
297	258
612	9
766	514
687	323
615	190
371	655
746	186
59	443
497	575
160	15
328	449
454	528
87	657
92	1011
274	629
214	24
936	1315
246	228
643	121
655	670
393	560
770	50
349	284
629	191
561	175
588	164
639	381
445	1008
592	1377
848	899
297	27
870	474
654	196
689	273
405	367
338	275
508	269
654	4
675	286
889	268
838	114
416	1037
655	1406
537	689
921	87
896	198
749	1092
574	358
57	181
373	239
313	430
586	541
738	225
464	194
527	69
494	845
734	210
757	229
16	732
922	433
435	200
752	751
330	963
896	696
881	276
216	151
659	646
234	702
655	733
246	155
402	135
37	930
264	19
179	347
344	71
515	342
604	637
619	187
653	214
454	1126
523	154
766	639
72	25
846	196
255	245
189	44
711	692
533	133
592	1623
65	88
895	283
894	344
712	174
716	47
9	201
454	392
104	9
712	393
416	316
254	465
431	323
753	173
493	275
210	732
399	210
222	198
846	1101
358	1005
676	962
314	66
756	89
741	204
796	270
398	126
838	128
804	239
466	176
330	185
542	315
936	111
768	313
92	143
889	471
834	1017
523	95
881	1089
897	528
919	298
393	398
184	82
758	434
746	578
472	260
560	546
681	304
58	151
922	382
815	732
325	386
291	575
638	385
814	665
450	273
750	270
774	91
551	313
434	15
746	62
610	352
478	780
875	652
10	40
343	1
280	29
458	14
855	166
131	536
287	64
437	737
291	158
734	313
899	214
392	11
269	469
802	1025
684	252
494	514
597	181
660	546
116	1255
916	764
268	24
707	995
365	762
416	1136
620	288
695	307
295	208
193	562
710	654
456	952
62	116
254	416
296	187
12	708
308	648
92	200
618	282
200	495
451	304
931	137
738	211
536	97
754	284
389	161
417	55
600	92
506	261
13	736
853	286
313	167
385	273
505	1285
2	127
405	1425
343	79
360	45
405	1384
580	471
537	328
409	166
321	478
360	471
870	1014
468	8
487	399
552	336
488	87
608	327
615	1065
210	94
122	469
655	43
337	228
435	136
684	408
295	809
161	186
731	1275
411	181
659	185
303	813
833	92
875	1073
108	748
492	56
481	50
398	127
664	684
394	101
151	953
627	541
916	50
514	423
882	419
643	55
880	992
520	240
357	275
222	1066
442	685
798	953
548	305
867	9
773	1252
332	385
416	281
397	435
788	227
607	494
291	290
94	510
411	720
160	129
135	581
264	288
497	4
479	101
198	70
485	286
659	559
624	864
683	911
664	518
563	781
363	204
334	237
790	173
453	552
95	182
680	815
868	198
606	124
911	482
385	256
440	904
561	1267
829	458
869	269
387	463
537	419
832	264
379	729
583	175
716	417
94	587
463	121
533	744
279	60
201	31
860	321
693	121
429	44
474	199
484	300
804	194
189	172
32	111
763	275
741	283
159	273
660	38
203	815
758	616
537	231
550	222
305	70
610	673
343	950
630	871
808	271
524	72
724	1432
630	100
56	399
586	763
332	895
871	547
385	811
838	235
48	185
405	996
520	286
514	1039
461	269
180	660
575	507
830	925
387	434
512	50
60	166
653	174
807	678
303	289
688	879
85	393
666	333
881	140
846	226
828	887
200	98
561	22
496	485
291	941
443	307
387	1110
841	344
484	294
256	975
691	205
545	890
269	81
7	656
455	1028
798	473
592	95
215	134
864	98
562	127
711	254
240	269
551	825
663	1073
886	265
768	826
387	96
136	204
21	978
684	520
459	1060
543	169
559	265
580	348
876	238
810	879
716	192
13	796
151	171
625	166
279	429
478	283
561	542
748	183
280	232
623	183
281	310
840	615
107	1243
167	238
779	121
221	423
139	100
586	229
405	807
834	313
870	1019
161	15
411	9
343	510
405	110
459	275
339	187
770	748
433	919
56	154
905	125
756	1119
494	245
363	578
578	1016
373	380
299	513
638	118
664	478
18	81
256	323
803	754
372	299
843	566
130	291
815	443
504	693
538	655
532	216
303	425
527	661
92	636
420	285
366	758
222	450
676	682
25	116
413	515
595	826
533	443
758	129
331	124
761	840
406	428
644	100
682	127
716	494
780	174
891	100
880	568
339	317
796	294
51	144
368	98
324	538
378	715
859	249
883	559
936	16
826	1228
511	908
537	504
557	253
18	284
401	153
523	1047
514	234
780	97
370	173
655	793
823	651
864	755
13	529
642	726
618	770
158	275
389	82
434	628
112	310
104	290
435	157
204	316
263	180
880	127
663	332
798	417
798	161
527	99
338	215
823	152
21	127
579	845
616	329
196	411
537	1045
935	15
655	882
453	226
763	432
645	658
629	160
49	300
385	1017
14	923
577	423
655	906
528	174
763	127
567	811
94	1014
207	173
536	188
665	15
478	340
580	3
602	457
426	191
417	550
815	257
886	101
436	974
823	274
435	68
457	1012
456	845
561	1010
642	1413
321	435
472	208
52	588
593	233
923	248
806	56
144	87
608	753
181	477
472	633
940	153
178	293
251	24
638	636
881	178
425	686
869	756
79	257
943	80
347	172
889	427
496	135
429	176
592	806
883	319
76	769
601	508
796	393
830	211
778	186
778	161
363	260
389	105
790	365
805	998
416	310
498	1495
555	121
184	182
564	333
457	151
429	462
640	369
751	301
437	955
268	100
132	285
102	168
436	1048
861	20
827	289
852	568
727	204
798	111
758	540
395	1060
158	450
697	328
650	1039
938	458
532	781
655	1631
201	137
683	344
907	286
393	255
936	547
219	269
940	655
291	202
534	243
263	496
924	1478
911	143
158	174
693	662
90	1039
815	514
221	1217
899	746
334	896
592	823
387	258
933	934
886	229
416	729
276	1244
139	237
604	441
881	521
387	1134
698	132
425	24
183	226
764	22
711	1446
280	1473
102	1076
308	519
50	288
561	157
334	257
911	210
592	988
655	1167
455	313
136	647
594	199
276	679
477	15
655	233
545	73
479	338
277	1129
633	77
315	523
875	512
416	264
577	338
907	1047
497	273
524	484
347	595
665	535
452	132
158	514
882	739
803	311
763	692
527	628
504	292
788	531
330	451
577	22
942	304
896	568
675	1255
187	173
576	280
456	1010
757	28
405	1438
916	144
862	197
7	590
450	1152
233	603
495	235
916	480
635	1025
8	222
378	235
360	205
886	941
109	403
918	165
18	165
264	150
577	140
94	451
932	434
533	222
250	12
253	588
526	276
308	568
363	39
416	633
868	2
650	281
528	31
650	175
868	159
588	720
347	693
303	808
711	509
886	544
167	1125
923	245
671	23
533	69
764	717
342	262
796	546
894	287
668	354
705	195
70	150
6	153
178	157
564	1399
805	5
790	1282
387	684
805	771
782	1127
862	184
918	42
747	135
766	182
682	9
309	690
313	495
94	474
63	262
546	458
871	216
56	781
102	294
821	111
942	427
243	26
451	1280
649	471
99	105
486	3
666	48
279	456
662	1380
561	4
406	39
943	24
916	470
709	633
454	566
149	262
392	269
608	61
213	478
472	1239
308	603
77	511
417	77
703	322
639	153
533	521
885	1
566	467
788	148
650	1215
427	359
457	202
715	53
823	161
724	322
727	53
651	301
792	276
59	3
503	86
780	22
390	9
331	32
442	176
115	23
655	476
634	325
537	652
592	260
719	402
534	3
666	527
501	678
776	194
53	25
343	1267
707	1176
216	466
547	302
886	48
189	181
648	71
486	1171
748	678
758	144
835	1063
847	578
359	268
267	715
62	276
181	411
653	1042
781	232
401	1289
756	138
938	815
292	298
344	316
355	242
834	117
160	1197
545	202
91	205
297	357
804	526
862	208
769	284
833	558
52	1011
515	895
311	8
91	333
787	333
221	407
339	1153
243	157
497	559
156	357
493	182
18	83
554	28
187	69
648	231
602	300
610	210
887	279
421	98
328	180
409	175
898	270
457	294
487	222
707	309
833	118
911	404
267	65
230	95
727	24
804	212
495	133
850	519
24	289
844	778
476	384
804	87
636	118
122	660
291	369
587	878
653	431
769	748
145	276
901	826
934	179
327	311
721	70
711	191
788	318
388	294
92	421
899	479
515	329
497	716
495	622
454	610
692	411
792	9
451	262
622	161
2	100
685	991
624	1016
59	147
207	216
805	1232
653	160
824	292
308	32
397	298
389	684
405	1193
341	335
500	42
630	1040
936	286
299	732
804	121
683	248
58	111
506	661
271	763
733	248
405	584
183	375
833	475
360	56
437	654
128	433
774	1215
547	319
378	807
867	79
102	7
934	190
474	259
260	891
321	52
234	1204
804	63
42	141
589	538
615	275
586	467
806	204
506	539
650	179
755	269
641	83
619	750
75	405
692	756
487	298
880	381
708	300
201	566
889	29
796	293
533	427
523	210
104	405
642	120
614	1
307	529
804	527
561	132
437	79
95	671
488	180
883	209
211	491
455	77
642	364
794	248
637	471
324	328
75	926
417	382
749	48
262	582
178	184
683	328
57	245
715	87
848	179
110	939
621	118
659	73
429	702
666	64
128	419
648	67
429	729
823	151
226	652
795	1555
671	159
886	127
7	202
447	1142
394	627
43	566
860	316
158	651
378	845
85	712
417	357
279	64
207	291
766	98
864	476
800	597
716	175
904	794
886	28
846	396
535	508
450	173
901	436
798	949
736	1388
748	528
410	340
699	21
90	153
889	147
236	179
378	193
216	790
560	211
501	125
70	451
130	294
642	235
13	274
312	178
648	633
864	794
585	1018
484	53
729	333
537	510
566	660
532	515
24	151
653	381
488	9
752	307
295	237
345	200
727	42
880	396
592	287
541	459
653	135
187	694
826	62
886	92
510	286
833	172
13	829
804	988
561	644
16	200
711	425
334	68
837	225
561	693
399	665
455	259
10	211
798	162
450	191
500	821
883	805
656	903
596	286
21	874
592	1226
943	92
493	762
387	768
327	69
825	566
883	275
773	198
188	455
60	517
513	323
588	207
466	258
673	328
583	195
587	259
887	206
125	369
35	264
405	1346
528	238
365	235
104	302
478	178
882	235
694	474
661	506
530	692
653	779
875	135
617	671
721	680
378	620
844	258
463	1060
738	2
329	282
42	491
526	7
653	167
151	582
533	203
405	29
380	38
479	195
628	301
123	242
672	109
387	508
694	449
357	1277
617	606
378	977
569	748
889	650
285	258
592	23
673	79
529	749
280	226
758	512
805	581
908	322
232	514
499	915
586	581
290	683
447	447
189	241
399	332
144	405
500	286
833	802
447	642
110	780
889	430
500	234
478	1041
815	89
496	268
727	156
655	684
119	1052
246	1044
757	228
835	310
347	121
324	282
393	259
130	17
690	1185
406	208
776	431
458	180
342	476
508	47
842	752
807	229
775	329
62	715
745	168
600	540
201	448
688	339
164	472
515	269
621	423
880	623
370	435
380	7
71	282
634	1067
585	198
878	1065
597	118
387	732
393	774
463	764
894	147
889	185
892	321
267	124
561	71
864	1109
622	240
629	86
758	250
11	58
692	56
79	222
222	710
892	473
234	207
505	660
698	96
58	200
542	293
48	98
221	298
551	1376
389	274
497	431
724	361
548	546
148	549
389	780
435	588
60	8
23	449
833	474
472	215
859	287
796	628
144	135
655	794
379	161
181	1059
417	242
440	751
145	1290
291	240
693	273
694	176
862	1109
622	89
915	307
899	73
823	25
901	395
23	56
646	258
537	702
693	177
892	87
554	230
459	864
449	14
363	1478
763	97
629	55
867	174
483	237
863	877
618	497
495	218
6	303
339	99
506	198
864	273
622	737
648	178
682	419
269	52
636	9
374	471
854	257
716	412
118	413
157	255
466	181
689	597
790	228
405	50
269	218
899	111
804	379
620	78
57	105
648	174
157	313
766	654
625	433
825	870
194	76
421	164
497	183
189	527
437	137
593	685
435	64
715	231
671	2
176	325
294	237
536	148
562	806
405	571
109	216
111	303
568	988
220	995
497	388
919	168
923	280
343	657
697	833
921	259
524	209
145	1273
109	63
125	211
405	1240
815	1
405	52
715	546
36	289
500	1009
405	653
927	29
457	193
524	570
617	56
276	685
87	433
911	98
20	820
838	60
805	1054
870	813
374	823
454	504
190	327
479	136
768	405
346	172
378	294
919	11
69	628
135	321
681	289
374	71
281	301
326	135
891	476
391	491
870	198
393	344
806	485
237	498
1	50
145	59
497	627
221	763
744	127
413	100
938	1014
433	273
896	461
747	109
267	665
820	358
259	484
889	655
397	95
481	202
690	98
222	63
280	946
421	129
827	312
236	328
465	169
389	396
561	1512
405	1074
323	98
846	588
577	173
200	282
899	135
764	11
843	441
233	623
326	498
178	82
797	781
823	471
553	478
425	520
560	151
846	65
128	387
458	330
758	43
608	69
450	627
435	265
450	654
479	490
775	286
506	66
543	174
682	216
222	549
541	585
749	968
468	475
94	399
334	655
930	106
936	323
200	720
601	475
435	435
379	357
274	591
15	297
213	458
545	164
457	658
740	332
642	570
405	37
94	864
921	66
125	399
548	79
844	97
751	101
23	102
201	956
49	358
592	340
870	1412
863	313
417	13
85	210
524	471
405	861
611	302
506	503
825	593
798	699
478	100
899	153
823	42
141	815
600	568
348	25
359	408
363	95
244	401
293	235
81	717
397	22
416	81
474	492
466	17
648	413
556	1065
453	22
498	479
85	462
724	358
499	193
117	210
863	902
782	1514
282	358
707	949
622	403
746	2
342	9
128	468
46	305
630	288
222	363
409	404
454	483
787	271
191	900
428	886
622	7
524	578
398	491
174	1091
308	131
339	736
483	228
595	111
526	285
664	450
521	967
363	216
803	304
561	1139
860	310
541	63
490	286
535	198
528	1618
749	50
733	244
201	667
308	357
417	343
838	354
500	8
901	795
479	528
405	1159
698	22
450	928
514	144
348	107
239	165
497	66
345	14
435	196
135	55
886	55
324	250
237	656
642	769
705	69
541	543
627	729
221	117
614	279
351	311
648	1029
505	755
919	832
705	111
487	259
268	173
707	900
856	750
666	206
634	315
18	427
790	80
840	367
214	608
709	451
878	739
509	288
269	68
707	319
618	723
405	536
757	148
540	147
751	161
776	667
343	521
497	24
148	174
756	1240
236	50
436	340
297	1
896	1134
492	483
553	513
922	83
312	89
853	877
314	1519
503	485
709	569
181	222
455	778
910	684
450	1112
454	435
458	744
356	292
194	50
535	188
404	332
643	29
854	652
429	409
567	659
378	728
788	561
405	526
594	744
393	161
896	1240
606	103
222	1016
370	484
301	228
429	238
724	245
145	1287
422	590
328	29
637	619
500	568
799	292
892	501
346	959
525	7
318	566
575	963
842	349
452	83
121	298
280	72
479	1028
871	262
891	924
846	419
381	934
83	755
823	187
299	487
863	344
142	186
421	182
339	650
311	496
543	8
354	65
533	151
625	732
643	505
254	231
694	434
853	331
215	56
733	288
618	416
466	82
198	108
61	310
586	72
64	228
652	288
55	50
533	8
561	483
450	499
805	321
243	151
416	251
601	198
773	588
18	66
418	344
146	294
234	177
527	588
262	411
474	628
881	43
537	516
536	755
890	228
744	302
665	215
615	289
121	197
533	243
537	633
473	246
395	273
252	124
919	732
128	1221
324	827
500	3
666	194
286	703
739	318
896	414
514	357
647	300
529	245
392	288
474	491
348	121
758	298
526	150
843	229
473	508
429	430
177	210
825	1049
457	597
907	86
878	45
425	827
653	265
497	100
849	588
925	5
233	194
605	153
907	98
789	181
840	419
864	227
848	663
324	260
919	243
660	174
7	679
38	627
454	234
389	25
569	225
763	1268
268	249
788	230
642	121
678	1
676	948
507	319
83	406
807	699
435	96
405	38
747	555
848	512
21	50
572	100
311	1221
327	663
102	396
303	655
838	455
548	1025
493	288
436	278
940	529
83	1016
393	154
250	181
823	474
72	198
918	70
382	7
833	347
293	17
536	80
478	369
727	176
634	288
316	174
604	443
339	234
943	233
312	213
852	930
368	201
907	497
803	242
847	191
807	630
496	1060
503	482
451	1296
830	89
880	96
919	312
847	485
64	679
276	367
545	196
504	462
886	1467
942	496
363	1014
180	739
643	169
13	799
788	755
622	685
705	403
487	549
722	412
493	183
318	187
529	333
891	237
472	105
846	519
502	681
457	4
766	968
399	1042
268	475
642	131
790	109
918	1099
376	603
665	1040
63	322
457	1037
882	7
622	62
710	420
625	96
276	1407
207	471
261	321
490	764
622	769
321	651
697	369
592	1011
709	578
749	101
935	125
711	203
481	100
268	184
450	131
569	300
796	1032
824	989
506	50
627	562
301	181
554	100
49	13
378	707
58	199
236	98
623	298
496	774
327	550
825	832
343	155
650	215
880	282
882	168
615	170
792	13
854	482
235	196
371	117
307	269
488	429
875	501
401	591
378	292
676	222
328	651
927	222
305	428
436	167
606	294
663	187
450	728
372	628
411	566
655	332
840	186
897	28
453	254
500	172
532	304
450	414
401	194
82	511
10	511
889	663
715	475
253	190
698	143
644	322
774	585
298	205
726	248
592	1071
416	100
693	572
630	310
339	675
59	133
531	302
881	395
851	824
774	189
667	504
606	1110
924	100
327	66
293	433
161	70
280	769
465	529
877	98
780	28
561	505
648	1626
524	1268
474	663
440	304
848	529
20	22
449	105
921	143
256	1041
488	239
586	183
213	597
896	11
854	455
901	429
305	631
599	276
159	299
470	475
610	204
455	57
749	731
634	1011
345	781
621	38
833	581
788	1459
832	50
332	226
894	978
682	468
62	597
660	95
655	512
669	276
880	931
489	313
471	878
374	1215
347	742
758	56
852	259
686	97
648	678
546	567
301	97
815	542
668	358
201	232
423	282
868	738
458	1261
315	163
201	1426
476	1074
758	155
648	629
18	963
551	796
536	139
632	367
62	82
825	932
311	783
301	393
318	692
880	1217
659	315
268	203
91	143
321	197
49	403
745	483
286	174
3	347
779	879
500	164
924	605
262	485
648	407
642	1179
782	1088
492	192
533	127
773	29
887	473
453	214
470	294
592	11
903	1073
747	1659
896	320
937	286
450	1115
407	143
885	568
130	249
916	101
130	771
606	628
181	137
615	302
610	79
468	95
95	99
95	449
666	92
339	213
245	300
586	17
243	14
184	238
70	429
58	210
586	566
119	93
634	281
378	318
659	180
823	164
846	1050
295	582
170	984
566	154
13	834
119	1137
650	272
592	189
511	260
499	525
919	887
798	707
798	1239
806	875
708	255
815	200
416	928
158	290
152	278
87	410
661	216
684	728
894	1048
786	724
880	1139
880	1184
897	117
630	191
463	7
181	713
209	14
763	819
305	48
459	216
643	436
798	826
328	810
851	204
682	233
90	606
660	79
325	211
666	257
916	143
198	428
942	892
318	378
940	357
288	688
778	42
26	246
890	50
796	219
650	479
454	842
339	156
568	478
896	273
303	1510
711	483
342	428
574	1022
629	202
269	432
846	50
503	45
707	1530
454	275
645	28
134	508
21	976
828	531
560	1
608	690
77	96
271	520
640	175
868	417
233	143
593	286
275	196
926	300
798	405
881	1
506	210
577	77
815	174
780	604
711	98
407	100
200	1091
844	55
56	183
592	408
145	823
389	712
429	527
932	1454
434	288
412	684
681	328
417	44
634	741
404	66
933	166
109	748
230	423
299	1507
835	685
405	1488
60	357
499	514
126	310
757	98
347	258
900	834
701	275
176	117
683	511
519	340
458	694
201	508
308	671
186	294
189	136
554	86
784	321
245	21
546	760
344	529
450	1020
407	1188
939	1023
896	1112
30	259
796	313
626	948
92	260
932	636
889	455
593	26
263	31
131	744
608	848
740	322
358	318
875	479
535	702
184	523
532	168
416	278
60	378
533	204
457	417
566	465
475	286
177	302
399	587
918	972
472	240
788	399
538	121
939	890
422	100
194	186
817	9
469	10
312	506
922	210
316	173
92	949
246	550
381	514
262	68
806	172
532	307
449	1010
286	216
499	657
360	328
682	202
279	395
752	346
145	943
533	713
650	719
405	2
693	483
504	449
405	729
380	200
346	657
693	132
533	66
819	319
607	529
625	294
764	531
879	304
391	604
334	164
847	218
264	137
796	99
735	106
26	252
537	445
622	833
456	1604
498	515
445	100
606	64
186	1016
804	202
885	584
729	338
495	96
804	771
503	13
807	141
399	824
458	847
536	21
504	53
924	9
545	55
911	185
593	966
130	144
297	156
633	121
758	191
328	232
749	576
611	269
374	70
569	301
892	470
393	5
393	191
653	142
7	606
474	474
882	756
291	1220
343	561
715	713
878	88
864	47
391	177
417	792
801	881
628	258
393	332
629	234
17	475
499	157
164	934
59	929
872	310
524	89
916	825
566	2
406	93
901	204
535	654
873	875
249	257
781	97
448	258
620	834
90	647
246	132
654	963
59	524
643	597
721	881
527	651
840	166
537	423
883	208
62	159
671	204
889	879
104	508
916	978
405	644
4	329
580	181
920	302
654	381
726	25
159	1278
855	198
177	358
690	89
805	228
356	316
684	181
553	604
830	233
374	406
619	127
386	24
524	58
660	179
416	515
250	844
508	1135
745	10
709	541
938	595
59	51
605	371
655	1068
116	872
556	507
18	285
804	568
510	259
846	1411
365	340
405	738
293	1228
109	239
871	1137
262	423
772	332
796	111
7	499
892	419
505	265
534	1327
890	429
894	332
798	197
405	786
676	538
859	762
264	676
862	96
653	444
854	264
538	423
270	443
187	651
70	343
130	589
451	286
672	1190
151	147
826	576
345	87
645	641
847	496
479	95
894	900
674	1197
463	127
653	139
592	246
85	435
499	295
416	156
562	477
119	727
862	651
825	250
346	1039
757	233
405	851
130	527
110	1228
823	134
323	741
629	509
919	678
297	265
277	50
506	792
864	568
90	607
690	790
894	273
332	678
514	558
660	172
327	184
805	451
618	1066
532	4
385	211
853	245
790	188
762	1662
441	117
806	157
471	422
788	327
244	268
493	1016
916	150
565	639
524	612
308	567
270	603
807	625
13	371
586	250
154	238
592	195
537	89
627	549
311	468
65	50
59	505
828	346
399	63
533	755
239	180
95	77
271	177
892	515
663	12
916	221
85	188
193	354
170	300
201	1056
644	250
796	1299
680	150
555	546
244	1136
532	403
456	101
536	209
157	410
62	676
706	9
878	796
594	237
296	180
363	333
895	301
500	328
332	845
14	81
665	24
608	11
474	427
523	430
151	265
782	1666
747	69
510	1025
736	296
870	724
587	351
715	168
658	55
524	517
756	210
99	348
446	883
73	748
833	176
805	422
907	472
437	794
666	644
275	825
435	1014
497	781
535	153
476	710
533	403
870	204
455	28
819	321
711	710
489	878
280	200
480	191
943	41
690	496
354	381
409	61
267	550
847	50
405	1239
109	209
561	203
429	89
21	5
747	129
452	458
782	301
896	1437
932	1030
830	484
942	1050
363	4
625	121
833	512
430	117
350	187
654	54
184	121
705	655
655	515
913	423
118	100
53	568
525	472
496	661
868	451
648	479
165	202
764	28
90	273
795	204
73	188
916	4
897	871
344	86
682	401
851	412
314	845
762	749
790	15
751	734
456	697
449	9
542	1059
429	581
790	570
851	56
618	483
405	1407
764	284
864	380
308	646
351	322
655	527
222	50
524	65
7	69
897	11
361	155
523	863
472	485
320	164
365	276
655	1379
435	722
932	67
59	662
682	509
642	1014
744	483
571	484
423	689
6	516
487	546
11	603
537	236
15	310
725	881
805	655
882	117
95	141
766	1298
540	9
73	285
487	17
194	367
486	307
450	354
276	634
727	511
447	1
642	779
144	262
156	9
378	86
524	385
398	71
429	472
899	433
361	276
372	875
537	474
416	219
606	410
7	436
660	40
593	763
378	684
659	183
787	899
649	257
427	258
144	751
693	218
472	80
5	373
537	151
257	275
38	155
294	276
789	286
101	841
537	1245
541	66
873	358
312	430
627	245
284	750
834	347
868	191
827	268
622	80
273	347
334	287
155	300
43	408
156	651
487	955
751	144
455	550
891	121
110	294
806	153
371	496
550	181
532	549
537	735
883	342
846	672
130	765
102	785
373	645
21	289
493	234
806	12
442	234
466	455
916	177
765	1009
363	1
7	573
715	40
437	511
256	363
619	82
741	273
18	319
738	197
716	620
514	15
458	76
610	12
676	916
932	679
655	880
293	15
215	288
655	1560
277	237
694	965
40	242
343	197
848	655
788	879
727	29
62	285
629	50
539	197
880	250
495	91
642	399
417	405
649	298
677	150
535	514
342	174
145	1009
222	407
387	293
464	249
592	1315
157	118
921	892
811	901
577	210
894	350
921	820
145	12
872	1376
880	1157
7	584
769	15
468	97
445	1199
276	772
868	50
62	91
182	178
835	225
159	254
554	696
163	272
801	355
917	471
807	505
766	432
589	271
758	186
271	610
524	478
659	659
943	73
326	616
764	125
313	559
882	243
783	300
933	127
758	134
757	17
757	101
365	288
588	208
497	597
401	71
551	80
807	465
542	273
268	363
252	149
782	1387
194	9
655	179
938	273
786	455
733	1117
416	597
838	134
833	79
305	179
943	173
833	67
645	447
174	215
325	647
543	83
804	79
537	69
788	518
488	655
702	895
405	574
58	7
906	285
246	798
554	819
502	259
416	420
843	222
897	56
546	294
397	127
501	405
472	1034
655	58
367	670
711	354
181	331
324	327
177	144
474	416
782	1143
268	11
222	388
435	473
589	333
643	288
637	293
448	268
936	257
346	1217
174	709
256	64
796	699
886	512
201	431
195	558
468	71
906	15
847	104
763	462
798	1509
44	175
528	523
472	121
314	827
436	179
617	475
851	68
59	781
897	176
690	1118
59	679
332	302
474	431
666	196
392	200
878	99
462	292
446	294
648	368
300	300
648	1228
902	483
757	270
533	663
568	493
405	725
308	1065
881	504
344	864
602	508
63	224
165	222
527	496
586	1249
332	328
795	431
271	169
500	1
617	558
268	1228
721	135
429	338
934	297
543	24
853	300
889	210
40	896
715	789
561	526
393	109
828	302
44	871
391	276
930	286
279	436
852	181
426	178
411	174
872	685
23	181
566	1065
223	125
506	230
508	451
94	201
354	81
227	1143
493	1
718	831
863	262
405	1035
1	191
291	774
484	7
632	58
396	118
94	629
645	428
940	191
13	754
790	790
694	121
868	556
82	588
567	32
268	1273
234	635
90	515
381	268
174	202
10	602
535	180
608	79
379	712
508	524
504	537
655	695
889	134
653	1206
135	38
663	318
655	1245
887	100
216	82
234	182
537	591
437	842
336	1446
921	1032
49	946
843	474
655	159
435	919
454	81
843	132
406	125
371	186
663	1017
524	493
184	166
620	423
619	328
862	429
753	499
437	1148
263	322
862	252
33	879
535	942
345	81
474	179
669	196
697	343
209	249
234	1003
116	145
142	124
14	427
389	558
775	344
693	211
821	318
547	332
928	878
622	674
613	478
666	515
405	373
694	100
747	347
474	15
70	449
872	323
298	186
250	276
685	302
482	988
160	408
533	382
416	651
814	669
397	492
536	483
601	12
638	89
372	446
94	528
573	528
239	304
513	685
568	435
870	177
401	174
194	432
778	117
468	507
474	26
648	455
558	269
154	258
456	423
665	742
437	476
890	340
354	737
393	141
535	70
435	249
675	269
807	402
588	723
894	326
234	102
588	404
592	306
659	794
880	731
201	468
617	170
906	10
698	479
308	42
409	171
110	325
864	333
805	169
901	8
1	138
416	307
371	181
60	12
506	195
693	472
64	431
764	111
154	211
894	269
889	480
771	79
663	1324
365	1
462	310
82	1078
95	507
533	58
787	748
641	301
370	480
504	972
569	258
92	385
551	79
263	271
551	1087
840	496
655	1538
930	690
405	1588
526	323
874	325
632	510
318	480
889	199
910	254
747	64
49	1072
696	347
924	421
648	550
682	290
831	174
640	540
805	412
758	79
551	728
782	938
721	327
684	274
645	203
927	405
83	15
312	23
751	381
119	298
745	275
875	96
378	1009
710	299
642	288
561	511
505	588
761	50
889	248
809	1025
509	289
897	864
823	173
405	391
749	510
405	1195
890	667
450	482
933	265
741	31
313	77
658	510
441	751
928	135
351	898
757	426
790	792
416	70
916	713
892	155
878	166
586	239
383	657
438	284
59	176
279	824
625	191
113	303
457	65
380	506
343	387
478	604
828	52
562	98
916	49
184	393
437	82
452	172
474	648
199	813
75	845
500	237
267	100
495	1469
186	1399
83	174
894	10
439	246
933	424
453	85
332	322
854	423
642	405
919	100
58	203
764	411
749	226
648	554
109	831
851	302
886	1303
464	510
712	625
706	50
221	651
505	191
883	39
655	242
406	607
49	8
616	258
923	282
177	187
537	311
553	1451
829	286
748	654
661	195
268	117
227	129
901	12
385	98
648	240
796	418
77	15
291	772
468	50
763	133
870	87
299	461
269	464
605	252
435	215
788	482
94	508
393	280
851	1120
538	181
450	1521
90	464
44	631
393	281
774	559
92	44
373	409
492	193
599	948
890	173
582	293
115	558
932	459
717	290
297	200
239	504
695	887
540	111
328	405
766	837
326	226
934	709
880	245
455	213
784	270
306	1251
749	1337
354	936
703	235
427	937
932	617
308	68
75	1048
161	100
663	286
521	231
606	451
600	226
213	106
504	543
109	1135
919	358
464	176
716	199
307	135
561	645
754	1197
851	284
796	724
43	277
847	173
936	1086
530	88
880	95
457	451
626	258
504	248
329	313
419	269
13	492
277	742
290	15
450	520
790	275
305	1512
109	576
846	99
500	768
294	1079
141	1028
940	355
773	1
405	205
543	796
164	690
936	1007
705	755
452	554
411	38
870	591
620	1066
942	584
407	1118
790	83
807	624
618	419
894	249
932	611
604	100
452	423
638	181
405	1184
557	346
457	528
525	124
788	1248
293	121
639	323
407	101
717	25
934	170
821	161
685	325
846	427
586	665
471	94
663	129
846	40
791	300
443	39
606	418
85	527
159	829
445	1097
293	789
843	1065
788	323
123	187
399	151
567	298
693	480
312	644
521	568
619	79
759	1016
393	3
850	385
875	269
432	1
835	499
6	178
138	194
234	785
588	697
13	656
708	930
222	226
882	183
392	310
862	405
62	44
764	819
263	511
416	1091
585	1501
690	451
655	273
250	418
230	951
299	251
294	298
731	237
486	287
749	633
191	339
642	378
385	1022
534	508
276	405
430	303
344	408
877	307
326	195
327	129
704	316
476	47
553	498
233	187
352	86
655	1554
840	1639
474	356
524	618
932	503
95	238
884	300
864	708
484	96
751	88
449	639
7	607
389	88
391	659
401	185
763	658
830	49
399	806
508	506
102	174
99	64
417	758
499	312
650	88
121	300
470	295
896	1267
295	188
807	21
398	735
393	316
763	69
263	498
735	275
927	99
882	105
271	697
345	210
835	1278
472	38
831	266
561	153
773	42
871	1345
923	105
838	748
738	474
537	194
927	82
360	50
560	270
506	692
6	460
708	281
907	144
863	909
160	100
492	654
731	478
670	15
521	748
691	322
380	217
837	596
222	585
85	328
57	257
699	1060
320	24
5	396
313	480
365	342
434	287
403	100
766	53
576	319
119	924
1	268
407	879
60	593
587	305
497	227
919	628
225	286
541	139
394	402
798	819
886	628
339	506
842	324
370	193
44	678
71	14
475	902
653	62
417	69
907	225
494	1197
919	989
597	688
177	153
913	171
277	762
527	956
792	595
796	36
846	650
934	630
936	295
551	96
20	763
486	20
458	526
39	301
721	330
85	520
712	228
643	276
518	235
784	307
399	72
450	492
690	281
627	229
343	215
328	182
436	895
698	144
722	121
449	337
451	358
871	127
795	423
634	1199
464	358
846	627
412	969
826	1239
531	327
297	546
819	340
682	518
214	516
881	209
757	423
330	627
504	210
551	121
656	338
110	31
357	476
903	693
620	101
934	650
506	517
628	874
889	566
457	1030
586	228
602	50
387	446
912	602
537	639
495	185
689	1
551	742
435	164
880	69
236	135
857	892
321	1101
802	333
672	220
20	204
546	860
805	447
938	300
788	1042
219	382
89	275
531	690
178	79
582	411
774	644
381	89
871	190
907	173
833	405
606	83
532	77
450	164
85	153
733	742
642	975
748	175
664	466
503	223
363	429
435	567
174	582
474	651
750	881
360	479
532	898
716	675
653	152
58	98
845	1234
843	215
889	73
846	71
922	367
545	155
666	154
785	79
506	177
624	262
268	72
815	265
752	313
643	659
532	1168
758	273
506	482
887	756
499	136
13	165
313	655
342	488
75	678
504	399
405	557
13	89
1	197
44	318
725	294
186	1336
278	923
837	20
494	9
275	450
763	209
458	589
648	25
864	54
929	431
813	877
372	696
13	661
796	447
648	1337
527	207
332	931
537	485
524	1129
501	118
29	268
385	732
429	85
840	611
484	121
290	97
621	53
892	203
534	1054
869	15
479	318
653	204
455	161
536	49
327	222
468	55
125	1115
250	270
244	609
655	60
429	1071
221	1208
426	132
504	716
387	47
474	996
95	542
393	143
62	144
566	70
354	221
459	825
585	557
497	449
819	182
829	275
493	154
321	61
721	302
622	1
307	401
189	133
385	305
648	928
389	211
320	946
498	7
299	19
674	245
439	100
753	504
886	799
391	378
346	1258
486	831
244	162
541	709
537	448
136	286
355	271
514	258
588	842
871	272
125	82
804	510
145	1087
416	282
641	513
678	285
655	735
747	654
633	79
939	841
532	472
405	141
865	597
524	965
751	91
757	38
896	310
913	11
454	472
83	127
736	294
749	1615
595	268
216	67
474	185
167	513
428	877
497	385
875	28
705	286
256	769
734	582
661	515
328	1112
774	258
655	1141
447	952
422	670
509	705
307	380
805	217
269	1427
741	790
92	284
7	29
758	571
151	611
303	518
704	514
535	42
764	673
538	963
325	1003
383	517
222	412
506	2
699	234
942	1221
452	15
577	237
577	215
472	366
312	602
648	1110
528	751
534	763
496	1444
492	100
160	61
577	1219
504	651
633	234
456	462
58	313
320	122
887	934
911	89
890	214
758	291
643	1139
655	1284
653	748
222	472
417	708
14	127
793	685
794	181
933	94
334	203
801	682
332	1090
403	240
95	234
932	1050
659	521
383	435
805	724
621	501
826	1
535	721
798	118
697	331
619	562
486	620
374	732
585	730
851	318
935	274
406	179
659	568
406	86
26	515
655	1639
60	195
296	100
926	302
249	195
5	408
916	198
621	125
682	222
588	382
629	880
707	186
706	117
746	204
887	90
70	411
710	182
456	721
622	756
272	205
373	187
862	845
548	307
640	302
363	315
489	272
913	58
497	155
10	430
936	9
830	403
697	763
233	70
802	201
559	197
566	387
130	299
305	69
275	230
880	591
452	924
399	1244
83	196
378	568
514	293
347	70
407	588
782	1256
436	869
609	313
537	950
638	176
495	389
488	612
848	479
530	172
13	914
586	761
715	237
704	69
551	202
474	52
429	163
244	105
654	143
59	137
395	100
642	53
299	171
851	473
284	903
854	1134
537	292
912	246
373	393
457	190
848	99
922	427
13	37
854	9
305	49
761	924
429	1545
796	403
551	824
659	712
709	849
424	127
286	1079
727	544
429	485
385	512
441	15
26	591
194	515
925	260
892	768
486	1093
833	150
169	483
710	318
145	688
545	431
363	625
178	460
251	429
569	321
409	485
903	191
244	214
796	527
389	514
903	87
530	660
916	739
293	294
700	173
535	632
330	205
854	86
655	955
632	12
5	415
664	458
489	269
906	408
845	242
44	172
840	645
856	313
18	952
44	64
524	310
183	212
449	106
472	214
880	310
600	161
883	185
872	1040
603	50
654	249
796	520
773	182
899	685
459	409
753	187
731	204
529	327
592	173
280	496
757	174
465	705
828	1005
682	291
442	227
102	856
567	133
807	399
17	628
447	845
276	98
933	167
62	167
645	197
895	742
598	690
300	1094
545	230
437	692
506	490
177	216
521	684
378	319
881	13
393	824
406	813
94	637
734	230
940	238
621	541
854	294
622	419
655	815
229	886
943	210
43	588
158	562
694	188
305	713
399	582
760	748
342	197
916	528
325	137
776	200
880	41
334	283
366	675
930	1048
804	756
314	36
785	50
682	572
490	224
181	1287
887	91
859	1315
456	1
457	529
595	930
222	578
213	508
268	226
621	779
639	462
503	662
94	436
506	530
187	707
354	25
450	608
758	137
851	925
100	258
562	485
445	327
326	216
786	195
643	47
880	117
343	461
788	162
708	596
586	468
654	660
648	227
194	657
840	234
624	111
538	642
271	792
639	356
796	510
642	156
433	303
870	384
59	181
903	25
826	294
405	1266
642	375
326	161
474	508
486	1598
397	100
788	356
771	172
518	713
332	1210
115	192
399	549
493	69
864	79
562	174
666	924
934	254
334	428
807	1
505	199
313	420
712	177
757	151
806	504
18	716
533	371
650	257
645	288
182	191
503	432
804	768
151	215
938	286
234	2
7	357
351	751
889	298
650	1
478	65
346	642
557	271
345	737
922	204
308	30
163	433
666	1098
407	215
7	56
617	89
347	1291
145	925
738	82
501	313
353	272
795	502
407	127
533	1041
789	137
868	433
478	467
354	432
536	570
394	431
588	638
504	402
13	4
606	919
450	707
537	526
18	973
916	1217
409	496
59	185
49	320
357	1028
42	103
603	181
663	333
174	696
560	301
804	365
892	127
436	748
683	1483
253	100
313	696
406	129
56	280
401	507
580	358
52	117
466	898
425	670
899	172
280	728
594	181
243	22
879	121
416	792
541	826
305	33
54	307
751	708
689	298
862	484
435	930
916	583
747	485
1	116
633	147
727	790
498	228
452	514
397	192
568	653
283	409
643	631
880	307
771	242
168	685
757	751
10	709
178	744
486	597
577	7
497	101
533	866
158	70
883	175
112	751
330	318
561	1021
846	474
908	195
207	88
216	129
331	8
923	3
580	123
522	654
117	763
388	559
732	243
401	815
892	378
405	179
458	97
719	778
537	882
116	607
796	155
385	133
457	231
591	56
900	602
459	271
303	720
938	222
201	185
644	257
846	194
760	204
646	1022
690	174
807	186
938	829
286	884
881	281
279	61
435	211
14	19
551	655
23	541
896	403
865	411
925	773
850	568
509	603
378	619
60	174
692	321
287	246
893	24
820	748
864	194
73	660
535	186
643	1012
393	393
741	435
918	72
709	441
782	993
833	861
94	177
650	578
532	864
85	385
393	186
504	447
497	172
552	50
1	263
545	444
541	560
766	52
11	79
426	194
49	96
922	380
47	289
188	462
907	1051
886	24
435	1151
405	482
910	332
886	235
38	410
897	273
833	288
151	380
349	596
389	615
802	484
541	8
184	283
99	780
682	153
543	199
457	111
118	844
553	99
579	333
100	300
608	1101
642	1287
378	961
647	134
864	167
234	165
533	283
640	55
37	566
827	347
815	214
450	663
803	988
454	197
916	53
592	123
177	469
385	24
840	48
676	539
192	108
940	482
870	396
535	662
766	133
542	214
523	70
92	369
628	302
406	168
560	222
130	2
552	1362
239	318
387	474
254	163
363	1073
92	156
661	310
420	547
526	271
506	218
500	1385
378	282
463	19
653	526
724	346
518	118
406	276
437	168
58	512
882	566
617	183
532	451
13	332
640	204
864	286
201	640
660	56
632	22
537	265
788	159
626	313
730	273
420	251
817	15
210	173
574	311
577	294
151	208
234	724
604	183
168	273
184	25
759	591
907	1157
777	15
453	1017
83	411
327	537
693	288
868	1035
447	1326
401	133
463	544
588	50
524	275
621	241
776	510
271	208
711	180
916	216
452	156
786	117
449	753
201	55
524	227
234	712
833	128
882	211
487	651
379	1113
727	1615
538	153
487	226
792	471
840	144
352	210
875	8
889	144
442	1218
588	333
650	393
379	124
456	380
807	252
862	120
374	526
747	1660
892	216
474	150
627	215
42	318
548	273
402	455
92	474
772	344
311	380
830	511
328	849
524	481
456	922
373	529
751	739
122	724
495	447
548	17
770	331
889	493
916	176
665	393
431	302
87	235
840	462
660	366
255	264
504	322
188	510
807	68
616	346
567	9
595	258
896	497
566	170
843	416
577	100
144	58
387	435
12	159
378	125
585	1488
614	717
280	764
457	228
253	96
89	88
747	500
442	318
618	87
409	115
210	763
593	723
487	402
643	79
893	288
488	193
698	205
892	150
221	485
557	529
135	324
792	24
806	286
632	1028
551	597
758	311
501	410
645	427
407	177
373	189
749	99
634	763
717	888
727	562
174	210
545	167
846	219
328	586
943	217
457	934
347	982
798	1
495	2
391	288
592	98
90	10
144	654
686	194
655	15
870	92
94	210
588	272
481	659
344	1142
919	151
268	1110
737	192
393	578
34	294
479	55
925	325
535	284
399	616
716	293
184	792
782	902
428	305
943	393
327	117
523	168
505	496
177	174
712	110
680	121
650	313
354	13
867	196
213	218
806	127
499	539
896	173
798	563
665	1009
559	318
346	616
586	1042
145	117
843	185
848	1118
387	192
550	748
316	172
234	1285
532	796
601	357
13	686
119	685
314	401
663	100
160	825
727	210
506	333
290	167
627	665
152	393
659	705
738	141
886	26
429	520
881	255
592	657
269	451
843	651
362	300
744	340
394	282
3	271
533	847
721	1221
295	729
422	324
639	213
727	12
453	56
515	687
505	568
569	508
453	385
249	467
255	5
630	257
13	275
5	378
891	25
855	171
256	1033
504	99
394	672
488	358
677	742
90	942
495	507
56	89
397	480
22	840
870	357
524	836
59	900
591	86
593	1012
84	111
354	956
257	1137
447	223
303	583
763	607
870	318
207	137
243	25
790	121
308	294
730	322
305	173
773	232
497	849
68	596
391	12
774	56
354	169
267	33
875	692
627	282
92	732
799	191
486	286
417	411
144	170
699	597
548	471
815	88
622	845
26	250
681	258
487	70
906	740
301	133
312	612
916	558
551	415
809	322
370	98
378	482
343	180
586	203
894	885
796	1407
807	477
642	759
846	470
401	365
782	329
562	483
453	452
489	301
883	1591
377	271
421	172
622	222
102	328
633	143
538	211
487	956
711	217
774	398
207	5
526	288
704	50
872	268
648	671
227	240
933	763
452	64
336	796
407	216
871	337
12	228
271	476
474	468
194	550
892	5
489	874
788	235
416	1426
943	794
536	498
363	185
500	472
54	823
95	1101
942	659
695	242
445	325
389	945
920	1612
699	23
926	303
807	484
15	118
804	674
405	693
336	998
233	168
669	521
489	343
442	239
774	654
537	792
623	288
250	754
828	86
593	163
643	223
309	1025
591	514
624	879
116	116
201	183
389	923
474	1011
897	180
59	151
188	64
512	11
285	319
524	184
900	429
823	1107
471	393
171	887
389	527
458	58
767	657
13	527
405	98
786	121
363	537
406	13
544	1280
829	276
275	96
234	496
500	216
457	276
625	179
321	1050
898	751
592	405
532	310
880	252
90	660
595	1059
751	269
653	54
748	204
881	654
293	933
95	94
705	568
407	1041
846	1078
727	208
650	22
795	919
311	726
385	50
802	300
456	963
435	227
534	24
426	601
659	855
215	176
642	138
374	288
110	69
711	404
444	286
90	650
709	233
592	1281
84	258
821	484
796	493
234	174
450	736
553	519
468	1070
472	1228
588	728
429	500
611	305
843	219
85	751
805	831
495	969
733	846
514	100
381	176
111	321
847	118
329	137
518	284
676	245
490	258
374	457
682	26
13	427
332	746
308	1169
932	517
710	95
82	603
9	615
193	300
458	179
709	1188
709	293
889	1170
62	655
548	466
457	122
181	1368
158	325
308	1456
315	433
171	262
489	243
709	265
458	663
829	124
135	260
600	679
84	466
320	79
372	436
655	50
206	1175
894	713
889	597
536	561
918	606
544	313
706	742
531	286
833	980
79	319
533	23
663	763
554	69
796	87
363	116
659	602
239	12
894	297
897	717
749	158
94	997
804	415
882	501
867	156
449	983
815	121
758	82
361	79
546	145
788	432
889	160
416	520
927	380
935	282
533	218
552	760
586	591
197	307
925	567
592	480
405	698
271	277
715	284
648	230
450	140
621	876
907	107
9	385
499	484
382	286
345	262
600	181
864	290
274	1063
306	283
232	48
372	185
617	448
345	469
608	742
724	349
830	679
504	416
799	748
916	268
56	42
632	485
847	410
905	245
308	77
129	678
551	770
31	340
749	121
529	682
535	603
711	741
870	570
870	658
484	202
327	1017
520	315
237	134
818	322
846	559
280	384
502	682
884	213
561	13
406	25
450	401
393	273
643	1221
227	1047
295	357
664	149
782	515
554	191
533	87
870	381
379	339
588	468
65	237
256	322
880	280
253	523
495	217
846	39
554	216
773	1187
346	1025
549	288
896	550
198	173
738	665
392	191
609	1012
343	89
561	496
327	250
527	1101
863	347
579	327
806	133
721	402
401	484
933	585
854	225
747	416
270	121
851	685
488	203
916	72
703	471
764	275
659	258
481	479
193	280
497	13
279	190
649	250
661	52
655	1636
334	213
864	56
532	506
892	385
181	456
611	301
43	729
829	100
901	748
56	151
892	274
537	205
330	64
833	22
655	1196
279	862
822	539
413	328
633	1019
455	380
880	93
40	346
276	479
343	26
548	248
518	124
573	50
128	465
326	428
566	392
525	288
354	955
37	841
795	174
694	229
333	153
501	248
539	483
293	213
828	752
890	234
654	821
776	191
267	141
756	753
234	516
877	566
400	288
389	1007
93	283
882	227
181	130
761	1287
826	586
393	250
122	269
896	82
405	439
82	826
58	124
806	518
450	396
910	405
246	67
243	280
878	151
813	680
463	24
79	236
617	1612
506	762
18	22
804	85
452	168
321	59
417	774
732	937
590	19
805	12
870	988
5	235
406	282
886	179
44	50
622	125
671	4
580	1014
222	233
870	96
682	546
465	202
930	190
880	91
123	289
308	512
56	575
896	88
200	470
268	124
391	421
17	126
556	523
429	147
655	1107
235	701
643	482
363	816
336	959
774	1419
476	393
577	225
315	276
747	29
634	235
411	117
634	248
488	127
864	201
790	546
943	796
178	1101
424	333
843	197
907	762
680	50
312	1172
660	316
405	563
234	319
98	88
938	823
267	203
83	64
393	7
624	905
513	50
868	151
416	682
600	269
682	298
95	127
890	434
334	736
54	328
276	1042
76	264
49	85
374	4
864	418
489	881
429	473
488	186
798	810
97	603
342	699
399	48
12	133
605	126
588	402
934	462
654	736
454	1203
891	107
246	993
682	89
933	665
6	468
561	277
782	1388
64	435
284	877
804	243
455	405
152	49
122	1074
698	648
565	207
872	1011
516	286
532	601
20	143
537	345
235	327
551	3
211	462
92	1042
766	503
468	943
416	783
336	1041
568	242
577	226
303	28
311	227
146	340
450	318
497	252
846	64
693	282
603	176
707	9
58	652
450	506
405	1587
683	300
650	474
880	257
795	96
18	127
774	468
850	162
921	538
932	671
691	478
748	89
458	531
229	316
607	485
378	223
200	69
504	1439
802	687
790	38
73	1
846	400
215	300
878	663
804	282
514	527
500	407
731	95
297	153
879	151
263	194
7	31
627	636
387	175
805	172
655	693
808	340
551	204
495	505
619	385
757	173
13	62
894	751
532	763
508	568
846	86
840	154
453	288
919	31
94	800
328	176
327	357
115	317
883	603
308	404
738	172
393	820
537	714
582	841
63	10
806	197
561	185
343	13
577	49
666	484
56	97
359	323
222	1178
896	735
499	692
217	779
694	1126
70	83
389	99
745	177
895	151
455	7
559	257
877	732
13	803
387	659
655	26
782	873
458	287
782	690
653	205
551	182
407	345
276	1016
644	326
804	292
393	385
601	239
276	355
378	402
429	159
692	508
397	197
438	148
509	345
938	181
466	350
804	434
483	116
405	972
727	827
450	278
941	124
895	117
822	902
535	98
733	1011
567	1451
405	1228
325	434
473	116
625	945
504	117
726	117
615	937
230	121
85	515
450	114
577	468
887	132
837	328
42	294
771	134
629	284
521	132
863	322
661	498
841	313
796	15
339	168
1	240
904	300
796	188
13	547
693	178
181	981
924	1400
836	187
574	300
735	286
360	15
537	22
158	823
548	443
406	670
558	20
606	117
894	1153
280	22
393	1076
157	286
758	827
440	329
833	445
369	890
82	121
392	316
204	146
508	317
89	475
733	245
409	60
296	244
934	154
60	227
487	230
605	293
843	671
592	358
881	226
238	257
606	282
790	1077
715	157
451	268
389	926
192	121
889	182
436	182
577	99
820	302
804	196
405	1535
815	7
798	121
535	515
711	132
527	11
805	357
360	210
936	717
425	877
819	533
648	1041
393	540
831	307
637	1028
402	19
533	288
932	238
43	559
486	1086
280	222
26	283
21	680
820	301
446	245
712	724
385	1495
726	355
280	324
116	298
500	762
457	729
645	174
796	231
707	133
897	234
472	43
566	23
525	257
820	313
788	629
49	182
344	1020
49	1018
416	375
15	258
699	1129
311	228
913	302
557	269
894	340
425	53
435	569
435	465
82	288
648	728
800	1047
303	198
479	483
515	750
71	174
870	461
618	79
757	562
174	158
551	1047
925	558
715	69
576	514
938	1016
757	217
145	219
708	15
303	241
550	300
894	212
774	357
500	1195
496	495
201	188
562	66
7	192
683	187
307	50
858	327
318	25
387	676
788	294
702	228
846	73
787	313
85	1173
537	681
378	58
797	328
192	9
262	476
786	132
334	175
523	213
711	25
896	679
871	435
807	1091
716	193
650	153
506	878
899	133
804	222
647	255
64	655
870	480
557	739
891	597
455	89
24	402
1	34
109	584
932	1512
561	513
321	704
246	11
716	628
707	1141
42	1046
468	19
369	50
567	221
57	717
749	380
181	1187
184	411
315	327
537	337
406	203
901	56
312	836
273	896
588	652
618	202
457	156
897	201
919	257
716	525
437	606
271	515
883	82
877	738
911	357
833	23
645	239
796	203
732	875
363	1101
606	942
15	690
582	50
394	679
87	781
378	720
648	185
738	151
495	143
554	265
912	192
934	411
605	135
588	588
823	182
727	343
618	52
769	121
848	50
343	410
708	111
289	125
526	325
186	880
807	404
751	310
774	692
885	91
315	164
806	6
406	452
826	50
721	989
782	127
727	173
317	683
14	762
279	229
425	379
686	174
222	191
271	495
804	64
212	863
370	170
178	846
125	401
524	584
629	173
183	1159
720	311
293	49
270	319
846	504
899	258
548	649
916	679
405	1031
538	956
660	210
511	678
881	51
498	484
747	1225
407	214
823	747
844	172
292	48
345	125
640	210
887	655
919	268
493	173
577	183
943	1074
938	762
549	24
342	196
286	433
541	1185
352	195
49	1036
457	695
177	181
49	54
318	284
897	760
883	900
849	172
694	183
617	238
226	89
474	608
756	161
704	259
767	648
440	171
851	1028
834	151
583	198
429	55
751	62
536	176
222	465
293	513
894	60
666	385
109	238
896	1018
567	203
416	99
773	13
269	357
292	483
587	339
537	211
249	203
901	1047
564	924
11	228
760	66
543	176
49	1079
524	1074
399	969
588	294
161	265
151	664
270	574
376	223
120	744
796	391
506	175
615	194
940	272
251	60
532	636
766	216
745	151
270	250
622	705
447	13
896	489
455	553
184	371
625	23
903	47
70	405
66	286
504	581
380	614
271	707
523	393
385	521
827	301
173	937
224	92
738	367
409	153
924	313
94	930
454	735
839	276
454	51
716	651
916	51
202	96
297	1073
435	432
878	20
186	106
766	212
450	648
399	426
201	886
488	294
593	245
323	1073
807	398
326	227
921	1317
799	45
786	7
145	23
586	1046
709	172
541	99
151	474
704	191
574	900
716	241
635	301
13	127
557	257
875	806
83	832
797	257
586	550
145	328
882	748
538	223
620	560
668	257
13	280
655	346
640	150
173	258
63	596
579	428
460	20
116	519
290	357
308	241
380	174
295	470
937	283
639	210
805	50
815	204
499	414
940	301
304	111
14	628
838	100
746	228
331	238
889	26
32	271
826	271
911	208
707	8
913	657
831	316
521	23
405	1044
494	748
698	177
325	530
722	291
796	739
791	331
104	50
161	486
835	660
59	451
92	627
334	83
121	744
276	959
32	222
1	77
690	186
552	286
887	1047
825	515
892	631
207	12
854	705
781	318
87	152
498	64
357	151
363	384
168	678
242	1
344	742
291	581
639	487
387	217
422	93
429	186
654	268
275	515
281	748
446	289
896	271
60	705
517	131
668	29
389	428
703	50
943	566
575	321
141	147
289	121
487	260
409	367
903	4
682	161
531	300
774	100
459	220
299	255
853	294
773	790
648	5
154	152
666	760
517	294
133	316
433	59
488	238
724	1234
205	242
665	328
508	151
624	121
66	284
184	203
773	228
615	286
782	268
615	168
405	1484
704	136
524	679
457	980
586	177
795	89
343	449
911	26
311	185
679	288
430	276
380	480
410	258
435	357
938	988
592	265
882	71
75	222
58	462
416	346
156	772
738	54
262	1014
131	251
465	114
850	82
381	855
164	370
207	248
500	25
931	50
653	291
145	1033
712	729
417	174
833	521
774	293
807	612
344	235
425	529
71	175
579	56
854	275
454	837
868	1183
533	651
468	98
57	318
323	1048
919	283
347	1039
293	820
28	5
456	1168
686	168
374	665
870	447
119	181
634	1
684	376
255	343
435	298
807	969
749	168
305	176
634	129
666	646
345	1221
503	313
749	356
621	567
506	204
880	461
194	1410
850	168
92	47
889	746
814	447
229	311
867	588
1	111
778	550
534	148
516	212
524	218
871	794
303	762
378	566
886	156
399	1035
779	235
557	299
627	125
625	385
439	293
316	507
716	478
396	121
343	536
85	531
493	188
906	1009
295	227
727	1042
751	658
725	1197
622	496
940	692
868	186
894	148
542	58
804	71
503	156
144	24
746	449
313	486
655	1266
830	181
561	443
456	265
279	198
608	1183
468	121
94	268
577	393
682	775
747	634
370	497
801	313
504	72
650	117
653	679
714	237
320	300
198	122
451	328
727	692
903	824
541	121
632	739
468	7
592	292
776	98
627	699
442	449
197	184
618	785
398	124
903	186
450	633
895	988
870	959
425	403
450	601
716	1203
642	44
929	31
450	4
143	286
942	435
624	245
263	250
843	226
534	1199
514	186
221	42
463	25
934	157
19	288
658	952
87	194
374	64
290	121
655	956
450	662
711	173
87	789
864	195
210	1118
933	72
598	22
6	535
416	158
311	135
725	748
239	203
642	1063
660	209
312	633
232	246
297	28
717	826
416	385
271	470
823	184
727	680
606	421
68	475
321	87
269	1411
242	1011
606	620
354	270
763	16
99	147
406	558
810	323
99	275
543	792
417	123
154	515
11	727
805	241
632	404
925	288
13	323
90	356
852	109
458	509
734	15
394	22
7	470
782	535
326	654
721	333
328	195
773	127
477	282
742	50
436	265
722	322
416	191
896	141
484	234
480	249
176	262
406	97
846	715
370	195
53	15
189	14
606	507
432	471
299	228
468	13
608	196
771	709
802	135
407	193
334	172
613	303
896	572
493	327
280	174
622	373
13	675
893	240
326	397
641	432
747	404
425	854
203	222
244	276
880	182
729	751
846	499
889	71
416	202
62	7
385	444
186	689
90	52
468	143
523	629
426	418
643	674
690	642
524	131
393	722
620	820
437	1267
416	620
486	100
457	186
331	1017
16	135
377	294
686	317
749	823
896	802
606	428
870	574
537	101
503	347
927	69
549	100
387	184
476	4
551	12
36	878
313	845
870	770
632	288
452	467
246	81
200	742
151	724
591	603
456	427
145	135
561	284
847	482
232	508
766	185
566	240
466	55
943	722
539	163
804	173
625	257
715	1222
449	293
523	792
363	22
605	827
290	141
886	663
102	435
537	693
562	234
716	28
807	144
537	302
908	55
588	165
826	343
429	692
654	128
59	116
458	644
593	66
727	747
868	726
807	384
393	395
151	504
276	1199
888	514
419	100
1	194
279	901
574	883
404	288
82	1163
759	405
8	181
608	1039
271	77
653	215
875	421
496	17
643	65
130	934
473	129
234	497
360	1
815	483
63	285
707	703
625	97
758	76
435	713
932	9
806	95
405	76
168	1
883	727
773	61
764	231
484	122
653	502
94	1065
94	208
707	297
266	319
768	284
606	79
663	9
541	1084
426	199
705	566
33	880
720	315
716	117
95	63
83	66
654	473
370	835
342	124
347	403
908	701
328	723
59	22
774	127
889	1022
121	792
374	504
280	161
541	625
640	385
453	239
207	538
704	488
712	662
938	9
815	69
222	424
828	1068
559	652
617	563
750	873
553	474
279	480
185	321
608	83
868	23
660	132
188	194
748	655
500	831
94	134
409	300
352	79
291	172
746	96
14	302
436	21
664	318
268	60
807	95
457	135
398	230
882	588
777	690
327	865
663	210
722	117
500	396
537	149
416	1516
699	100
936	535
456	210
99	358
514	89
637	333
597	328
269	96
536	195
339	1258
450	469
847	685
175	11
437	483
881	238
778	629
912	64
417	176
62	651
786	196
771	164
13	619
743	259
31	271
545	732
334	258
830	229
715	282
718	273
655	1097
194	629
722	151
301	162
693	162
747	50
910	24
151	131
833	1231
877	216
426	657
588	265
497	540
729	328
325	183
308	96
627	117
256	22
479	137
588	51
664	172
907	633
406	9
828	475
490	473
130	117
658	628
313	357
607	107
782	748
292	264
416	625
484	89
839	111
195	841
939	255
848	72
889	959
675	1628
774	121
269	56
843	739
246	420
641	89
342	7
378	77
6	242
503	427
92	370
878	197
772	294
468	5
621	386
772	264
334	230
933	62
753	194
13	692
318	458
660	80
7	229
437	739
707	212
632	423
109	385
435	697
49	90
404	1238
560	277
886	173
615	175
693	423
646	682
820	258
378	969
325	93
529	886
314	790
668	347
222	78
293	7
314	1267
474	434
293	313
476	83
59	193
846	789
627	435
339	527
798	1139
716	238
579	582
636	100
704	286
457	531
627	11
504	4
72	443
655	728
868	1028
389	520
276	29
22	1003
634	929
234	663
532	268
416	624
843	429
846	768
494	50
561	7
339	91
336	1037
785	168
284	302
224	193
757	684
885	582
795	153
460	13
506	641
664	203
450	13
244	1119
60	665
183	649
305	13
47	1022
271	130
625	195
690	443
774	117
330	423
561	56
859	293
189	511
499	100
488	190
821	1084
619	879
286	800
11	707
152	66
546	898
878	237
684	732
387	772
711	401
932	855
623	815
916	317
455	70
72	1
622	597
480	347
405	433
684	402
578	323
456	32
465	603
48	1065
741	265
311	133
588	692
11	399
346	363
543	397
553	646
894	339
543	761
868	739
605	338
782	886
885	1311
308	1411
134	678
620	82
524	700
279	1072
705	241
323	334
783	264
379	436
804	322
299	727
697	283
727	33
798	476
897	498
303	979
332	1042
716	191
837	628
159	1014
162	144
886	1119
790	1025
398	4
72	174
438	252
716	490
344	173
653	862
532	926
813	538
504	208
401	584
249	2
405	554
648	924
15	13
807	133
884	198
409	647
392	346
234	162
824	323
90	496
56	111
758	713
299	48
539	603
439	7
567	636
45	225
868	209
779	926
835	135
327	324
392	880
708	871
605	269
237	659
121	937
307	708
354	59
197	241
939	597
782	361
493	273
642	756
406	190
871	301
619	546
91	657
548	15
786	198
455	620
303	227
511	294
279	679
881	195
621	879
437	387
535	778
296	289
389	603
566	182
298	479
181	360
276	17
392	347
804	310
308	825
542	382
38	1033
276	195
416	1400
805	322
301	17
805	100
505	173
835	606
358	179
804	419
551	941
727	651
189	990
822	169
342	289
834	150
568	427
276	33
333	294
24	127
457	756
650	137
908	124
450	705
216	147
409	483
715	1047
561	480
496	432
151	657
588	934
334	169
398	700
327	405
760	181
479	82
629	207
851	472
591	13
514	31
875	334
66	508
591	1111
207	197
577	82
234	939
24	919
543	576
868	640
198	195
532	282
655	137
561	566
704	318
655	275
577	662
456	50
506	608
919	9
786	228
152	401
13	824
934	211
632	609
299	77
749	58
334	214
618	100
541	1036
487	356
637	245
650	188
374	818
271	591
650	316
595	864
453	181
576	763
145	1132
717	975
500	535
382	177
426	484
358	529
234	195
715	108
437	132
540	15
864	176
497	642
489	678
774	449
790	63
776	7
618	55
727	358
342	1011
551	117
768	269
622	24
544	294
710	185
295	168
354	602
296	19
692	257
884	322
796	98
709	50
727	114
707	310
312	432
188	144
226	508
520	242
416	657
472	264
894	221
484	82
535	498
130	239
805	358
916	1042
70	408
796	117
49	561
326	89
307	210
708	887
605	1226
16	302
875	176
39	269
747	117
6	64
657	286
886	940
854	431
65	111
561	55
784	269
450	110
454	56
178	410
541	501
591	580
727	658
549	323
13	691
882	284
437	435
201	697
823	90
271	62
721	196
223	974
57	295
92	195
405	95
268	479
286	169
921	185
489	876
244	1
301	503
615	886
932	525
865	21
512	183
446	888
796	195
622	391
663	948
758	287
532	11
190	272
198	153
407	357
506	461
856	258
299	211
21	853
843	52
405	1182
15	322
788	423
537	978
894	1255
468	1
377	7
560	423
539	19
416	305
862	10
588	15
676	751
398	498
474	265
307	660
374	17
795	514
889	402
378	254
881	399
786	497
664	522
592	527
894	312
633	654
639	647
863	1234
268	29
467	742
915	268
476	579
280	584
856	748
430	221
796	762
201	466
16	321
880	409
276	28
787	877
477	815
864	276
453	1230
626	270
336	88
222	31
848	812
262	99
461	294
328	192
940	7
397	457
213	685
18	15
450	1303
936	324
320	1291
326	228
711	715
795	108
630	216
18	949
833	219
650	928
935	100
592	99
479	169
280	239
548	475
894	508
934	506
577	29
453	586
851	1598
693	39
472	177
198	198
568	482
886	403
629	7
276	455
892	837
773	187
256	151
92	363
697	748
883	354
222	333
899	257
854	173
570	288
593	83
674	222
650	132
940	316
379	168
37	825
911	151
930	14
391	23
605	325
505	50
786	655
554	245
336	1183
741	393
147	937
102	53
800	289
410	316
416	778
393	507
95	623
642	422
328	646
276	411
708	284
267	158
484	315
339	136
398	435
474	1172
840	492
425	636
497	3
701	311
482	295
545	182
640	357
831	7
193	24
450	550
592	324
109	655
116	249
204	242
758	547
551	944
577	546
864	121
500	60
474	171
798	105
816	260
618	526
565	640
578	325
544	325
721	678
347	943
110	385
514	210
101	597
747	1098
402	124
87	66
625	597
592	1067
806	789
456	1129
933	834
447	1016
422	137
416	448
487	173
416	286
286	483
313	210
487	98
702	1127
94	372
592	325
291	1217
313	523
897	143
3	302
474	44
521	8
716	732
605	143
589	307
661	298
506	455
627	289
97	204
843	650
683	269
776	193
919	1134
371	393
709	144
103	301
537	507
805	108
682	1016
450	1435
682	248
836	238
87	167
30	780
450	642
251	125
916	472
281	304
851	975
577	204
425	200
495	843
911	216
346	151
724	331
516	199
940	319
660	430
425	347
158	449
624	137
283	412
934	533
207	11
375	770
423	9
194	133
255	200
542	433
655	1014
872	290
707	305
848	121
332	840
690	739
151	1203
753	172
758	345
151	381
796	1297
354	8
108	255
500	13
761	402
405	44
551	616
585	1319
43	217
82	660
321	493
406	205
472	548
429	319
553	131
864	1228
943	97
72	591
293	98
378	1400
394	343
642	559
308	605
327	147
130	118
472	1002
648	748
445	1378
825	1117
459	323
934	449
339	503
913	180
403	1047
389	483
881	515
218	431
640	1073
864	678
102	175
495	145
833	340
691	182
833	98
308	420
468	1008
311	702
69	245
913	100
116	295
474	378
380	121
825	833
931	313
561	980
397	14
387	123
503	277
804	210
312	525
561	655
136	475
151	52
719	185
244	32
764	25
6	186
892	284
271	443
608	443
454	300
864	288
312	186
28	229
465	127
884	515
426	50
655	1578
270	185
484	415
85	333
378	298
672	275
918	962
827	689
664	56
669	22
371	452
478	232
630	732
466	1607
181	1359
672	931
698	89
456	238
872	476
561	724
887	195
286	144
489	902
125	1170
655	118
649	1
606	546
896	526
6	50
690	154
170	294
821	121
648	428
510	748
327	1
197	232
655	196
152	215
326	423
474	737
709	98
374	151
152	740
535	87
666	467
522	510
429	128
639	648
374	693
798	585
293	186
270	7
311	238
327	176
339	29
665	7
391	460
237	174
639	707
754	286
593	660
389	454
782	358
77	56
588	283
500	412
820	316
716	1020
538	692
175	869
435	54
903	346
882	412
308	499
868	762
774	88
735	126
555	50
422	358
222	655
671	802
843	495
866	896
221	732
896	384
916	286
13	417
747	476
754	117
94	51
934	97
251	1012
409	528
599	546
452	729
384	258
481	393
549	748
406	132
899	29
405	132
814	413
437	480
416	67
590	1017
267	5
764	1152
470	283
405	1018
151	549
776	524
279	630
566	172
447	815
560	606
414	340
883	190
269	3
913	408
707	462
222	1011
115	696
618	133
665	9
406	491
682	542
416	762
204	9
486	825
848	1101
744	603
514	79
448	319
132	484
230	265
132	1019
818	313
144	326
503	88
5	151
489	328
669	248
395	231
505	422
290	825
901	409
58	367
407	629
539	215
255	117
939	931
460	283
314	783
540	310
567	1131
374	117
798	690
263	204
286	111
650	755
901	259
33	329
435	354
459	8
717	240
664	663
533	4
42	468
141	591
868	202
456	274
1	59
524	1553
607	511
730	742
758	430
90	1199
497	946
541	1041
730	269
790	944
916	12
790	181
805	393
881	542
506	68
130	932
693	79
400	343
655	1378
883	1288
326	230
927	501
92	575
721	877
419	174
297	294
373	472
634	340
343	663
298	864
504	238
532	95
387	28
119	591
707	45
271	51
385	234
286	372
897	550
688	338
276	233
338	196
621	24
843	258
277	1
894	1010
897	1028
901	322
819	1537
488	1
295	158
745	519
6	185
543	566
793	109
722	471
911	432
741	724
790	288
919	118
497	70
795	705
195	264
919	181
237	705
545	188
916	484
770	302
232	166
378	287
178	11
804	401
864	38
847	448
897	187
318	121
498	204
463	477
35	333
554	531
207	22
786	70
428	751
796	22
440	988
537	212
604	447
710	483
435	95
1	216
543	79
843	521
302	988
782	1417
449	118
311	416
647	15
894	252
627	740
373	156
499	663
447	9
499	519
658	943
94	732
71	168
82	28
716	88
792	1054
401	154
906	744
524	1421
823	735
753	286
243	736
88	326
7	612
886	94
685	882
271	257
342	732
280	739
533	345
737	222
78	411
189	99
748	286
189	934
506	554
459	676
880	1222
922	212
836	900
374	1248
933	1228
13	778
888	869
848	566
52	126
588	66
598	312
339	498
622	280
693	318
671	50
525	1
429	419
660	846
323	179
224	544
914	736
469	487
877	56
115	176
800	223
624	471
531	1316
393	139
590	126
908	174
459	879
780	496
880	1030
59	32
627	732
863	873
37	68
922	406
157	475
506	576
666	410
667	1101
303	388
650	551
496	746
932	99
374	829
115	357
640	691
567	497
422	250
387	121
301	50
846	1478
577	217
92	212
558	124
159	1049
788	79
597	763
642	231
595	844
500	836
216	475
907	628
807	172
682	1267
455	582
479	187
275	228
75	111
642	955
330	568
7	634
417	642
437	1161
370	678
650	73
719	64
236	659
291	82
312	372
267	183
890	671
78	257
496	22
524	1107
457	83
378	326
102	4
881	38
178	476
776	1219
843	164
883	113
429	570
716	160
936	6
877	228
497	28
600	82
601	389
619	333
362	347
728	508
561	362
919	1315
137	748
456	258
308	153
894	318
655	249
806	81
113	333
373	679
620	1
459	186
538	69
554	951
724	748
498	514
756	111
719	509
60	708
332	313
459	472
537	663
524	855
136	237
862	282
114	156
399	395
223	28
442	177
293	1209
655	1135
882	135
916	82
835	160
621	417
833	106
181	263
847	8
444	251
661	568
655	935
883	14
67	1047
483	101
14	524
835	1673
724	908
642	400
653	157
174	407
189	186
427	292
437	401
846	1473
334	197
561	488
733	696
396	455
125	111
639	58
712	1091
207	660
407	144
774	228
880	1188
60	418
233	523
416	331
679	100
521	11
897	673
682	748
892	134
831	150
662	93
181	100
373	208
661	69
280	103
749	951
844	174
537	1008
758	387
896	225
916	919
901	988
862	147
148	521
617	519
825	825
679	184
802	748
522	205
936	237
655	474
774	385
435	394
882	140
626	289
249	603
711	272
592	24
94	1073
592	681
5	366
588	699
230	498
179	682
506	855
118	288
504	67
807	820
660	50
670	186
297	447
387	95
173	995
495	265
682	176
660	216
593	25
610	480
910	313
468	367
913	530
620	501
425	540
733	221
896	770
624	93
217	825
664	22
394	578
435	24
883	515
495	671
829	129
314	762
931	471
585	116
940	629
887	25
89	49
887	755
347	252
796	215
684	217
839	326
405	182
13	837
143	323
343	87
921	72
817	258
716	168
373	50
540	117
542	173
450	59
942	79
623	504
900	654
524	642
474	480
886	22
621	585
497	114
648	471
173	331
44	181
715	447
430	1375
29	326
592	847
534	405
883	345
788	665
758	204
556	135
92	1216
684	218
896	121
514	22
854	492
334	235
279	1485
716	31
453	578
405	448
858	323
774	515
435	424
878	64
394	658
234	125
141	118
745	492
128	732
374	789
404	289
825	740
330	238
843	102
707	211
141	248
144	215
782	253
634	294
664	611
664	210
666	175
653	508
919	794
559	661
805	473
624	1047
449	100
444	307
663	287
933	233
624	410
298	153
714	291
465	357
925	559
848	973
497	291
314	1152
498	664
130	555
903	13
756	554
194	467
682	708
571	47
38	202
472	235
222	542
621	148
416	88
650	134
634	477
566	203
389	197
76	293
943	1028
654	462
297	215
592	833
7	549
537	382
87	405
717	271
194	516
880	105
486	1016
297	109
234	216
565	462
279	1025
392	289
330	470
776	514
851	979
904	1041
939	689
33	271
159	260
523	1
744	657
589	892
72	187
405	1249
429	237
378	918
496	506
533	65
877	173
343	739
429	498
587	328
534	105
615	14
618	378
881	202
378	64
331	475
211	596
741	479
786	633
863	305
122	519
634	127
660	163
145	257
830	193
833	636
413	50
92	265
581	9
758	28
747	276
869	151
618	234
894	257
886	692
537	132
425	448
41	194
850	22
59	1101
655	806
453	196
854	471
471	1
18	631
523	9
393	684
575	304
805	709
94	959
181	412
749	808
425	1434
757	128
677	243
749	196
838	257
563	50
629	632
648	619
663	121
716	172
13	909
437	514
317	354
59	174
456	217
504	622
889	55
556	603
363	549
707	199
772	1025
654	237
423	245
677	1240
707	880
296	125
856	315
254	449
342	320
309	286
379	317
882	25
314	419
778	121
291	943
881	663
387	193
660	313
655	533
582	742
196	340
457	91
160	1142
154	185
560	847
774	7
663	466
931	750
121	1
275	169
533	143
295	421
369	335
523	732
919	201
94	29
758	228
779	411
450	288
606	432
883	740
41	357
823	239
1	176
887	99
474	86
852	289
456	696
1	136
125	474
846	1179
240	358
682	1428
327	338
758	482
448	312
291	820
679	97
479	1608
445	324
650	172
491	100
416	1168
244	721
292	115
268	288
541	1078
653	797
52	204
922	181
747	951
790	1119
722	597
568	1050
796	91
21	444
833	181
189	132
537	463
617	185
561	514
653	1244
740	300
605	260
933	195
753	359
130	944
145	762
183	216
653	517
73	268
553	559
542	318
440	1105
524	498
633	28
653	200
20	94
450	603
926	321
773	239
334	236
59	633
941	117
682	1222
69	288
64	531
255	328
775	264
96	194
848	451
892	69
790	4
747	327
130	227
518	117
833	175
655	685
798	81
229	300
525	123
344	588
399	343
661	615
432	123
795	201
44	328
469	499
831	508
501	406
893	819
577	194
463	988
346	182
488	200
650	206
200	161
504	40
633	71
234	515
299	153
546	436
881	826
778	281
829	190
883	703
207	233
698	172
844	228
129	323
537	873
454	100
923	50
92	1157
94	544
291	232
73	96
655	191
918	289
551	25
182	111
56	87
661	189
721	1265
405	1479
373	168
749	56
867	431
790	2
399	55
167	674
463	749
833	151
106	318
654	181
537	93
537	521
773	7
227	249
56	483
44	24
655	328
416	378
551	583
226	23
268	71
111	258
227	756
738	208
357	105
18	174
406	148
702	450
650	72
903	820
283	151
497	38
82	181
297	90
458	203
942	878
655	167
295	229
716	479
756	50
392	323
524	490
615	26
886	4
493	175
479	357
534	282
378	13
85	136
840	118
796	746
595	979
489	879
385	405
561	211
815	418
543	231
776	656
343	4
354	272
907	326
450	1221
938	260
393	571
618	778
493	528
834	245
724	989
174	546
542	127
405	365
45	50
57	710
193	23
21	551
696	883
806	357
451	288
343	473
551	755
504	420
380	573
472	432
504	294
39	319
462	237
487	73
551	51
178	90
381	15
533	692
920	328
70	655
15	275
572	924
633	5
468	273
151	190
90	220
394	173
31	519
200	226
738	180
476	944
267	554
393	412
840	175
776	866
618	746
457	257
472	1248
374	203
487	1044
389	134
328	204
789	129
545	710
659	693
406	715
468	126
405	379
313	177
363	121
59	97
795	202
458	143
792	1015
711	50
432	315
779	304
537	697
447	183
546	250
406	1021
913	346
821	174
363	8
699	288
815	202
846	258
936	988
345	237
663	124
16	158
727	117
70	229
721	1392
797	300
682	660
301	568
277	278
903	96
756	419
506	200
529	876
452	111
327	772
771	762
405	761
634	121
69	98
815	660
442	56
592	237
501	288
886	1231
13	791
414	346
162	474
426	1079
323	678
606	230
671	553
469	153
287	941
416	690
381	307
709	234
306	756
201	180
943	672
38	940
856	678
459	174
315	209
424	259
535	11
848	210
403	928
640	226
501	108
203	288
195	451
285	346
715	755
807	289
387	531
795	175
155	326
363	150
887	496
594	242
198	237
501	342
435	338
387	549
288	214
60	121
758	14
524	467
344	88
637	405
508	527
579	709
496	652
303	95
880	1267
373	172
328	323
943	431
243	732
887	928
825	195
561	596
426	435
603	222
23	7
846	33
795	217
316	168
339	702
37	550
454	326
271	614
564	292
634	1284
429	1220
395	750
802	183
852	820
487	746
207	317
940	14
87	514
910	181
537	478
162	79
786	133
389	618
308	210
336	1118
844	684
322	234
868	169
618	471
745	124
561	895
671	33
474	515
43	25
847	220
176	1008
579	25
308	495
504	102
131	9
311	66
763	469
416	312
769	476
545	373
90	632
342	789
655	1311
363	164
728	304
497	288
197	39
521	73
314	540
562	432
934	581
425	325
572	1137
542	1218
709	959
616	272
643	603
887	82
354	66
231	597
557	8
416	560
823	710
913	191
675	891
861	584
934	526
559	1401
792	696
727	1076
592	305
327	202
327	160
650	89
453	475
587	687
411	4
716	480
637	244
394	164
618	11
487	474
246	97
800	276
189	630
279	407
577	1271
504	90
283	175
843	413
337	67
664	525
778	82
514	95
311	39
694	584
590	547
557	300
734	173
303	559
13	806
896	684
332	748
294	281
916	161
463	258
487	841
592	59
52	191
479	135
682	720
99	121
409	1541
880	195
790	584
747	664
654	1035
648	444
521	12
407	315
276	975
682	223
682	184
664	715
345	38
652	125
919	285
499	251
311	56
505	259
805	402
921	762
7	157
527	172
419	300
521	273
880	1276
501	591
347	159
851	1540
637	591
899	151
490	987
703	25
381	480
639	1101
315	770
401	528
886	241
925	816
395	866
460	253
469	490
568	611
151	408
406	492
300	876
840	198
880	1415
659	607
589	682
396	1399
49	57
507	181
391	603
92	1040
354	496
524	321
193	347
445	64
398	1126
666	544
833	7
128	26
836	507
896	4
586	676
653	685
454	277
308	1515
652	307
913	461
393	771
72	228
620	234
913	98
919	709
486	7
148	191
391	215
922	89
747	228
541	474
279	403
930	288
293	528
883	226
757	252
290	49
939	756
915	288
642	249
889	124
743	273
624	298
837	845
110	288
487	825
453	100
699	246
141	831
457	450
655	1637
416	658
843	420
897	193
932	498
659	181
881	304
745	507
757	79
501	1007
600	22
588	222
539	610
406	381
588	432
864	13
749	595
385	1252
472	771
499	474
712	90
566	213
268	4
629	435
393	315
460	847
466	510
128	705
515	326
249	471
763	510
868	234
268	941
680	195
460	458
896	392
919	174
938	1152
922	230
892	177
865	245
271	509
501	147
332	123
276	1213
295	52
925	682
639	661
643	568
249	483
414	270
532	24
532	2
14	276
405	436
486	508
647	742
495	662
499	213
454	86
262	420
554	58
519	264
561	1170
449	462
450	134
825	147
450	692
385	1014
450	1126
910	174
796	1303
878	517
758	213
620	625
763	111
474	528
303	491
880	651
423	127
45	934
698	640
82	473
710	22
708	1
919	264
790	123
436	39
704	289
923	1017
725	258
405	545
469	611
59	713
498	288
901	435
721	1393
927	1178
895	284
413	471
632	196
527	653
774	431
334	866
356	322
663	300
458	195
591	1028
787	304
138	209
826	1240
747	1
233	121
457	1140
465	525
540	343
328	540
312	427
711	185
454	228
6	474
450	741
633	385
429	199
870	568
454	15
450	95
120	117
459	245
542	959
468	531
456	480
437	287
399	144
524	670
128	161
538	568
514	239
327	217
339	218
357	841
60	546
716	200
620	678
761	181
716	161
663	363
397	688
660	207
702	313
303	482
333	127
301	429
903	185
112	313
610	276
748	209
360	308
778	246
89	86
880	732
328	46
43	317
463	1014
751	916
474	315
790	227
430	462
81	283
464	299
705	1
342	8
921	405
145	563
226	174
481	580
152	504
608	661
516	214
911	855
938	111
560	1163
521	174
870	171
936	1241
936	1171
355	328
648	576
911	709
354	32
21	240
409	514
592	1
904	280
184	160
544	288
339	94
43	367
343	1140
72	972
650	501
773	189
508	214
7	402
451	1022
806	100
886	761
479	161
698	294
798	961
655	8
639	66
416	142
234	746
89	137
880	734
881	29
639	716
659	7
289	363
291	576
782	1598
519	887
540	125
826	771
505	307
514	180
630	735
625	517
49	428
405	737
533	430
789	1161
380	512
804	451
795	80
479	629
286	257
617	767
707	242
474	963
441	25
796	210
780	497
774	649
760	845
422	98
222	249
64	89
520	990
883	568
295	743
545	729
459	685
798	356
519	908
870	479
429	95
280	1051
291	38
118	508
459	181
392	170
671	684
391	89
582	477
429	177
912	186
85	955
554	238
897	195
851	271
846	47
392	589
268	88
933	559
682	117
730	237
451	334
474	205
8	260
550	125
89	50
548	619
833	649
796	278
663	280
683	683
617	320
645	39
750	300
56	930
312	684
279	342
749	184
828	900
263	258
398	610
411	202
653	232
605	471
253	22
625	173
622	90
23	472
620	931
734	498
407	67
652	259
354	1017
655	234
786	376
892	732
294	268
65	77
458	199
606	293
405	640
830	127
311	31
244	235
198	186
619	55
724	749
155	332
749	222
520	302
916	399
815	176
796	573
897	369
694	356
472	416
892	845
342	1016
325	205
393	1044
537	647
535	469
654	66
240	302
851	258
445	23
859	535
372	234
854	15
769	237
919	432
117	7
738	568
244	169
843	157
648	191
777	127
669	121
8	187
883	421
726	323
752	305
17	117
639	111
15	292
666	1013
749	95
374	819
537	461
425	298
863	872
276	725
727	68
916	135
83	248
896	455
773	1069
929	134
652	96
233	498
308	321
392	1226
931	125
682	678
250	144
2	286
592	134
833	431
521	127
602	121
807	627
303	109
940	610
566	234
618	1185
200	401
694	187
870	550
577	64
777	223
798	610
932	385
630	866
538	566
429	435
184	368
707	640
537	603
454	135
909	224
894	328
804	160
562	194
846	70
268	3
643	33
484	28
682	229
747	1456
474	527
661	280
827	748
656	301
534	25
276	108
704	523
701	328
141	619
45	1001
417	322
488	64
601	132
880	1014
629	270
542	265
629	269
648	447
650	216
648	281
681	286
916	2
255	294
127	690
405	55
91	520
592	655
777	196
95	71
880	435
279	1037
840	498
380	956
87	132
429	737
577	228
482	257
448	301
151	143
916	1220
916	218
846	638
532	925
796	248
896	238
422	458
757	568
930	281
639	242
591	523
823	229
805	226
160	933
918	1
524	77
782	300
405	1394
472	403
489	300
721	331
788	125
805	240
776	427
450	1284
33	245
299	749
663	268
885	393
896	686
826	2
537	610
21	413
110	1231
565	1622
533	9
487	117
618	969
903	59
298	951
712	419
756	143
188	199
634	740
788	521
453	3
842	258
276	421
551	451
453	144
655	1134
535	630
385	727
27	9
833	460
567	430
85	481
500	304
711	91
49	1080
86	888
233	203
234	473
380	258
296	313
244	1079
269	1135
883	154
603	419
456	1324
55	174
892	663
749	501
804	120
57	1073
698	529
456	13
206	1431
800	476
411	435
708	313
550	924
69	1142
846	622
543	204
537	848
676	100
521	77
698	181
13	401
864	563
601	743
430	297
650	662
197	182
22	89
668	596
684	435
864	216
622	31
916	385
1	168
707	1381
145	652
860	347
286	462
896	429
561	319
614	293
474	945
840	606
736	993
872	1
943	941
318	618
193	218
710	181
426	100
751	1446
880	110
540	1048
194	118
796	1001
245	597
213	118
435	159
880	1095
412	340
476	33
505	566
151	371
690	1090
308	410
717	285
82	71
561	151
536	179
343	257
533	659
184	715
606	1277
176	150
854	100
445	762
545	474
648	578
932	615
714	100
889	1194
539	640
401	121
82	22
532	399
615	208
899	431
96	181
498	1404
458	302
496	288
757	241
481	505
1	11
761	1157
894	336
338	497
934	481
582	181
210	168
13	1
703	323
694	499
5	405
935	300
160	410
624	1114
454	322
911	501
290	235
271	198
676	300
344	273
723	168
697	252
486	327
152	133
653	50
121	118
232	172
788	200
537	323
868	506
621	147
774	386
893	77
325	200
776	168
125	294
450	602
305	16
943	840
757	118
833	444
378	1145
70	538
303	658
587	349
178	823
642	367
285	357
85	291
788	1277
126	346
793	597
435	258
885	1030
488	418
643	58
870	949
276	1141
817	245
1	45
551	226
189	1056
670	611
110	468
868	65
493	60
524	304
655	534
880	240
155	288
314	846
77	228
694	468
754	819
469	161
222	66
504	678
70	28
655	1407
906	742
470	93
454	693
387	53
881	25
772	752
204	333
201	124
535	192
868	184
318	451
385	235
405	415
505	294
609	890
83	69
664	187
339	480
495	421
344	83
906	240
655	218
148	168
449	1367
276	174
585	1121
660	139
183	228
535	480
259	293
339	191
557	150
269	517
23	414
289	117
500	210
435	403
618	168
34	1024
295	386
725	276
480	50
870	435
210	451
264	240
530	181
870	554
459	357
242	331
313	231
525	147
722	748
645	228
533	740
200	202
42	168
145	673
406	240
405	904
450	443
62	72
788	1303
271	381
653	386
747	173
399	234
656	346
758	350
537	960
763	157
542	150
666	180
316	582
794	242
328	344
933	449
934	732
757	1073
727	440
394	386
560	109
586	696
407	255
536	69
870	640
417	473
72	471
794	420
42	387
539	956
457	476
351	312
554	252
543	13
59	237
880	79
908	194
764	106
295	420
699	112
214	98
590	282
642	153
460	289
373	421
215	174
707	864
80	260
197	322
250	91
198	185
18	704
159	866
453	1157
466	292
393	354
827	245
178	354
94	670
538	79
235	153
562	197
416	997
519	333
422	181
747	14
64	127
303	281
537	28
615	640
919	318
758	315
927	328
640	373
460	224
843	667
389	79
399	845
537	102
711	312
743	311
608	479
806	419
164	845
291	245
391	9
458	193
429	636
456	414
85	82
304	274
634	742
867	1154
315	645
378	5
299	820
159	1254
621	55
535	645
536	1118
883	285
635	255
468	251
13	647
488	259
174	140
18	512
592	176
87	944
758	123
577	240
615	294
483	274
334	187
749	87
843	153
347	546
648	575
727	1034
188	187
393	724
109	317
503	504
784	333
894	307
761	278
909	116
116	902
932	607
207	177
857	348
605	949
488	243
918	488
922	155
582	932
386	597
551	230
751	98
639	1465
891	1028
554	576
851	180
533	435
379	710
201	1011
901	679
31	175
846	187
650	4
894	93
344	815
561	163
884	14
928	276
448	270
726	1014
405	666
629	23
654	269
271	357
659	387
749	740
142	147
269	1428
804	1
804	89
576	255
627	22
16	480
880	1047
234	286
913	210
430	127
758	64
15	866
139	460
159	1048
254	542
56	410
642	932
405	142
907	924
222	934
713	1434
466	195
453	1016
896	187
721	284
291	212
312	610
576	276
698	230
669	654
490	1128
42	924
892	64
609	243
442	672
207	38
454	498
474	126
879	685
815	402
422	257
864	658
572	813
265	676
10	245
918	485
795	381
59	1120
454	1105
796	371
699	546
878	707
534	150
487	133
167	530
606	1039
416	239
870	649
711	48
397	878
184	1117
495	1116
875	582
838	419
455	1174
738	250
890	663
313	661
506	294
346	250
486	1120
642	94
543	732
480	166
859	1095
313	531
851	349
655	628
823	156
600	771
630	742
418	315
854	924
43	411
638	234
656	327
268	79
345	378
198	89
664	649
541	627
334	425
608	609
566	511
828	509
889	705
109	568
761	1197
487	227
795	554
671	849
7	213
892	175
568	286
749	420
580	300
110	1218
91	31
715	1011
682	68
655	995
454	272
730	248
840	132
748	172
405	80
392	1007
655	1098
879	294
1	127
177	183
682	276
695	289
296	181
298	485
540	405
350	427
328	44
489	327
922	450
87	188
550	258
824	289
59	273
655	498
499	879
664	805
883	45
699	16
246	475
607	855
296	221
144	9
642	83
529	690
651	116
435	290
445	902
18	72
655	520
62	230
506	693
804	651
521	227
863	269
774	450
524	186
7	403
246	433
682	471
685	324
542	63
561	708
276	974
500	62
664	50
880	394
328	172
693	127
403	274
344	972
417	732
86	328
303	943
296	251
897	65
397	991
749	98
794	515
880	62
10	470
838	174
312	199
851	806
608	517
178	873
655	582
488	300
697	222
492	521
487	76
847	317
771	275
94	501
222	431
548	282
332	841
450	774
798	1183
398	85
101	924
401	630
519	682
350	480
374	844
661	531
280	56
503	529
904	202
566	86
591	127
926	288
823	770
178	246
207	175
758	12
610	378
624	257
776	679
387	856
493	678
101	846
639	306
804	1228
94	737
135	288
92	566
724	258
373	603
399	15
702	259
406	207
311	1050
750	269
720	319
490	7
267	774
11	750
684	734
854	484
363	751
12	392
293	238
794	475
118	56
717	312
130	343
444	258
416	393
650	154
780	172
777	180
620	313
473	319
528	526
292	492
899	228
655	960
789	1
896	705
514	609
807	386
663	1276
927	158
256	283
650	566
551	421
661	294
887	1063
486	741
768	591
13	433
454	614
18	482
907	729
11	259
661	676
709	402
717	326
13	86
717	866
457	194
815	173
851	977
663	173
233	4
748	196
913	474
595	275
373	83
821	64
817	324
913	527
518	237
916	295
639	971
306	257
881	1228
608	204
292	602
268	174
389	418
620	8
894	886
279	1266
664	96
497	176
733	16
342	486
894	278
321	491
506	132
694	193
717	300
562	173
905	100
276	25
833	447
831	1012
668	252
784	310
316	515
682	762
806	200
321	526
615	127
494	238
678	15
234	735
503	134
892	479
380	79
487	349
795	410
741	566
885	71
676	345
875	289
6	473
699	129
456	582
237	58
532	684
255	325
833	183
405	1399
426	646
323	181
88	300
734	98
446	887
655	612
587	313
864	196
401	316
875	4
677	351
288	98
595	304
334	312
786	71
43	144
417	1416
478	288
425	127
634	595
796	1055
847	301
650	99
234	56
55	118
776	509
615	509
650	670
259	172
472	233
664	425
641	484
452	100
514	898
850	566
236	504
640	342
825	284
332	56
878	514
744	174
326	33
487	1016
937	988
618	692
487	1276
311	300
130	412
704	435
87	94
450	29
92	704
893	50
943	824
943	202
37	568
840	215
633	98
916	640
378	82
489	321
7	602
494	64
690	223
923	866
888	180
798	72
892	708
269	65
152	364
374	135
758	968
593	471
424	304
838	494
870	289
738	1047
586	79
515	900
904	451
119	471
515	682
923	829
451	1395
633	526
89	13
943	151
387	42
429	357
913	427
655	1129
315	203
683	311
901	71
597	298
389	172
662	50
344	151
109	95
271	504
610	183
593	468
637	460
308	180
105	340
234	329
880	1093
514	1115
802	657
891	409
401	14
30	161
503	121
429	241
453	202
527	427
378	1523
528	194
543	469
380	699
724	1434
450	1425
831	210
382	150
766	217
903	276
440	1265
488	71
696	520
894	16
642	501
236	88
579	186
69	235
782	1391
402	12
406	152
510	687
878	512
831	298
291	785
454	323
130	188
497	139
189	4
213	187
864	294
709	636
493	886
744	9
843	230
530	220
554	66
904	66
327	396
91	50
389	15
115	121
887	839
574	346
549	405
409	505
256	546
872	905
291	1
709	823
355	1233
190	696
339	639
378	117
444	9
303	1220
630	471
48	528
474	467
606	1055
720	272
795	210
889	436
846	197
733	285
20	323
32	307
49	289
854	823
769	597
233	23
648	167
798	1023
542	479
506	1020
911	1060
146	327
15	280
621	121
234	447
305	282
733	129
43	102
145	271
916	172
826	188
722	405
256	1114
733	298
577	385
764	176
417	24
269	697
749	250
927	780
758	229
846	436
628	340
901	195
846	89
828	24
524	432
930	151
430	744
885	29
373	259
18	223
450	393
264	23
676	174
561	715
125	176
599	815
405	606
608	134
417	153
894	462
385	187
284	754
888	100
38	637
472	392
712	140
653	293
908	478
747	651
877	557
406	143
286	121
696	311
476	319
836	896
707	311
15	303
256	620
764	13
790	282
833	93
215	523
525	829
548	905
7	578
79	258
151	603
682	1440
927	125
929	479
804	1260
254	548
13	886
56	204
665	33
458	32
545	176
83	717
129	906
276	750
326	447
579	1446
656	896
90	493
77	215
316	462
624	14
474	117
933	125
864	219
464	264
145	754
877	971
772	326
387	737
742	109
481	98
345	772
352	56
723	289
937	295
305	287
747	408
758	480
916	428
279	461
42	371
693	1522
548	742
580	288
59	111
325	771
417	95
711	248
867	270
222	654
73	894
321	48
595	9
773	433
881	712
387	223
798	998
58	189
524	173
861	475
375	1217
472	1035
650	199
417	72
747	693
881	112
543	44
889	473
548	628
639	165
405	1547
664	174
666	520
80	531
548	293
458	475
246	138
110	340
279	515
373	317
286	413
115	684
394	183
668	882
857	325
249	283
454	199
527	652
659	524
326	175
59	612
686	806
862	79
533	50
655	321
11	317
437	1091
658	31
600	29
527	14
348	368
645	318
545	144
23	234
642	801
763	56
773	1170
466	315
10	192
562	82
553	197
90	286
292	748
279	644
458	709
532	151
711	568
705	252
606	178
450	213
861	462
268	10
268	627
647	1014
7	617
844	257
472	449
715	697
698	135
308	1147
387	298
290	120
908	300
189	50
312	740
63	475
747	732
887	257
653	38
642	318
339	56
389	946
455	123
317	260
802	194
846	550
488	845
847	434
854	174
533	21
644	333
653	202
864	111
125	571
500	529
474	921
795	1199
145	767
868	153
843	141
401	99
932	198
130	123
720	1062
345	518
796	298
627	70
518	125
70	597
881	550
480	127
537	491
501	129
758	227
271	239
659	86
896	179
610	483
848	485
323	64
429	502
423	329
13	822
39	339
890	452
604	48
783	335
164	678
542	1061
215	28
588	472
162	826
7	421
709	176
66	1016
373	275
780	511
916	160
79	582
714	3
610	318
943	205
659	606
497	237
130	262
697	324
608	340
867	651
312	191
552	410
758	332
883	28
634	690
878	690
715	111
296	276
504	725
840	531
840	71
311	630
932	632
727	234
813	901
416	496
451	307
870	505
535	511
646	750
179	916
831	156
669	329
497	790
416	140
844	597
422	672
416	472
554	121
417	501
694	699
815	629
92	80
405	1442
710	89
591	26
870	68
450	1172
59	480
230	99
868	503
705	38
807	230
646	892
383	237
763	196
865	475
456	68
314	942
880	603
517	127
232	435
625	248
480	100
650	367
894	245
299	962
791	9
864	11
872	864
871	905
856	749
527	170
682	1012
472	22
602	125
699	1375
311	754
141	866
279	663
450	60
342	514
53	284
279	151
207	255
308	285
882	684
224	729
864	546
246	633
664	531
284	315
296	7
501	840
758	1016
699	224
385	421
650	176
760	375
894	754
757	825
916	158
416	559
545	326
664	655
478	231
641	303
674	866
632	276
615	13
407	188
450	686
914	781
621	539
919	297
748	527
92	125
21	854
882	131
610	216
846	190
532	591
847	120
523	523
699	455
769	235
889	269
276	73
135	234
561	201
437	26
230	174
878	498
804	511
416	531
887	1015
58	1006
380	302
588	159
534	121
583	12
774	179
727	246
339	568
648	687
121	1194
370	321
936	1375
624	127
757	472
652	245
451	680
665	483
450	123
655	1356
338	269
222	158
194	178
719	510
885	65
401	243
489	342
721	258
823	715
244	471
796	245
749	96
503	172
1	178
141	286
286	597
660	362
363	719
592	876
218	466
407	7
851	591
13	881
618	210
690	376
766	485
846	198
234	280
494	65
345	234
44	480
883	96
643	566
795	742
655	855
733	276
759	300
130	215
616	937
389	700
883	748
13	558
239	463
867	182
940	300
459	108
606	501
445	879
916	106
328	689
620	565
535	421
833	410
933	1028
639	100
453	188
587	914
298	257
144	116
694	153
864	77
456	56
532	82
859	410
904	739
902	289
82	474
472	760
891	405
671	385
716	1047
880	235
436	217
18	23
479	131
911	228
931	302
537	195
295	69
648	202
868	183
821	294
447	5
830	134
28	859
186	38
782	1383
457	393
821	79
313	525
393	415
303	41
98	659
814	145
559	863
704	300
927	404
727	111
405	1090
262	55
870	527
892	98
472	411
592	892
674	539
167	493
187	186
477	709
417	142
102	450
560	358
704	486
650	68
279	109
690	357
313	770
932	1126
627	690
13	174
561	702
660	825
81	210
284	333
796	174
708	763
608	607
13	350
311	196
308	678
738	230
532	272
774	423
148	181
838	228
870	180
912	419
114	646
755	872
796	795
538	294
867	96
823	684
659	514
882	86
660	123
480	294
648	79
562	462
592	262
465	97
566	82
577	25
897	288
58	176
276	426
280	748
138	13
890	229
862	196
13	357
749	423
768	255
709	405
479	88
20	15
655	200
102	226
137	89
290	1047
102	273
870	659
932	570
682	195
751	56
901	275
758	13
262	974
828	325
303	8
788	651
276	298
347	293
437	732
826	399
523	727
328	281
843	186
291	747
640	173
92	396
332	293
737	357
450	284
537	291
675	303
735	100
6	174
480	213
585	224
943	585
137	174
754	127
551	399
407	436
262	181
632	432
465	12
943	284
198	690
459	250
875	181
886	195
38	452
889	7
286	176
934	488
92	25
385	1008
608	64
372	23
130	1095
327	333
464	879
799	289
746	399
553	479
919	1284
450	305
405	791
667	131
717	1011
442	77
592	184
347	369
16	642
338	498
405	1107
429	607
830	480
48	480
909	1121
847	405
168	546
251	845
451	261
568	6
913	168
796	623
479	117
452	430
507	1034
279	367
203	283
344	367
747	204
439	257
848	640
745	425
59	83
650	625
554	98
646	346
587	334
301	219
606	118
479	172
758	685
81	284
784	272
606	151
289	455
833	205
841	892
92	855
653	154
696	327
739	498
922	257
927	168
524	549
13	432
595	14
457	527
500	411
864	143
835	591
239	174
227	288
731	320
934	134
843	448
751	194
81	456
897	33
367	333
890	179
606	206
788	68
535	1149
476	343
747	194
601	591
374	181
399	172
927	300
634	285
524	405
592	742
276	691
907	282
537	649
924	1011
524	521
882	378
291	975
90	218
889	979
879	763
281	326
711	845
780	133
849	633
911	211
417	483
9	276
752	896
527	1149
758	566
472	29
389	610
562	50
637	535
301	559
450	386
551	561
293	185
384	302
100	895
92	620
453	227
175	133
517	284
698	945
301	387
554	411
311	655
521	229
541	931
148	164
704	269
782	687
279	234
639	990
429	28
64	48
932	649
507	690
717	327
934	1425
363	67
709	250
292	209
727	928
774	739
788	736
613	127
796	662
730	7
492	291
877	553
780	183
752	294
892	483
486	762
715	205
430	523
893	260
933	176
562	504
604	56
825	925
618	233
845	340
447	716
843	1411
528	250
686	234
577	819
727	69
899	265
514	11
922	834
666	506
387	455
472	41
399	233
504	807
394	29
870	223
130	98
279	1001
868	67
551	235
169	50
311	47
177	292
429	141
416	303
561	423
407	316
456	608
313	490
933	159
887	1012
298	9
250	367
409	1070
886	171
943	1330
426	631
30	319
142	338
710	269
326	720
642	1133
342	149
500	919
642	1531
804	720
917	25
472	374
843	504
387	847
97	96
900	9
664	408
100	1237
828	1056
823	286
679	143
919	740
59	191
407	95
647	588
1	149
350	515
481	210
517	823
766	186
558	285
880	90
707	903
447	235
224	326
249	123
627	148
861	292
727	729
533	121
463	1164
452	196
939	283
295	559
919	57
639	953
442	834
489	319
57	845
758	230
6	504
712	172
650	509
826	190
614	281
183	431
258	258
749	568
684	710
212	528
533	742
715	265
618	135
689	181
423	293
537	489
653	658
863	258
97	135
655	1
901	568
58	135
22	161
426	525
11	56
874	346
844	1039
479	15
116	916
879	237
425	218
59	1119
416	463
429	264
911	154
738	418
308	1135
847	11
222	265
893	928
492	83
841	333
505	202
927	722
109	79
639	949
343	98
352	156
514	307
621	625
533	177
199	93
394	195
886	1324
648	144
254	102
427	334
332	255
894	638
682	327
872	871
97	1
764	69
737	58
763	629
489	887
854	8
727	1657
802	879
932	379
825	1013
401	144
843	551
13	865
513	252
553	186
60	7
773	432
606	508
897	173
454	202
495	240
648	826
621	804
588	186
755	879
660	625
766	65
886	62
887	128
561	405
618	185
374	521
632	318
58	25
795	168
725	321
936	327
936	249
821	993
843	83
416	1007
608	275
532	181
881	441
658	488
279	1030
543	550
435	45
710	886
505	471
551	554
592	129
815	919
929	204
305	431
541	215
723	191
902	326
721	228
655	212
890	211
383	203
539	185
442	286
682	472
648	929
914	402
158	173
770	919
543	578
757	559
870	1664
312	206
405	561
642	1480
790	67
336	90
551	1044
381	120
349	125
354	531
295	941
406	654
620	225
943	471
280	1466
817	121
894	1501
283	291
851	261
181	756
59	484
405	1419
158	686
761	261
857	547
743	268
554	527
899	1101
924	471
671	504
504	1093
645	506
920	346
749	142
880	227
908	663
795	407
95	473
175	88
393	575
454	185
479	423
608	92
349	619
416	173
296	257
543	134
814	441
499	651
464	326
835	488
380	1116
896	789
596	895
639	311
796	1040
314	812
696	1062
392	813
686	173
840	22
13	740
264	93
474	603
474	470
551	300
215	480
774	265
551	64
238	151
379	621
234	222
860	204
622	978
393	271
592	357
270	257
889	831
59	205
770	477
889	399
235	191
709	781
271	131
709	17
567	607
606	748
363	17
487	88
697	820
615	519
797	720
334	174
478	218
234	1169
354	190
387	93
62	554
212	269
627	658
642	411
866	300
332	562
23	62
180	785
694	665
805	153
671	29
851	326
269	708
864	531
936	274
279	666
250	558
735	298
627	720
18	403
582	25
906	7
864	234
566	168
749	72
875	300
433	293
754	676
637	149
368	7
293	527
180	778
328	70
782	315
355	360
335	342
21	330
374	247
618	521
780	419
880	802
648	107
731	648
790	1230
655	803
342	606
209	127
935	313
422	185
417	161
659	153
10	480
795	62
296	282
498	673
943	526
293	956
865	831
747	4
747	923
727	841
9	242
450	61
882	33
659	66
383	528
854	411
44	97
548	358
702	538
716	136
73	171
1	52
405	41
417	402
924	504
899	254
707	950
485	748
138	56
393	944
324	275
518	100
592	652
332	1011
801	268
378	53
452	805
804	468
736	254
336	368
899	527
683	245
343	931
87	871
133	245
92	771
552	934
49	287
154	172
303	33
544	271
339	5
768	1016
733	324
311	645
487	229
90	216
522	543
380	356
406	921
474	168
798	87
354	419
734	821
354	1137
201	258
683	609
94	586
145	738
95	520
694	836
222	1045
373	110
18	528
623	286
814	5
85	732
896	204
889	317
569	9
727	399
637	225
554	22
535	210
28	219
536	432
69	124
711	387
181	270
307	227
404	342
496	158
437	166
409	631
655	911
327	778
805	554
676	480
389	499
450	388
751	70
831	208
659	942
416	144
132	175
682	403
630	255
851	367
932	614
532	228
416	980
83	249
867	135
2	14
458	25
666	116
272	69
748	425
748	79
458	178
916	121
476	56
906	544
445	237
313	546
373	528
504	728
852	358
588	365
204	301
650	160
889	576
486	882
680	242
479	688
361	168
659	98
907	185
498	1007
774	947
768	340
788	222
682	578
721	300
527	646
434	7
889	194
773	288
561	510
716	79
707	173
584	431
641	514
420	173
21	443
363	271
733	933
773	639
44	183
587	325
918	707
207	517
456	421
318	1120
336	1094
298	215
727	127
510	326
389	179
746	568
642	54
257	70
825	405
854	168
851	1025
236	216
186	1213
22	250
454	1
839	117
608	111
53	7
806	588
387	50
354	100
200	141
868	631
790	232
655	698
805	549
303	258
882	476
891	111
846	697
346	216
579	303
387	515
388	315
610	127
112	891
880	770
416	1014
44	553
833	179
455	372
15	333
782	302
903	7
848	393
699	1143
532	842
632	237
442	288
262	56
10	414
756	409
399	241
406	505
890	190
846	770
686	178
454	28
132	286
201	81
850	132
634	284
109	1139
934	83
357	597
615	699
555	25
709	215
606	475
813	335
226	813
687	269
886	581
416	151
643	1101
83	300
307	163
577	58
144	212
295	105
526	742
463	870
660	202
881	763
577	829
655	69
297	367
609	294
52	151
634	109
504	1050
37	82
259	475
192	50
899	216
843	446
653	411
610	172
171	305
656	750
648	40
295	125
472	742
880	1052
298	210
299	264
294	1028
232	170
495	395
726	255
521	89
286	475
641	203
505	66
145	486
661	972
513	250
269	51
378	635
655	59
840	707
601	288
887	697
533	300
116	640
361	216
605	879
659	402
271	43
102	672
18	510
650	131
379	116
686	28
341	881
450	1441
727	392
749	1051
417	831
201	95
664	582
537	58
710	333
843	674
726	1059
42	54
531	311
805	946
683	879
358	221
329	117
840	644
119	931
795	636
846	429
130	538
798	748
341	1280
881	82
526	690
833	1071
838	385
106	59
236	411
323	292
786	318
588	88
760	258
487	568
276	554
178	50
606	423
936	221
864	367
176	319
259	154
606	22
560	654
301	284
719	237
543	715
567	176
601	365
347	421
752	355
833	641
886	157
435	410
41	516
437	200
286	768
443	313
938	323
730	410
806	150
535	136
495	89
1	220
886	216
399	561
659	499
779	125
174	934
872	282
347	192
104	1012
328	752
766	510
354	109
215	218
532	259
239	433
327	466
790	231
509	326
490	847
477	369
653	210
885	172
158	56
886	5
498	83
898	312
290	472
452	183
714	763
779	294
532	210
456	382
707	191
804	284
919	286
377	268
397	345
588	568
648	406
343	523
276	23
630	121
332	452
669	64
815	54
627	284
843	217
643	215
680	98
577	407
592	215
577	186
21	436
634	744
846	506
535	657
698	175
13	96
470	124
385	276
854	151
548	226
361	603
401	88
837	926
308	709
660	771
482	258
554	1028
590	293
655	825
197	679
787	690
94	328
524	265
130	355
610	203
217	233
792	762
886	214
643	367
712	421
934	174
321	7
936	825
321	603
350	183
577	452
788	10
85	496
445	871
880	367
372	443
884	509
899	640
593	79
292	197
314	72
344	26
406	499
929	1
833	616
474	485
788	809
638	550
653	229
224	333
745	510
17	150
486	273
537	279
863	1678
868	588
295	186
521	203
128	715
521	755
682	552
487	412
833	217
560	278
716	468
145	407
393	790
911	381
435	101
31	32
749	477
314	546
472	226
918	83
922	153
379	644
90	20
221	386
685	288
757	358
8	233
881	259
385	1065
780	520
758	211
880	148
435	22
493	833
694	205
864	496
409	1194
590	298
543	410
313	603
483	900
384	328
790	246
727	866
181	920
483	181
782	244
286	1101
416	392
680	1012
710	134
791	319
726	257
291	469
903	180
839	323
911	83
846	570
895	597
798	306
44	173
437	181
495	796
898	286
174	125
501	294
786	186
393	356
716	526
236	127
744	238
773	50
885	56
643	154
602	748
889	385
506	566
541	432
601	436
104	286
450	200
683	308
758	479
610	162
870	48
399	508
699	1187
293	1135
314	815
795	68
645	65
224	329
877	164
795	926
627	1136
186	820
695	323
199	539
930	265
551	258
453	82
749	763
871	947
417	82
532	51
655	1651
768	9
435	1039
896	730
21	437
128	179
846	216
215	203
748	187
295	965
194	177
10	162
918	428
328	286
693	130
144	48
48	193
552	471
497	603
398	73
932	225
524	451
921	275
919	406
450	1222
115	96
1	244
715	118
835	237
95	72
627	318
551	11
710	286
586	188
882	237
13	231
488	31
919	246
913	318
560	12
321	9
655	1118
774	373
904	762
362	245
835	272
468	200
456	720
855	283
692	476
454	568
305	1
223	257
298	125
896	1074
56	300
616	327
7	4
698	204
399	5
533	484
727	567
159	876
299	531
655	709
533	47
457	1119
83	409
363	1013
579	49
424	508
864	628
326	484
447	265
389	484
612	926
194	488
935	846
503	744
294	333
749	444
379	96
930	282
318	404
747	945
253	485
458	8
458	427
495	144
497	173
551	410
412	939
102	652
312	671
119	655
239	745
67	1052
905	302
239	1065
901	230
385	136
26	151
23	597
578	258
620	281
15	302
635	327
934	961
829	255
868	233
627	161
684	100
848	202
551	156
495	195
797	948
95	195
263	484
913	189
308	602
712	1074
389	80
630	595
62	747
339	161
504	100
407	69
256	1047
405	946
466	748
495	742
880	177
548	657
829	639
899	934
504	546
885	735
864	237
425	195
292	117
790	412
621	790
551	508
316	100
429	153
514	682
642	940
669	172
638	175
664	7
653	1231
916	512
92	500
704	657
254	196
562	191
429	568
314	1469
694	1050
863	1237
523	269
159	298
807	496
621	940
303	270
177	654
888	137
363	153
596	276
389	693
364	988
693	432
504	240
243	423
422	151
654	746
839	235
490	277
881	208
648	726
263	58
766	219
932	745
645	91
505	237
655	24
840	210
387	107
154	651
760	819
148	238
618	62
378	428
767	615
896	132
889	1152
885	196
889	202
780	705
280	746
786	465
146	311
936	251
844	930
102	11
90	285
397	358
927	385
3	353
263	181
207	756
251	597
13	135
101	546
707	478
159	272
650	82
354	709
825	273
934	153
145	55
94	1140
449	285
839	1
551	780
405	603
506	55
657	922
164	411
16	941
888	111
942	607
354	173
590	237
399	673
329	169
393	731
790	79
210	69
897	568
811	301
826	33
880	47
399	1396
648	1050
881	1033
934	428
833	55
479	471
108	7
429	68
615	191
22	684
435	572
379	435
522	48
851	1059
195	366
782	1089
244	924
526	270
303	939
231	313
450	724
536	679
286	97
686	318
458	64
490	284
846	179
128	483
796	56
98	322
267	1145
100	885
876	511
435	219
752	269
770	988
718	1165
360	10
677	323
543	709
323	121
95	58
191	300
738	697
137	96
363	256
559	660
645	198
795	552
216	238
733	20
666	208
410	315
821	274
61	258
535	194
506	581
472	655
940	161
184	837
869	240
491	285
83	243
72	237
276	289
907	8
663	273
831	301
618	239
391	64
890	152
537	286
472	391
788	679
608	1063
800	121
83	79
683	315
622	127
577	531
387	20
506	1279
244	772
532	118
779	243
486	460
454	402
595	108
215	168
7	194
835	1045
647	604
901	768
435	71
889	461
207	1331
13	757
479	230
11	123
405	101
780	498
537	721
535	709
479	485
393	930
916	280
642	542
592	327
244	222
889	121
450	476
643	98
853	304
328	471
521	172
403	284
716	606
368	234
754	595
280	595
111	304
158	209
887	69
642	1311
189	500
397	50
262	204
505	604
933	193
14	654
90	762
407	1230
13	234
316	678
911	485
666	129
18	627
20	588
32	508
207	685
788	798
881	411
541	181
314	280
268	1037
529	301
886	29
222	597
329	199
487	347
592	1319
83	828
747	268
578	678
840	194
839	864
201	116
250	55
715	549
226	12
350	489
572	286
899	1016
821	471
389	1098
503	387
840	580
804	1074
509	879
843	661
169	243
782	1670
83	862
125	72
703	222
883	170
593	276
875	428
236	176
458	735
727	809
543	88
715	64
308	792
854	79
796	717
399	1231
709	65
754	243
540	100
577	44
110	56
682	80
683	754
1	58
518	370
394	795
385	111
13	494
269	197
887	1136
881	228
336	475
619	226
409	89
527	200
603	313
537	1070
393	399
539	319
925	332
95	1047
588	178
268	840
751	494
532	300
326	611
6	257
95	51
502	266
447	498
104	130
588	260
132	1154
606	1280
337	181
498	806
634	1008
919	271
393	132
548	322
800	222
790	85
624	7
221	385
643	824
500	170
746	184
217	550
398	427
862	491
7	197
625	190
804	143
588	781
294	520
545	96
334	510
640	496
125	376
393	483
44	144
883	550
601	421
829	529
116	275
874	127
748	71
770	289
551	636
697	818
554	728
543	694
151	922
406	95
361	47
25	837
908	156
450	837
399	541
293	26
597	275
500	423
13	419
110	1090
405	1444
222	678
1	124
405	265
59	479
429	1033
103	255
224	157
889	1231
405	238
405	663
405	63
551	91
932	646
246	841
485	347
823	1217
280	423
409	266
697	270
655	208
370	323
577	545
897	478
519	1591
347	117
194	503
648	288
7	144
622	12
548	50
639	87
907	248
408	324
883	778
756	197
124	28
561	549
500	118
373	80
722	871
435	98
497	562
712	969
828	270
788	739
21	273
616	322
194	318
429	207
332	227
738	178
896	117
889	1011
802	424
405	669
416	153
774	318
509	266
707	134
533	1147
885	756
551	281
807	1016
416	21
255	324
399	794
452	491
798	602
472	758
896	966
823	215
292	528
454	88
324	288
317	678
11	88
299	28
716	190
551	100
435	226
293	14
568	224
643	197
241	288
918	45
44	313
495	1110
404	690
450	238
908	181
347	181
682	181
607	211
381	313
211	443
622	418
758	1034
435	895
210	180
236	56
487	22
664	237
847	164
299	45
181	982
551	1439
655	6
143	271
551	1621
426	511
293	252
697	307
178	123
423	1011
284	347
367	98
276	192
26	304
913	216
416	396
354	248
456	405
454	371
221	181
426	651
882	357
590	13
101	979
94	1011
619	391
798	486
787	292
308	19
367	179
751	181
701	50
943	231
436	125
294	334
407	525
790	451
642	796
866	321
759	24
548	683
84	744
416	298
840	152
524	14
749	111
385	93
255	335
376	288
486	117
896	152
6	465
540	515
588	713
619	233
882	215
929	28
660	1139
128	531
774	208
731	485
621	2
788	82
671	1303
487	81
690	9
85	281
293	503
588	1058
144	196
903	204
251	405
286	251
514	154
860	327
361	274
12	174
435	720
684	98
142	259
871	752
676	270
203	477
328	117
534	331
378	51
200	22
405	777
851	981
425	147
514	109
880	123
724	342
712	220
593	293
798	795
97	496
721	995
504	162
172	463
774	31
193	1074
442	22
828	14
665	456
207	414
388	682
437	144
118	603
141	235
488	589
804	679
518	864
894	678
381	178
584	161
521	159
547	340
206	1434
716	521
664	153
881	95
627	239
145	228
346	636
429	845
18	747
280	318
864	422
158	742
144	56
18	91
672	225
515	304
188	684
573	143
790	151
379	563
523	408
58	405
537	258
825	293
586	410
870	802
891	591
59	747
393	147
840	639
472	475
373	660
365	151
622	568
193	1168
545	121
194	633
588	98
537	657
678	276
716	483
405	843
650	222
380	228
922	227
58	1063
800	15
836	258
167	606
454	480
889	159
645	319
781	294
125	79
486	15
587	302
739	168
423	887
491	340
507	222
579	82
463	813
521	651
416	785
305	1074
16	109
94	98
323	93
769	1322
718	926
768	597
610	735
887	491
254	29
23	217
660	679
301	127
922	29
552	274
653	294
720	902
942	234
470	19
435	175
403	7
435	542
881	79
655	1607
806	522
389	722
805	519
160	628
479	455
331	1199
806	675
749	64
151	195
416	929
204	300
56	820
387	1128
637	9
910	831
92	674
474	198
560	249
94	142
886	204
907	284
592	93
411	1
409	285
864	100
89	181
748	357
940	12
536	380
387	619
622	174
764	15
405	393
913	789
214	180
392	244
312	214
537	732
655	359
303	1157
450	715
452	82
309	879
756	121
492	651
487	1425
880	508
16	661
144	478
806	1010
327	631
210	1
757	433
22	665
504	257
38	1029
848	514
659	385
629	423
484	141
804	529
232	165
757	678
883	785
92	466
276	636
481	500
565	1396
521	216
561	652
483	195
747	1375
631	338
487	710
851	23
65	402
467	1012
543	947
13	825
561	171
111	307
357	748
488	1050
253	8
183	258
650	523
803	306
932	170
491	654
712	136
248	180
642	679
626	336
892	781
332	282
181	1277
347	748
483	1
363	597
707	602
452	418
405	723
553	492
942	97
634	147
223	329
878	662
385	127
332	554
457	195
676	114
837	1047
119	9
537	306
498	100
450	239
156	655
722	286
843	959
222	1439
287	100
897	497
455	660
863	330
878	781
119	89
823	210
499	191
862	476
330	732
796	273
452	420
733	147
802	760
839	258
429	436
766	191
587	358
571	1039
186	595
711	955
733	13
174	9
178	1314
838	1
749	686
901	155
587	286
731	14
707	716
59	228
887	673
201	1136
936	273
737	501
354	650
312	14
207	18
536	427
892	661
620	138
415	432
61	300
508	115
815	168
655	1029
323	475
782	1292
727	191
809	289
551	332
201	924
862	81
915	347
644	748
840	121
200	1028
732	324
896	327
843	98
817	928
767	483
637	408
458	517
532	535
825	249
929	419
194	491
877	702
514	1160
869	596
586	172
495	1542
629	268
22	21
336	780
406	284
279	398
560	756
624	117
347	174
807	254
409	661
933	476
601	472
831	479
593	73
854	475
786	179
708	751
933	117
102	449
548	229
682	455
881	230
535	268
722	928
894	1226
919	126
416	194
59	149
274	762
869	476
489	292
591	655
178	92
405	376
743	242
276	86
447	201
298	483
561	705
47	305
120	50
151	966
850	153
747	58
58	137
533	94
49	161
416	78
659	601
279	44
848	520
145	155
846	54
582	1014
848	945
533	412
326	433
524	71
720	995
249	183
910	127
378	1135
883	745
555	258
57	288
256	405
201	42
509	319
459	235
881	506
187	735
271	703
553	1021
404	678
274	685
872	350
551	552
525	282
881	739
194	79
851	1089
181	120
435	729
648	2
574	286
815	625
766	403
585	190
435	423
537	1400
771	243
804	164
735	269
580	100
391	76
125	1185
615	28
651	327
861	319
301	1230
409	321
70	88
821	845
363	179
877	381
774	222
614	458
841	315
642	148
338	650
752	350
782	355
804	411
727	526
458	960
311	699
495	196
524	191
328	237
118	201
350	603
880	1225
597	151
889	1553
776	486
838	1039
474	100
455	515
544	327
463	246
535	22
222	559
437	185
561	506
278	302
521	56
655	1322
562	385
561	70
796	1090
487	194
274	258
653	225
919	193
573	661
470	327
312	459
545	151
233	845
660	125
493	763
518	866
709	273
632	568
57	126
406	466
782	1389
257	121
943	56
632	720
76	851
400	748
269	657
479	274
125	1037
828	381
280	1041
712	204
766	747
911	272
466	405
862	515
548	327
189	137
926	272
181	681
909	261
136	127
229	751
622	552
497	405
749	549
393	1058
682	217
506	582
234	552
666	223
381	124
455	222
276	942
510	294
339	790
334	945
64	82
932	114
658	50
627	849
588	367
843	498
657	273
193	313
454	140
59	90
650	29
409	100
561	121
817	455
345	241
890	286
532	1226
690	25
405	778
756	96
711	408
121	11
406	194
727	207
532	9
699	191
435	123
749	208
490	515
638	405
401	604
663	326
562	153
44	222
328	688
896	1423
292	462
283	71
881	215
643	172
303	324
854	287
480	89
574	1313
450	497
208	996
533	1016
698	512
542	186
569	277
727	238
730	748
553	496
927	1229
394	38
939	127
13	471
362	1025
591	72
749	755
843	145
527	963
754	937
653	631
823	502
804	1210
896	751
264	637
380	554
353	750
16	583
688	302
766	231
627	96
514	64
339	199
782	683
647	490
292	169
502	271
825	248
49	501
721	720
894	1009
794	100
303	1182
650	636
763	627
179	914
840	465
645	4
686	135
710	419
548	595
679	109
862	1117
387	230
380	419
437	602
434	283
699	269
465	475
938	255
592	1073
109	228
91	1126
276	1245
664	367
87	715
843	99
407	659
13	398
244	249
881	8
500	479
320	172
644	323
867	172
85	222
220	305
766	679
520	283
663	895
671	679
405	1274
775	310
236	427
312	124
72	215
610	419
625	546
638	230
221	12
625	208
340	143
934	664
661	197
524	606
922	739
524	79
479	252
747	265
882	195
840	632
788	167
532	980
314	508
560	318
476	1188
883	665
201	895
671	98
593	122
639	727
13	157
298	511
448	316
620	627
561	484
664	31
711	343
933	105
450	629
793	824
177	98
389	847
346	746
76	56
704	1454
629	1109
659	77
144	100
14	919
881	14
412	651
422	441
896	739
6	47
745	127
457	219
189	162
645	403
921	132
399	379
280	673
747	70
731	195
545	254
624	294
514	88
806	461
429	631
506	496
460	14
833	931
819	1160
232	196
782	286
533	168
761	1012
733	116
498	527
655	417
399	1074
501	7
305	528
619	313
727	720
436	441
678	277
564	127
805	102
136	275
932	478
846	941
716	340
315	202
933	410
890	176
854	20
792	1335
533	147
385	919
673	288
733	740
724	909
543	234
815	199
434	1
774	528
533	504
862	172
256	684
881	100
207	1023
498	187
606	81
805	13
856	327
533	747
370	210
654	117
417	219
755	690
381	525
123	134
650	238
584	82
123	100
733	125
453	154
668	50
724	873
181	1255
75	1028
880	239
399	188
896	768
216	210
751	89
912	28
881	476
782	992
123	462
913	143
7	68
466	346
40	343
561	212
119	52
912	174
106	191
377	194
593	223
389	1041
508	186
378	629
12	127
60	1050
919	879
323	322
740	938
835	194
609	877
123	64
416	710
883	372
537	13
459	827
919	1109
889	509
472	588
116	1134
618	124
566	186
666	282
479	879
890	657
430	528
642	1011
144	651
639	97
450	650
42	284
805	68
256	243
405	480
537	176
62	387
275	472
611	347
497	225
535	144
385	653
508	219
417	173
705	622
293	89
767	56
757	56
716	615
561	81
647	554
488	97
703	293
746	174
358	855
236	191
373	715
306	1514
655	216
882	222
276	62
334	657
537	705
882	1015
458	191
472	64
474	708
682	268
40	310
766	173
299	640
249	96
41	414
650	15
201	546
903	234
94	121
166	688
540	270
925	56
326	519
330	405
521	268
406	498
682	167
201	438
207	385
943	139
276	462
506	665
864	665
26	1012
536	73
173	326
419	14
758	185
737	100
756	55
388	678
796	855
102	476
393	443
437	94
294	1081
870	210
727	1
119	25
291	783
618	628
712	588
184	176
346	423
517	761
798	1032
181	460
106	211
535	182
185	701
871	346
524	526
345	498
465	199
144	124
348	7
417	1057
838	276
297	69
663	56
424	276
265	293
848	755
363	290
771	707
65	9
601	406
851	342
429	1438
399	455
892	625
936	276
436	710
766	62
11	372
292	499
279	1205
65	514
648	98
899	410
429	569
758	902
709	38
650	38
665	79
307	121
389	135
508	1153
627	385
924	195
234	215
707	526
82	168
505	121
782	751
256	583
933	1183
894	289
280	750
307	1065
328	97
343	317
384	878
416	1483
716	399
521	732
796	665
655	371
940	427
328	8
649	147
804	1291
938	871
682	685
654	79
13	578
863	306
650	608
429	596
758	405
425	187
64	111
343	11
454	316
447	25
339	488
415	180
506	48
604	558
487	742
933	568
608	303
864	1210
374	118
187	97
805	89
480	510
543	265
749	449
720	872
450	126
79	333
504	158
699	118
655	186
95	423
373	155
361	207
619	293
89	321
59	182
669	252
184	735
738	136
860	315
936	1016
630	125
524	676
483	538
361	269
890	523
796	282
399	452
124	98
452	624
393	644
130	895
503	1316
764	1
694	357
503	702
119	813
457	378
737	47
286	527
336	173
587	338
567	919
450	177
699	95
303	111
698	568
481	197
747	28
586	77
495	577
733	1115
107	264
629	56
789	100
434	476
463	473
191	315
888	191
588	380
391	774
629	475
606	925
627	62
784	346
853	880
746	8
6	405
825	1051
904	628
695	328
865	1
393	1258
26	111
890	237
174	168
94	419
31	262
455	279
552	280
932	169
527	210
586	452
699	825
280	31
603	216
62	704
823	170
387	211
90	97
313	172
608	421
486	279
432	117
786	280
668	307
280	928
691	170
474	943
622	276
56	393
639	382
130	1231
551	72
898	1296
405	43
157	340
265	327
357	471
805	137
828	57
394	797
382	14
940	436
432	276
721	318
10	708
537	614
44	946
92	356
845	1434
94	716
879	181
916	230
527	582
804	206
495	658
485	345
751	1035
222	89
807	358
308	371
425	750
716	4
541	403
471	768
222	228
405	1192
297	724
642	174
835	288
305	228
198	230
881	216
914	451
488	568
660	1074
326	64
840	163
152	1054
487	471
889	734
524	211
207	475
453	68
387	187
43	12
449	61
942	95
805	769
645	194
761	235
16	11
548	1051
479	249
26	248
227	137
397	318
110	64
561	403
537	708
796	606
556	172
85	134
828	382
820	343
435	635
885	153
94	77
374	196
606	827
749	625
823	404
380	736
707	531
484	550
389	451
344	844
689	596
393	1185
829	1121
830	568
498	652
87	685
454	82
141	121
650	226
320	763
413	303
405	79
642	1055
539	481
938	471
880	926
504	527
127	750
790	56
788	281
622	625
416	501
524	97
638	450
440	245
889	302
458	28
6	514
269	17
731	521
612	1
429	1285
759	257
670	949
805	558
487	71
846	705
346	358
543	831
398	480
749	89
774	183
1	5
11	301
455	276
932	172
246	111
435	154
523	694
169	606
437	217
853	688
276	222
533	257
719	223
691	748
715	173
562	88
710	720
535	1098
785	496
655	724
342	663
249	546
665	97
747	40
466	333
145	313
722	546
715	2
206	1024
12	98
231	15
872	925
500	70
186	332
478	354
890	98
857	294
707	1211
452	58
210	4
451	989
16	152
450	507
537	1105
58	511
535	181
222	356
815	57
18	166
916	939
844	181
72	233
830	820
503	692
429	250
303	379
312	143
648	70
682	780
435	1215
943	609
660	181
588	204
749	621
308	482
721	56
293	163
796	748
45	756
649	50
85	161
694	504
529	324
653	227
498	50
94	69
610	28
887	72
731	216
450	197
393	597
684	215
457	147
2	272
268	208
881	58
542	399
147	313
84	408
504	529
378	42
840	81
217	183
158	1067
299	91
923	762
830	612
194	22
450	559
435	28
618	776
738	235
854	487
92	108
537	513
87	38
845	302
406	1170
450	619
472	1014
314	410
541	584
682	280
484	230
755	319
592	342
587	268
434	743
723	150
869	846
640	151
577	98
13	602
91	300
435	404
301	29
334	761
889	856
292	156
450	967
361	150
498	464
532	58
435	152
727	386
908	209
161	473
405	694
299	274
279	450
308	195
804	186
178	230
249	175
538	276
405	1208
290	527
452	684
18	175
43	385
938	866
537	15
178	322
130	827
877	52
716	1016
921	254
178	685
650	155
804	230
806	1048
292	482
833	235
823	172
743	748
655	644
790	154
833	745
318	307
862	132
634	458
213	924
901	287
801	259
790	91
682	591
745	98
382	180
648	127
503	205
698	513
269	108
660	173
452	121
606	735
303	78
807	743
147	301
303	824
727	455
645	654
236	133
889	188
440	462
181	749
70	403
397	199
503	83
474	190
851	299
299	481
749	15
846	46
50	268
716	511
329	11
454	252
472	141
804	31
804	429
466	174
535	693
24	518
82	456
907	483
809	258
502	307
724	937
389	8
793	815
452	259
765	847
574	310
922	222
539	301
158	221
618	705
291	761
796	217
388	672
338	143
707	744
651	294
468	195
721	181
535	517
585	582
795	191
592	286
15	931
130	354
877	197
277	137
44	196
805	403
252	224
450	28
360	936
524	516
485	311
655	319
745	182
87	791
522	521
533	83
459	1047
655	221
871	1024
330	357
541	465
520	25
297	338
327	10
314	22
927	768
234	488
751	367
333	300
393	288
591	300
666	510
924	285
339	124
424	689
181	991
354	507
10	197
95	448
6	408
180	98
823	503
389	1168
511	288
472	576
916	531
194	496
502	687
92	95
847	603
913	613
387	953
886	568
751	778
664	137
647	197
279	926
655	13
234	130
462	326
298	523
270	582
710	223
617	816
745	183
864	157
877	921
727	616
711	22
795	395
864	805
95	552
893	125
308	665
484	95
942	300
464	259
854	124
886	118
919	14
709	79
450	125
659	56
845	269
497	741
677	988
731	136
269	530
542	432
840	647
401	318
198	131
592	124
332	77
637	1226
757	232
932	494
505	177
566	419
286	42
583	519
533	134
483	510
450	609
449	1005
655	744
930	1
95	1222
712	417
872	546
25	173
639	740
286	41
843	101
707	739
357	831
271	174
458	591
551	751
488	132
360	1142
407	423
766	183
381	1401
496	68
846	693
894	30
268	981
551	187
749	68
235	431
749	546
224	237
23	1004
861	294
387	232
939	106
379	526
898	288
643	959
1	192
659	136
932	474
269	928
592	100
785	273
379	233
565	52
621	62
194	654
102	546
13	815
420	408
10	216
22	862
87	297
347	100
456	218
643	162
864	2
346	50
655	1158
276	433
58	651
585	509
561	474
666	1110
472	294
796	1074
545	403
655	122
498	192
846	29
804	226
901	28
655	480
71	64
747	9
246	238
472	100
297	53
932	836
293	432
713	310
731	213
5	443
378	91
317	322
393	1539
790	183
939	934
158	430
244	171
378	651
933	840
655	916
21	573
109	222
417	122
452	186
690	63
860	514
151	202
247	258
896	159
3	352
385	631
637	1374
601	290
798	110
30	321
334	488
646	319
293	218
466	344
165	15
778	174
530	470
727	118
526	272
539	340
757	143
543	186
894	698
537	470
573	178
815	616
907	1040
523	508
70	135
535	170
551	97
377	234
365	473
476	940
786	97
503	823
456	324
301	755
347	926
872	280
97	175
392	271
581	919
848	650
552	148
383	286
755	748
727	566
559	322
660	405
709	214
158	230
758	483
934	202
796	939
379	178
193	405
796	693
455	193
269	931
254	241
398	633
541	71
805	406
882	98
682	769
608	150
181	282
864	732
80	205
326	449
426	489
826	89
481	427
591	322
481	507
627	582
575	181
655	723
474	566
654	151
577	68
671	452
23	171
648	840
373	1039
351	310
593	216
734	705
595	1094
682	737
733	220
879	596
707	582
561	93
562	79
250	687
407	152
85	181
494	222
659	316
592	522
435	862
320	833
803	990
122	403
222	358
38	418
776	769
288	515
329	294
453	238
935	597
743	321
908	488
717	50
105	324
889	462
290	181
537	175
707	1479
743	294
881	790
416	915
527	28
866	887
716	205
790	191
655	517
494	237
887	405
533	511
621	200
886	147
425	100
705	588
764	747
64	356
880	161
804	97
268	188
537	745
579	173
391	462
499	605
707	137
201	511
922	421
379	63
704	58
87	1118
734	282
280	1066
614	237
561	164
572	289
373	233
393	485
336	591
627	528
90	531
465	428
301	1074
633	45
654	282
763	125
735	276
751	250
916	234
533	292
707	630
899	318
565	170
675	900
921	1287
269	393
561	1039
368	183
392	875
7	447
648	514
276	603
504	1444
600	228
924	129
548	642
43	686
213	181
58	655
269	274
538	195
58	169
374	137
490	1386
711	89
327	708
130	894
818	271
464	307
628	300
786	709
117	546
580	282
778	209
464	322
805	411
409	28
399	378
106	463
417	145
373	216
896	872
671	96
543	16
487	216
276	844
758	98
622	66
87	323
354	512
773	251
405	1246
562	286
379	527
514	709
939	591
711	676
533	148
169	482
666	236
457	758
279	32
502	683
875	603
222	790
707	952
634	21
456	490
727	1088
235	463
385	1506
938	840
635	150
790	158
776	661
181	1033
655	97
655	518
451	1026
541	553
537	1084
299	510
622	4
610	607
868	55
395	252
627	724
222	1440
537	197
450	620
609	408
679	56
878	321
737	154
24	699
303	514
532	938
883	9
495	1079
624	1095
363	443
811	315
319	259
596	13
270	26
840	100
312	509
479	211
799	331
13	635
709	173
141	1047
943	386
809	300
295	118
592	820
868	122
457	405
435	406
321	519
733	1132
774	831
863	990
856	294
839	1245
264	192
465	194
823	186
379	7
864	86
658	117
568	234
664	58
455	31
524	56
514	1101
878	511
672	127
543	211
913	235
324	255
536	214
823	418
389	649
498	32
363	32
77	183
828	874
943	195
639	19
892	820
28	444
394	168
878	274
291	1067
496	89
615	732
469	520
514	152
792	597
739	195
506	1016
582	750
290	211
919	1137
518	744
117	406
473	9
716	605
269	1267
201	479
376	181
615	988
749	1034
354	655
655	304
59	179
806	210
234	219
693	566
796	381
758	181
327	72
735	327
667	69
327	175
541	418
697	257
328	589
525	595
454	451
401	892
683	264
889	338
392	615
492	131
303	423
399	1192
303	670
889	271
568	603
881	90
27	244
399	95
903	928
271	692
393	636
738	659
721	317
13	404
913	174
479	509
320	195
619	22
632	451
181	1352
826	422
552	323
605	22
618	44
642	237
152	487
95	1228
330	177
698	283
682	431
704	606
722	13
862	199
151	33
405	435
934	13
870	582
620	623
551	690
209	286
450	44
158	231
343	236
787	286
727	1188
758	20
380	416
527	514
817	147
766	180
722	866
312	519
592	127
308	49
547	313
70	313
368	413
152	692
311	747
830	222
18	461
2	288
560	255
595	358
181	1328
235	1134
758	436
587	303
894	472
840	519
936	1068
449	702
600	177
283	732
830	413
525	596
71	302
79	1022
554	1
342	150
585	510
296	186
548	237
497	944
450	301
118	559
234	806
454	97
405	97
45	823
417	216
867	23
595	547
618	895
749	136
853	326
658	56
445	268
70	132
435	824
823	53
824	321
154	523
733	7
707	936
910	748
852	515
498	124
405	659
911	190
573	713
13	657
398	1020
607	435
429	166
446	268
508	70
671	581
608	478
472	232
538	127
883	477
374	164
848	805
707	220
683	271
627	82
442	313
215	172
464	50
436	721
738	177
713	362
833	28
880	369
936	289
585	286
631	310
484	88
151	194
779	471
249	7
269	66
704	211
653	520
557	532
764	432
537	488
693	69
868	211
189	531
264	789
472	393
249	658
291	31
934	498
655	1605
334	333
274	69
152	775
288	269
396	1028
896	153
843	127
868	520
751	1011
592	751
781	135
70	8
280	313
765	137
548	121
883	10
537	1267
537	1
638	194
56	62
643	428
74	340
250	95
121	347
330	25
468	357
920	311
577	768
409	289
373	22
379	172
158	1016
373	390
456	273
407	427
58	134
423	299
232	117
426	848
769	258
230	435
620	742
392	50
815	404
620	123
267	77
749	9
59	58
472	176
792	151
684	1028
60	650
758	303
495	404
903	254
767	486
826	624
693	660
693	1145
303	829
819	327
871	1388
435	125
838	210
136	124
18	516
346	177
406	235
138	742
474	11
342	965
940	420
634	118
642	783
279	547
494	707
608	332
24	11
606	966
691	692
429	284
665	105
332	121
417	582
668	475
468	161
727	411
378	183
13	237
184	1008
869	25
563	181
313	449
141	597
777	522
410	689
715	1088
717	475
708	278
713	327
271	87
378	479
913	310
606	200
60	131
374	241
708	1051
354	464
877	531
894	888
699	1163
291	121
642	748
254	28
334	288
532	982
554	284
18	951
181	1382
828	1196
332	568
312	505
422	773
234	474
108	127
852	290
678	332
752	752
592	170
551	550
815	71
701	750
294	21
181	236
872	284
145	329
868	566
576	471
82	237
715	222
905	458
291	200
94	1010
365	316
650	579
561	219
862	230
568	59
804	637
119	64
437	518
711	316
650	210
786	183
263	234
84	597
532	1
889	50
917	3
406	357
588	378
567	427
729	354
85	284
577	949
190	539
872	294
545	203
880	575
943	200
378	234
585	283
700	79
689	295
699	322
807	22
846	496
458	467
227	13
748	318
933	97
308	196
10	663
372	595
616	347
28	429
259	97
731	591
417	1539
339	160
145	597
479	173
193	755
660	145
470	257
327	271
667	651
608	133
486	269
437	207
141	335
695	995
387	742
234	1221
846	294
181	744
59	591
538	202
13	60
178	38
809	313
474	649
841	751
405	176
567	23
198	55
524	640
846	507
429	440
59	187
724	938
59	194
399	385
69	236
28	448
825	827
216	546
650	620
535	211
765	14
83	356
451	938
796	230
495	451
363	691
91	176
748	647
854	11
621	71
878	213
629	332
901	476
705	172
653	732
78	294
13	771
747	83
517	748
553	199
211	275
621	122
479	546
453	427
709	121
923	472
236	505
442	268
30	873
393	1014
749	1047
432	1012
500	28
153	50
181	931
541	699
840	631
435	91
753	50
498	150
830	550
117	931
429	380
693	428
899	89
293	129
493	258
890	23
128	66
655	1629
450	221
64	183
846	735
474	382
777	527
661	527
883	479
804	655
738	196
70	404
757	685
8	229
655	1645
527	318
437	174
214	708
727	444
531	898
417	1014
763	738
237	187
299	503
776	848
892	405
22	127
374	1051
129	286
870	69
806	170
371	527
203	744
405	523
561	1
666	405
407	183
918	89
663	299
883	715
851	1675
344	275
246	1052
773	235
868	156
751	559
284	303
115	922
7	384
474	317
429	226
727	169
624	305
606	265
405	1168
436	1178
561	317
676	1234
716	663
22	53
226	203
892	49
823	566
407	756
770	295
559	1141
379	197
452	660
449	179
847	151
117	122
483	405
634	546
537	515
892	129
276	109
707	190
561	14
90	497
863	882
574	750
833	403
184	739
936	269
568	1203
344	926
293	1119
697	473
452	318
650	183
417	485
411	161
219	1014
782	1160
194	356
624	689
537	196
756	141
189	863
201	425
530	204
123	276
454	79
226	513
489	1025
918	131
747	461
42	443
474	1014
163	258
201	82
874	676
688	304
85	150
744	428
637	742
279	428
524	474
870	239
426	432
280	79
933	1188
60	134
458	98
475	50
486	281
450	1444
59	705
512	265
690	127
125	388
682	8
143	1038
243	461
102	1240
843	144
38	768
826	176
488	509
103	118
695	311
593	58
179	362
189	199
655	458
254	665
699	878
256	554
561	1294
498	603
836	89
693	1311
88	898
233	435
861	547
504	664
608	1115
720	313
889	520
389	131
807	89
523	285
911	428
378	686
892	612
629	277
244	744
267	576
643	845
665	249
575	182
693	50
178	729
561	631
916	405
10	11
308	200
188	174
393	497
551	582
487	679
846	665
456	231
643	715
417	767
270	1007
376	427
213	463
423	879
786	204
327	56
388	237
532	404
91	511
708	1023
592	1079
554	118
393	125
378	365
638	4
354	93
372	176
825	116
530	178
291	760
550	254
396	237
168	1028
10	699
704	639
267	181
800	275
834	294
878	140
500	159
450	220
758	529
886	194
445	288
759	127
928	269
894	170
503	293
570	245
524	239
10	334
727	369
453	369
643	655
189	492
642	966
406	1153
90	836
443	309
474	660
303	230
642	827
406	573
23	216
832	243
891	866
930	175
303	508
194	1107
730	298
393	86
699	333
552	282
425	222
900	325
393	33
328	326
624	898
618	216
405	780
677	508
388	266
556	64
717	890
630	181
49	1077
234	653
907	819
684	94
474	291
681	1105
11	39
645	496
684	386
899	8
399	597
361	692
429	540
788	133
496	229
160	1012
682	168
624	340
699	109
593	357
128	220
412	206
474	482
918	275
127	343
644	255
186	1033
279	1444
326	521
776	145
454	707
425	435
6	1
788	630
823	196
798	1119
486	1226
806	98
862	1050
682	150
851	111
241	682
83	56
543	272
883	238
368	672
535	496
933	87
401	515
870	458
577	568
864	238
521	248
533	748
314	411
747	475
252	286
570	321
92	402
295	213
600	2
711	417
405	999
334	485
707	15
788	744
7	441
561	430
417	158
650	654
493	754
672	15
901	73
825	926
302	748
494	174
504	384
663	1009
178	1047
15	50
20	357
703	748
213	831
75	220
903	746
587	301
588	162
479	216
60	327
18	79
495	94
588	143
620	95
655	1106
399	576
181	18
174	50
488	199
568	178
312	945
173	321
26	936
881	139
423	328
605	930
405	745
543	720
938	293
496	50
672	864
624	273
454	191
43	755
807	154
868	524
387	568
707	318
650	739
116	1020
454	96
701	285
801	294
100	898
854	333
627	423
881	196
752	351
648	443
689	125
561	719
757	50
527	192
301	403
268	506
350	172
934	792
903	214
398	756
28	11
782	1644
104	257
56	678
830	79
3	321
446	321
887	235
909	86
438	321
870	513
214	8
697	1089
328	939
59	465
314	866
437	417
761	7
559	300
673	307
471	418
416	451
408	294
26	121
618	71
130	681
747	480
527	868
442	168
234	160
286	737
234	557
795	433
473	124
94	188
239	1115
54	338
854	493
537	173
853	332
886	175
904	90
249	407
95	1133
655	1011
930	240
899	209
334	228
49	382
158	123
201	284
937	222
634	919
526	591
846	141
379	434
506	363
450	174
894	300
788	579
569	117
11	449
25	125
302	266
588	91
719	274
262	631
933	180
707	135
504	942
81	25
346	470
679	204
407	510
387	102
523	163
307	72
472	951
916	56
805	582
379	331
883	956
622	106
708	508
680	7
437	219
244	1095
804	182
617	590
674	127
550	237
848	855
144	147
348	126
588	62
749	228
363	1012
394	98
499	98
825	1028
872	682
747	493
407	519
295	216
110	338
663	1245
861	381
488	659
450	33
554	202
506	746
325	443
497	783
710	335
486	9
246	208
708	538
301	240
183	94
500	464
650	1035
491	408
680	20
504	196
894	355
537	937
141	313
804	932
869	1014
387	214
279	1305
480	174
262	219
293	94
380	163
897	135
790	568
712	1221
313	633
796	477
627	735
943	55
600	450
130	236
442	482
751	179
200	443
43	79
479	144
766	187
540	126
900	284
525	713
642	732
883	511
663	108
844	864
166	347
927	229
297	92
654	748
807	140
406	661
840	497
659	603
595	986
716	274
545	88
648	662
263	315
940	137
707	165
550	275
618	755
588	941
683	690
846	602
870	9
497	72
474	289
385	433
606	214
405	91
496	64
500	964
789	127
554	117
362	322
385	135
299	154
853	748
536	227
561	178
417	380
416	401
880	228
354	724
870	191
332	323
923	237
64	732
328	448
889	607
901	135
862	462
6	502
608	168
806	629
760	255
896	1004
47	307
379	576
303	85
320	240
374	228
500	196
153	325
280	1133
488	724
896	87
601	107
535	466
738	127
727	385
568	486
810	873
643	509
896	27
104	121
487	97
721	161
244	197
715	298
751	226
870	253
436	287
640	354
765	42
514	178
648	228
361	527
807	421
934	88
425	289
437	253
358	8
450	229
792	21
487	178
316	435
716	82
741	151
478	255
711	228
627	939
601	864
234	513
184	387
303	386
756	323
624	255
293	28
271	81
489	334
854	19
847	210
141	261
939	409
35	321
782	533
687	294
751	405
804	219
514	392
174	724
181	844
758	282
846	651
327	684
496	625
109	1222
222	712
26	475
582	222
345	196
64	511
443	245
139	302
263	202
868	579
437	152
425	879
851	352
394	455
181	363
96	423
445	845
357	926
533	580
504	371
835	427
592	118
622	722
606	825
177	223
493	11
312	223
893	69
619	827
870	663
85	168
728	286
847	180
500	546
389	90
450	1048
82	241
586	155
552	977
592	427
354	473
172	772
702	352
16	531
625	655
344	297
406	671
202	516
7	97
927	154
262	747
805	214
455	581
437	484
353	301
622	450
410	873
343	930
312	176
279	172
629	12
896	468
851	845
246	240
552	111
152	632
84	286
506	642
788	54
561	684
840	300
664	73
592	264
922	655
442	628
931	316
554	215
857	258
705	423
932	432
927	11
825	982
234	615
592	201
377	682
645	650
777	1079
425	566
421	672
327	682
555	13
87	728
886	318
234	832
786	210
943	568
893	781
11	208
790	862
749	210
16	946
582	271
749	280
727	930
657	455
863	906
397	156
722	823
588	118
64	265
534	300
595	181
474	697
846	218
345	684
537	688
155	990
324	331
322	655
920	332
825	1087
537	177
378	959
875	418
342	382
327	508
63	1138
666	499
60	209
612	100
339	269
889	1428
44	31
757	226
642	673
719	298
587	264
514	313
490	150
6	317
267	431
7	603
805	150
871	352
299	478
379	659
122	699
102	182
543	129
417	89
671	68
665	684
421	509
524	511
483	197
664	462
159	322
883	387
622	99
763	153
847	109
159	1092
250	333
176	347
130	477
881	179
894	1142
846	8
852	407
152	410
457	284
151	230
896	632
774	177
181	1022
465	929
339	663
13	430
456	550
506	449
327	7
267	56
18	211
865	1028
537	14
711	403
374	252
709	125
10	479
864	541
503	321
894	213
716	473
825	546
498	10
894	463
711	70
697	1022
932	657
56	946
854	282
500	282
516	310
420	275
804	399
70	204
451	683
201	471
815	993
830	474
561	285
84	756
896	798
534	333
435	983
326	523
543	702
472	1079
496	721
328	65
430	124
770	250
650	1031
505	127
441	100
35	328
655	662
796	389
478	222
1	68
442	92
889	544
739	359
745	520
153	294
435	58
479	281
1	66
592	263
790	373
788	380
927	1089
696	899
682	1074
537	427
11	451
868	128
192	7
453	975
793	237
390	286
327	154
40	321
20	181
889	239
274	282
643	739
194	67
506	761
568	132
899	177
806	128
857	300
835	294
566	121
863	886
450	383
168	275
895	275
378	210
517	472
655	1147
627	461
699	456
116	127
417	928
405	33
833	291
588	716
387	250
592	747
642	8
692	204
588	1508
168	763
887	465
354	185
587	916
546	343
91	136
894	990
157	117
409	708
226	509
481	8
484	392
655	740
280	405
446	880
664	77
280	1048
381	142
481	199
411	79
416	1
647	326
313	393
476	42
63	258
164	405
796	684
931	344
472	140
158	188
719	98
346	302
303	239
472	99
588	1091
407	228
527	179
538	213
899	435
64	22
464	984
489	324
291	90
481	211
934	257
601	56
901	451
320	231
601	141
233	511
268	622
483	173
758	1142
380	182
501	307
934	963
765	522
790	235
764	255
1	48
883	902
864	451
503	186
1	139
222	729
561	184
95	282
835	97
504	295
697	1067
276	567
546	349
506	227
338	169
766	135
929	496
1	8
487	64
727	54
817	289
186	331
788	199
232	100
409	606
700	168
348	151
125	243
493	171
747	172
878	956
343	202
406	53
887	369
823	195
109	144
374	239
632	651
472	265
303	363
601	174
463	100
456	1267
405	798
666	603
837	284
821	705
870	517
636	760
454	740
844	117
394	763
766	414
299	474
880	864
557	892
70	554
758	289
561	811
445	310
542	122
497	96
880	781
757	121
498	1142
889	93
845	272
62	1091
116	1226
770	742
622	202
707	499
727	278
715	158
758	746
210	195
445	291
95	110
118	675
645	64
174	1086
662	286
262	131
610	143
537	206
761	748
399	227
248	250
660	523
896	692
710	874
264	286
620	760
239	45
398	94
514	216
712	79
655	730
539	155
318	540
264	447
537	733
626	682
405	664
293	371
798	827
642	63
735	333
622	8
105	343
450	241
883	61
385	200
883	129
334	124
468	226
894	262
316	286
398	993
532	538
427	303
622	204
804	552
148	56
788	810
425	1222
772	323
927	422
286	40
295	265
112	321
913	185
181	718
781	210
524	436
655	77
561	181
735	93
940	100
653	480
529	328
286	988
89	402
790	273
94	1211
548	151
776	603
896	144
796	815
298	419
385	507
565	190
519	1238
567	646
391	648
151	614
13	138
390	754
463	740
648	249
782	752
504	428
37	233
463	306
588	282
329	423
841	323
766	428
805	95
26	122
720	310
330	559
6	216
600	1110
796	232
577	102
793	458
560	498
381	95
599	284
832	307
226	507
1	21
340	502
397	484
653	471
468	285
391	480
758	427
652	282
610	153
758	24
889	276
843	234
497	797
92	234
434	471
385	658
568	194
161	177
387	205
342	194
95	179
781	191
806	628
815	436
509	271
193	742
474	31
634	1335
863	908
320	625
742	475
672	1023
54	546
690	66
460	151
676	302
878	427
494	15
416	628
833	328
903	81
940	516
940	286
637	291
82	97
376	663
707	221
588	258
495	418
276	385
545	944
592	336
793	844
116	479
326	239
537	294
498	693
673	242
823	919
410	313
848	427
802	286
689	150
118	800
130	658
573	180
924	205
54	252
340	211
711	301
94	225
749	161
416	879
534	1
747	87
113	979
890	527
62	273
343	57
130	444
666	176
627	655
882	1444
342	301
522	134
509	258
566	856
586	127
901	294
463	284
542	132
561	23
532	313
798	202
617	656
622	1016
916	151
387	4
707	1545
18	603
508	163
145	17
901	58
51	655
655	732
846	792
389	302
406	561
526	283
411	56
777	100
436	581
13	667
457	507
397	273
493	284
916	1010
391	510
323	295
606	1065
806	96
314	470
223	819
564	50
717	815
497	42
846	388
836	210
435	649
223	289
221	151
705	181
435	72
802	264
642	651
327	79
43	1055
853	288
749	31
887	183
38	105
666	483
437	770
407	416
655	155
488	164
907	1119
847	144
875	772
892	180
299	244
833	1628
334	286
537	896
210	651
59	642
393	1197
472	477
181	1163
116	306
846	731
564	118
816	309
181	1338
244	629
398	969
521	50
747	649
661	727
922	449
435	885
603	326
201	157
573	10
562	323
393	472
339	22
788	445
697	596
405	1570
328	186
878	921
711	723
279	30
506	542
265	282
435	609
487	419
823	159
457	470
795	12
711	1163
6	530
933	384
932	194
823	792
620	379
551	174
497	724
465	98
94	411
929	433
596	678
883	237
307	168
354	710
908	419
787	306
867	28
13	413
334	58
373	90
66	763
643	218
874	276
770	222
629	69
363	313
655	865
328	135
435	409
345	365
692	194
845	313
530	237
902	176
610	568
236	194
318	216
618	1468
234	268
645	301
880	398
666	963
903	520
924	433
552	14
222	183
379	137
847	142
650	173
441	9
84	318
927	928
445	209
606	562
540	240
540	741
307	222
790	380
196	285
733	676
429	1443
280	80
666	956
894	322
908	183
276	624
478	975
927	67
587	748
494	121
349	544
773	217
181	294
593	70
771	4
600	1274
655	778
363	42
16	237
486	872
110	1249
851	826
415	323
254	343
301	418
611	346
293	780
741	178
621	624
561	1110
308	654
815	944
896	480
655	581
871	237
455	647
514	45
458	546
943	218
271	286
758	301
515	905
561	515
97	132
234	641
434	844
561	1024
525	14
354	60
880	87
453	550
339	157
555	150
256	989
657	118
679	121
666	205
342	125
815	131
804	163
450	607
642	1066
846	565
595	926
401	632
5	169
151	476
290	252
57	1001
889	170
545	378
630	620
245	1047
314	595
224	54
506	31
343	189
625	652
913	690
303	540
323	156
638	98
600	210
630	294
897	186
856	272
916	168
764	864
671	925
324	259
618	69
642	996
659	202
684	50
7	433
270	554
901	250
569	284
782	1283
450	207
385	182
868	727
301	90
875	173
19	202
714	685
648	205
793	696
603	227
715	150
591	210
130	452
916	76
536	1030
878	659
702	380
796	159
844	294
606	841
365	222
849	625
679	222
313	538
416	471
429	651
621	420
6	308
668	554
751	209
259	748
246	133
606	197
758	100
645	89
130	565
312	813
222	180
896	108
194	209
421	914
648	294
378	94
620	924
59	210
654	276
10	707
386	833
880	722
59	458
193	237
237	190
734	121
881	286
555	274
42	43
668	231
645	23
669	23
615	180
87	199
352	100
303	223
480	169
12	195
313	502
183	1215
734	164
821	14
533	190
685	327
406	769
807	511
839	100
506	770
896	1222
188	226
299	23
373	79
468	642
744	481
406	20
121	127
481	514
110	684
405	23
493	423
889	1134
507	751
757	248
256	679
614	122
426	136
843	300
716	495
409	283
911	548
469	530
380	435
328	56
550	304
503	739
496	7
751	21
711	151
623	274
715	629
94	1135
655	187
271	79
75	304
95	462
181	1350
599	934
6	310
647	121
405	665
892	542
137	118
363	208
321	480
339	649
313	127
445	174
116	304
115	117
496	252
406	405
536	720
120	15
474	610
786	696
393	553
749	127
424	688
794	137
642	28
583	100
445	504
25	655
591	94
697	126
782	1663
779	109
657	302
254	1033
60	205
506	479
635	276
868	1031
332	1047
886	435
494	286
330	554
606	208
161	316
788	229
601	135
853	358
766	175
650	161
557	270
235	1105
319	268
831	748
458	952
643	153
805	739
583	265
894	1404
788	203
70	993
280	162
109	202
64	559
38	326
303	569
286	123
244	710
416	652
495	64
629	15
889	67
231	255
548	257
57	477
846	540
705	416
458	318
542	56
458	282
405	1579
939	411
474	461
671	327
259	928
456	402
62	474
505	385
903	357
843	637
819	70
541	38
880	763
416	723
862	1009
919	475
788	645
911	420
213	199
343	358
102	229
788	53
561	25
405	463
894	1150
921	778
16	498
548	147
840	526
280	172
807	527
417	1016
456	395
917	268
325	1487
913	475
667	275
897	925
815	179
682	85
693	514
704	134
655	251
796	1119
807	199
523	435
566	736
311	939
863	302
474	73
804	402
465	281
445	87
244	64
489	303
851	987
608	50
707	712
747	274
588	1469
830	294
733	471
880	825
886	234
764	216
399	320
551	808
64	188
885	815
804	625
314	405
181	289
791	301
450	277
773	90
771	496
715	399
561	679
95	207
938	508
851	1277
846	510
831	64
889	519
415	269
429	550
417	728
643	234
295	1297
861	45
721	732
158	96
862	823
868	621
538	117
712	210
283	173
835	988
321	530
399	31
284	938
833	267
534	1059
853	328
749	209
809	328
445	1009
817	222
836	286
749	485
92	401
545	219
405	1099
655	656
507	288
677	687
346	147
655	1252
13	347
474	215
51	203
860	312
13	362
75	301
194	88
804	257
346	88
656	689
509	245
316	127
661	169
23	629
312	607
334	176
823	144
379	79
747	47
161	315
666	474
104	847
761	258
374	254
694	178
832	876
507	250
106	210
352	129
218	186
635	262
528	168
6	419
406	153
577	549
502	892
807	405
399	121
916	1119
409	178
30	315
806	407
363	372
711	755
272	651
624	1067
483	99
903	120
682	249
706	471
184	185
871	326
716	485
834	127
787	350
184	220
435	81
112	346
852	50
445	831
90	300
301	156
479	181
468	742
343	152
86	304
262	86
815	102
592	631
499	275
517	222
497	692
110	173
643	474
592	257
82	81
654	218
105	880
148	969
883	1592
774	23
690	655
943	717
805	173
184	165
571	114
62	207
268	1476
712	1469
760	288
804	824
308	61
622	47
919	5
116	650
293	877
892	25
595	824
854	528
758	435
59	675
405	1006
27	50
194	562
355	1392
99	240
453	959
7	596
608	427
378	577
593	496
936	928
533	526
579	258
815	175
905	742
617	868
497	417
806	162
130	1089
421	653
867	89
144	234
642	1415
892	239
852	473
709	597
679	181
846	57
683	354
200	1
137	892
647	328
907	220
298	196
847	71
939	275
283	202
514	83
378	157
21	301
734	482
886	96
561	241
425	538
100	751
405	374
589	877
718	751
23	961
42	219
586	227
514	135
870	2
279	854
642	258
344	546
880	477
642	15
745	527
854	945
749	748
456	111
144	514
721	699
328	11
790	572
284	690
550	1620
653	585
332	456
665	12
276	153
389	416
624	690
468	170
423	333
60	608
513	181
807	265
838	45
205	268
417	665
479	752
405	39
138	497
605	118
387	521
539	239
806	233
387	408
363	1009
537	469
429	92
313	50
648	435
504	961
146	286
535	319
896	168
659	1021
787	898
223	591
458	57
796	1415
639	414
758	1283
593	288
933	282
761	295
301	197
267	153
399	204
169	495
333	100
462	22
561	479
682	849
387	286
553	174
911	134
698	194
506	29
514	208
747	715
848	241
286	312
116	302
620	1091
699	250
437	1036
102	511
314	801
587	331
642	136
18	125
586	67
457	44
463	93
403	1199
661	218
194	790
789	150
103	487
786	504
276	84
537	1197
715	216
184	451
710	603
474	707
611	313
752	887
301	334
387	385
17	286
864	124
618	24
892	568
819	177
398	521
190	288
830	195
795	118
345	4
408	270
490	919
683	358
268	178
75	79
213	156
514	191
558	508
17	294
493	265
230	447
180	372
14	25
880	258
563	401
663	328
243	191
456	662
727	284
864	432
198	673
639	962
693	135
101	472
334	537
756	176
657	1
433	174
468	584
924	322
389	661
405	528
374	193
889	28
527	174
494	107
14	921
56	386
901	252
561	215
871	245
659	661
908	318
526	307
705	820
833	597
655	1640
844	318
846	489
788	117
843	97
606	203
3	355
889	54
528	77
815	99
327	190
321	510
102	316
188	877
615	792
216	25
455	96
838	222
92	597
72	525
935	1016
741	88
776	590
499	12
757	385
405	784
890	205
692	1047
710	265
708	347
454	172
472	200
311	705
276	260
10	23
897	136
883	692
87	449
500	709
437	8
880	295
423	313
847	568
668	294
536	546
13	438
883	1005
727	177
399	276
486	268
804	981
655	910
426	168
655	324
455	1086
168	325
619	181
790	217
715	685
786	88
847	216
417	1247
930	117
497	163
177	288
796	172
417	713
774	241
864	117
936	1377
501	276
801	890
382	511
452	135
607	86
621	561
450	270
618	187
934	212
907	5
83	728
189	59
233	504
91	294
895	328
711	255
625	588
903	127
201	408
197	188
391	294
663	872
815	153
497	420
158	7
92	237
847	507
309	1296
523	14
883	712
710	92
305	749
345	566
805	1157
385	100
647	1016
892	525
326	199
622	213
689	879
378	323
903	181
833	185
106	162
940	873
727	66
15	283
712	762
325	1118
472	1036
87	202
890	443
149	346
474	381
893	264
666	974
751	213
303	615
26	1011
295	22
435	250
451	242
666	514
151	627
489	349
429	234
422	117
449	170
642	40
472	172
843	23
658	1101
751	1078
380	183
806	238
633	289
763	703
435	63
708	328
831	271
709	127
541	526
125	367
805	386
268	1091
663	603
151	523
727	91
621	763
782	1399
198	1142
416	31
654	25
909	289
72	628
268	227
85	641
634	933
743	408
393	569
10	274
244	111
458	121
29	879
447	200
919	117
440	272
581	269
795	2
303	873
697	302
117	172
847	96
82	424
634	269
724	272
210	28
308	480
577	932
102	127
932	82
572	319
826	391
666	654
23	275
749	80
453	717
388	871
115	273
479	356
919	322
504	132
218	288
291	933
7	585
456	79
648	456
904	181
474	664
694	617
807	602
537	462
754	276
776	588
757	1
429	2
409	264
104	111
647	177
868	1037
429	393
825	986
487	672
521	324
804	708
583	357
648	193
407	491
562	582
790	274
75	756
579	328
758	576
679	721
271	48
301	143
655	52
834	744
835	527
436	746
435	584
682	164
234	166
387	64
533	239
592	271
22	233
854	268
260	1243
354	714
577	65
264	603
418	750
560	653
561	17
746	546
217	761
643	262
846	739
445	55
795	719
276	237
451	303
867	286
932	135
629	92
922	294
393	815
682	1220
793	273
290	102
361	28
463	285
592	222
588	755
822	432
62	1018
707	692
768	127
422	275
665	210
308	449
533	202
850	69
751	118
545	665
587	258
666	23
790	1048
429	847
566	483
59	650
685	337
537	56
495	121
248	50
556	707
303	123
347	432
496	496
845	1592
916	17
759	121
606	132
385	81
714	472
489	310
653	105
464	288
588	79
425	1597
194	414
675	750
430	436
94	97
805	401
435	573
593	211
941	919
532	218
506	135
537	588
283	208
312	414
151	82
774	195
550	249
542	732
782	1237
344	117
504	548
84	276
374	713
721	358
701	690
293	173
592	234
892	480
378	182
924	496
407	269
514	462
886	231
821	15
48	479
655	574
627	434
557	166
640	182
743	222
487	286
407	656
663	919
193	905
541	468
551	403
222	692
388	508
689	257
499	132
3	288
451	1265
561	174
643	111
880	80
682	274
416	58
442	436
880	118
458	209
404	328
499	326
786	703
130	1151
894	303
393	879
662	268
618	458
392	59
561	135
890	135
59	79
450	218
753	185
598	286
916	1268
824	286
69	886
605	521
788	289
542	695
569	298
653	380
217	147
13	444
648	809
665	240
7	294
778	738
894	286
709	540
118	551
634	756
486	331
437	629
303	1089
311	648
804	188
18	845
510	330
254	82
479	198
538	199
344	476
274	866
642	554
561	10
164	326
551	128
269	956
537	333
932	100
883	1021
773	354
863	304
190	281
833	1143
265	288
360	187
399	289
177	327
92	171
932	1035
903	157
468	118
589	334
336	1011
870	487
432	3
559	205
380	425
692	410
494	663
813	988
328	28
551	405
760	195
200	924
500	295
764	281
648	4
452	482
454	114
167	512
535	187
363	54
758	448
339	209
840	98
262	451
758	141
851	1376
738	227
600	229
58	181
472	66
548	7
561	431
878	82
836	192
85	30
932	205
881	520
827	333
640	186
249	4
293	578
697	326
43	100
224	582
11	125
27	930
840	638
504	88
889	234
460	137
749	110
119	762
405	684
881	401
537	1147
565	165
545	67
9	690
303	461
153	182
647	29
666	222
7	178
336	710
749	178
854	620
130	330
210	792
608	185
479	756
56	88
455	191
587	308
911	514
279	385
189	1154
480	209
721	262
500	639
290	136
629	651
748	213
347	188
125	49
214	650
910	282
849	27
835	98
894	246
923	546
75	123
831	12
360	223
922	176
130	1028
406	474
687	324
892	188
128	506
76	955
5	257
917	276
532	302
621	276
257	14
159	1023
772	354
707	106
438	121
381	132
498	229
451	948
429	90
407	244
416	873
698	516
334	151
305	474
494	479
453	99
435	23
693	576
875	286
851	751
846	393
651	302
717	313
650	127
719	620
745	207
680	137
637	237
807	142
634	302
716	393
929	187
829	733
586	204
548	1013
733	1114
851	1280
712	1037
452	8
661	318
83	1060
348	831
596	300
280	142
249	210
396	595
495	491
264	517
918	175
234	131
844	69
788	447
257	57
113	948
536	2
121	427
301	636
385	461
721	938
304	243
251	1
934	100
313	519
311	321
416	403
881	121
421	174
459	307
492	172
741	69
643	501
655	160
782	269
771	596
894	305
201	129
904	535
830	202
642	147
474	956
472	977
346	97
194	710
416	931
487	161
488	633
788	100
489	988
393	864
298	430
393	96
425	300
765	285
149	874
456	1547
807	250
343	471
518	1114
776	219
5	367
208	194
610	591
823	433
405	558
254	393
707	347
775	245
804	1139
514	169
566	50
426	671
347	147
389	686
79	275
780	208
682	7
264	100
833	153
916	226
645	177
183	229
622	49
766	429
804	291
38	411
660	94
301	318
576	204
504	372
570	358
794	14
933	194
445	9
292	249
838	206
198	684
642	581
833	134
766	176
682	380
489	948
416	118
329	186
682	696
712	95
910	597
782	246
405	65
561	1035
221	737
425	5
463	235
472	118
551	157
889	191
336	1496
668	896
496	190
7	217
667	238
378	44
13	800
877	727
860	781
405	940
128	458
878	794
424	14
808	327
486	718
279	180
393	833
529	880
4	301
703	1197
863	340
299	1223
506	89
741	215
456	95
417	121
459	932
747	1497
633	148
41	175
896	307
806	2
450	3
727	265
291	568
468	724
653	1135
94	797
5	425
820	895
84	117
757	96
701	312
650	515
291	3
405	697
924	288
248	64
436	550
468	191
825	742
751	652
642	1425
716	181
650	451
389	209
413	270
875	496
810	289
851	252
711	64
655	1268
745	286
48	524
682	866
250	98
284	751
456	433
889	85
95	1221
911	507
385	32
428	310
868	405
610	56
291	262
230	405
104	330
559	550
116	1214
450	597
339	180
654	154
379	127
759	984
143	690
119	1016
636	596
804	68
43	278
903	30
194	624
864	134
498	197
391	427
919	64
798	839
437	651
773	403
234	591
568	430
521	191
826	55
675	312
38	678
92	679
671	1491
883	176
581	844
201	234
51	705
847	756
828	753
811	323
487	2
419	223
753	98
896	226
115	33
436	218
316	187
15	248
805	678
178	304
486	546
724	895
291	1090
606	185
548	300
434	9
34	288
871	662
458	632
911	99
763	283
875	50
588	268
449	59
331	175
234	100
378	213
454	315
593	609
655	504
932	105
833	653
533	380
660	62
768	15
810	304
882	1412
606	713
486	473
832	322
567	433
913	176
537	86
405	1069
450	936
642	409
194	642
274	1060
734	465
398	100
934	197
67	25
174	132
73	32
588	234
450	731
322	1019
79	268
506	194
661	238
425	89
565	70
222	245
292	214
487	258
431	754
889	282
496	1473
772	313
87	692
363	173
314	1047
62	357
104	748
621	810
314	932
495	53
478	684
804	474
576	9
482	245
894	1131
457	373
314	11
535	478
919	88
698	654
805	665
334	155
328	327
10	693
230	491
666	496
712	431
788	241
267	229
234	792
709	769
294	151
637	685
747	418
747	8
655	402
200	596
609	894
710	179
345	170
804	22
13	91
936	248
653	402
932	203
303	673
795	550
807	1034
870	179
511	333
167	1308
793	121
891	595
425	64
271	148
179	353
807	136
537	221
450	821
141	249
769	222
642	565
229	898
643	92
592	140
606	201
916	24
864	343
218	153
878	194
943	124
686	430
318	238
707	285
889	13
453	49
587	304
336	546
456	640
648	384
938	756
417	1230
899	66
72	476
454	627
836	42
629	463
138	603
85	1010
192	269
22	50
453	268
308	663
774	4
78	25
83	756
786	484
709	825
435	1291
747	501
506	69
230	205
230	650
693	582
607	212
218	204
15	225
436	65
308	248
416	827
727	771
92	4
733	1
500	183
201	11
589	289
94	1012
659	664
25	177
711	778
694	684
871	195
645	243
286	428
588	1428
529	309
465	511
804	449
741	357
840	653
805	168
817	281
868	1240
497	748
733	19
896	195
482	294
234	1450
869	1079
395	196
456	180
582	121
330	195
370	322
918	151
525	250
933	52
796	1269
290	926
897	222
878	515
585	584
264	209
464	328
303	596
936	410
450	234
7	635
222	521
430	235
174	11
747	97
363	385
543	86
269	208
62	436
901	1041
881	177
846	421
506	930
551	232
916	212
639	204
97	919
459	22
864	800
13	8
130	329
280	218
122	28
933	575
552	7
468	39
881	559
26	302
822	926
923	181
655	344
216	56
822	1
215	226
766	380
705	720
378	582
527	177
296	357
44	737
624	50
389	605
457	204
897	168
618	125
495	88
87	427
494	289
796	1228
749	879
85	246
374	527
566	192
650	1050
756	860
303	1023
484	181
616	303
642	1036
455	100
546	758
871	549
280	3
303	790
352	172
257	61
506	772
758	270
717	471
710	418
840	182
709	56
28	670
547	347
711	16
303	4
437	100
930	237
646	1237
727	679
501	685
749	566
385	604
312	606
451	336
693	591
303	872
501	475
693	685
586	820
166	687
896	89
598	691
548	218
733	281
721	942
807	739
144	8
468	47
738	100
224	731
244	241
798	825
592	1009
493	252
682	804
592	1010
554	173
608	1204
707	81
743	340
821	70
878	179
43	121
670	480
870	90
436	219
923	288
865	1047
406	63
298	187
563	304
722	100
246	92
484	423
889	24
106	9
710	234
374	554
851	313
472	559
789	508
373	727
219	855
592	135
738	254
776	89
541	28
54	471
573	519
194	125
222	237
489	312
412	117
405	288
728	1355
272	423
293	809
605	405
436	95
62	451
749	167
798	878
821	473
846	191
898	319
902	333
222	679
690	120
932	212
715	156
507	343
6	182
890	181
391	222
727	395
830	288
85	230
399	545
418	300
922	471
109	70
125	748
474	322
312	152
907	471
682	108
334	79
416	317
327	131
100	886
378	225
913	186
606	273
404	331
632	566
110	1055
13	769
457	402
507	306
855	531
605	245
716	105
877	176
907	697
495	135
370	57
804	366
537	959
738	168
16	385
457	59
916	1109
13	882
714	276
393	203
682	22
747	262
177	217
230	621
290	228
537	426
805	645
271	210
351	678
466	89
151	782
523	1472
363	312
751	215
560	1016
524	4
479	241
915	328
518	820
936	975
496	77
932	119
561	673
308	856
472	117
94	260
94	238
775	305
595	1061
485	346
378	932
503	778
854	42
793	129
290	89
727	100
13	339
927	64
305	382
422	129
545	684
789	475
880	1013
887	559
274	1152
788	258
405	774
409	527
733	922
746	208
886	64
648	265
679	432
932	443
900	696
193	182
513	472
843	210
308	517
493	881
846	606
312	521
587	347
524	1152
622	866
286	749
247	100
716	133
405	1219
435	496
327	959
901	662
69	294
15	879
342	188
896	212
942	259
472	62
693	25
599	872
465	181
894	752
655	584
682	1225
796	433
398	399
606	746
565	515
459	148
293	51
694	492
881	546
846	514
524	1540
314	284
276	469
542	180
561	531
630	118
934	195
749	403
567	479
72	844
457	79
655	860
293	73
529	319
328	903
299	298
919	191
798	125
463	1012
465	283
301	521
655	185
806	318
585	171
883	174
937	100
216	11
758	742
59	184
314	1094
561	67
351	895
283	435
592	14
185	239
719	382
650	286
653	407
463	282
452	98
115	847
815	31
790	378
391	546
846	60
320	238
458	596
594	14
546	816
393	1016
942	282
378	160
913	508
437	433
232	750
682	318
537	183
244	528
73	183
271	527
624	300
314	685
711	1170
608	695
867	511
618	487
373	648
615	153
771	274
901	50
402	32
62	931
474	495
126	311
704	497
92	225
878	402
629	294
180	790
796	679
830	427
710	294
847	13
847	211
192	813
620	928
504	517
770	129
724	332
326	505
535	269
537	990
123	9
192	287
870	273
894	280
423	1265
655	310
452	518
514	26
871	213
896	721
334	846
297	298
587	749
37	172
181	983
116	596
648	635
18	94
145	510
798	623
519	1280
864	214
394	561
299	83
387	10
689	471
429	157
349	118
457	455
711	420
696	315
435	792
571	964
585	1266
524	172
426	488
39	270
815	526
901	20
7	671
286	476
6	166
403	50
934	419
847	235
479	640
210	79
604	567
23	214
253	699
601	476
633	300
669	511
99	751
863	328
712	1480
899	179
31	319
92	1208
642	720
532	1221
338	52
860	274
892	88
105	270
839	1664
109	451
181	1026
655	1149
457	230
549	472
276	293
275	416
466	128
219	906
273	307
206	1062
436	1119
618	31
788	436
94	386
846	561
709	833
659	294
186	56
109	410
387	23
472	660
188	54
156	646
864	684
301	576
655	712
601	96
454	1035
62	673
201	506
548	333
472	768
778	451
233	50
94	404
442	184
622	730
624	272
221	282
892	357
704	347
154	496
621	231
454	968
246	181
21	264
445	458
244	70
886	174
119	831
741	742
886	58
878	111
687	895
669	257
88	319
518	106
428	312
499	97
833	430
376	197
486	137
731	202
494	329
592	762
109	986
654	735
533	228
276	346
766	494
268	70
429	288
927	552
828	730
703	864
460	127
690	763
646	1176
526	315
918	664
655	875
833	824
256	31
665	419
569	281
7	655
810	878
479	180
766	504
636	106
256	218
938	106
796	487
666	66
601	294
22	211
503	275
707	486
776	670
280	2
13	82
901	78
543	187
592	307
896	658
437	87
598	269
665	748
804	235
91	501
606	729
588	658
607	174
218	591
456	474
756	289
393	291
378	780
911	584
292	96
311	186
833	161
69	7
601	1047
412	408
387	109
721	880
808	875
659	144
655	1233
702	294
23	151
682	75
833	665
307	419
249	135
535	1124
535	454
456	1240
497	780
712	1036
551	168
457	252
346	159
620	100
854	175
621	82
919	715
884	381
271	47
372	447
773	855
654	588
751	1
363	603
883	882
56	408
830	613
141	284
899	79
182	1
25	204
650	742
372	100
693	186
551	69
402	529
426	605
582	288
825	258
472	426
416	754
414	886
882	616
85	521
524	546
637	148
234	606
335	305
429	806
897	202
798	1043
887	845
482	321
385	455
655	1600
290	64
717	130
661	749
606	183
798	208
2	269
94	559
276	475
405	1073
521	271
346	1231
1	223
11	121
617	1021
655	903
158	471
585	923
616	299
345	58
878	482
747	152
586	385
619	300
717	472
249	209
697	683
200	63
769	411
782	1405
671	177
149	286
826	665
653	211
400	313
42	591
174	238
682	420
708	294
308	143
616	301
305	91
839	7
702	229
347	1011
21	262
605	301
818	751
232	475
296	285
659	469
667	435
70	91
566	230
276	354
839	129
326	194
49	200
774	218
823	1067
535	1396
881	181
632	622
536	174
308	510
831	749
514	531
717	289
846	1451
758	922
938	50
782	937
478	843
537	429
711	79
638	455
931	744
109	250
642	165
650	849
805	96
442	172
66	405
472	183
543	14
360	744
524	1126
249	117
679	531
313	153
869	287
447	22
561	671
908	479
590	285
647	402
788	164
132	12
479	168
918	495
75	294
68	1089
650	715
352	273
896	12
751	117
773	509
492	137
450	498
751	85
592	1085
592	20
320	1215
502	261
477	724
46	100
731	481
638	228
62	241
13	884
933	82
927	79
11	196
316	427
786	404
868	64
749	25
846	569
671	265
928	246
330	993
14	288
886	589
904	421
668	210
424	690
881	185
292	665
833	761
59	507
234	608
708	981
577	399
774	196
733	287
744	23
521	17
633	939
788	4
880	64
731	170
291	1305
92	980
581	1353
940	285
758	802
796	367
187	435
488	286
755	538
201	269
455	204
454	174
645	640
615	517
259	179
18	474
936	815
128	497
41	196
617	565
847	290
862	69
615	736
405	860
664	484
682	231
463	103
407	712
134	316
181	1323
745	302
181	743
840	525
707	163
927	56
274	300
806	1071
802	452
557	307
682	756
682	559
536	141
934	237
276	187
916	425
24	176
899	568
119	168
846	69
537	682
452	294
940	271
903	582
686	480
201	458
847	176
693	215
345	258
1	135
864	1135
279	1088
561	890
747	875
343	466
911	204
455	529
327	23
624	1012
484	472
102	612
655	514
409	430
690	211
916	790
582	294
418	328
346	175
344	137
77	201
94	196
751	28
559	398
472	715
573	127
659	173
748	8
632	233
792	118
437	248
625	522
328	133
903	100
862	188
599	1014
449	459
493	411
896	31
119	710
869	515
798	220
385	479
855	165
191	750
659	177
537	434
573	174
725	111
869	294
256	288
436	723
653	573
818	258
62	210
892	648
405	1584
892	196
711	923
303	222
664	708
179	300
943	765
629	22
538	188
537	1404
489	538
868	239
7	507
893	358
865	685
659	345
472	1047
181	1335
151	473
894	1658
625	515
49	640
520	1028
659	131
709	187
614	546
375	288
638	523
577	143
65	25
896	880
308	17
862	7
621	79
826	96
703	288
621	401
152	1136
344	1137
303	847
450	1286
597	1016
727	779
792	508
416	1020
130	739
312	490
301	218
532	990
424	286
707	238
782	1528
902	989
476	435
712	215
567	604
118	513
279	372
443	358
85	1121
197	172
569	13
234	956
540	25
399	100
521	99
923	168
822	235
504	357
463	866
253	490
460	312
210	290
183	181
379	174
437	402
327	1073
787	749
178	174
334	50
279	124
268	144
836	288
469	152
454	111
889	881
501	181
417	288
923	628
648	215
373	194
416	79
840	582
661	172
654	455
814	559
716	949
545	258
919	742
291	833
894	345
868	24
7	601
286	629
532	831
898	748
118	171
275	181
934	86
170	687
417	433
94	509
57	472
118	188
774	412
537	573
527	285
864	136
896	15
894	887
749	496
886	550
705	265
666	429
158	227
372	1212
202	423
342	866
417	484
23	132
698	490
693	98
757	638
268	940
491	124
511	887
524	469
709	288
393	392
60	609
279	379
943	399
279	137
514	582
185	258
447	174
621	50
5	409
484	176
474	124
577	410
2	310
825	455
537	1166
524	513
865	501
776	675
843	199
450	568
585	30
222	230
758	1098
943	443
437	99
177	421
542	475
537	210
198	462
119	287
713	311
798	418
291	223
500	611
917	591
533	237
798	472
500	815
765	25
623	181
617	531
711	137
279	152
537	653
802	234
514	118
535	71
772	258
458	474
234	445
503	97
425	156
527	143
826	1222
351	748
886	518
181	685
280	1114
126	690
255	826
158	1303
599	1095
790	926
551	284
41	430
851	748
514	215
782	1190
303	477
118	55
189	1404
569	325
708	1040
43	1054
699	298
942	258
500	469
766	168
643	419
934	657
630	117
892	68
481	216
676	344
301	4
856	690
466	327
14	124
843	422
168	276
865	929
508	222
645	367
805	417
655	111
5	427
457	664
577	179
236	275
145	821
655	301
721	324
897	174
880	928
435	596
429	172
881	11
636	258
798	732
184	596
7	649
23	79
145	1011
463	225
618	485
596	181
659	419
430	294
648	692
495	202
184	443
805	1033
554	595
451	990
643	187
450	521
881	434
13	833
782	1590
24	180
886	959
893	258
435	926
460	1
429	99
442	12
151	124
757	193
437	83
883	13
622	183
104	124
429	637
20	82
916	381
30	69
794	1
119	7
921	526
630	687
776	174
670	521
504	194
269	1074
533	191
931	290
383	1005
807	234
640	663
399	1219
908	423
638	227
350	136
405	469
658	960
455	716
867	603
659	451
483	68
354	433
569	16
690	649
373	24
838	22
660	96
526	875
601	419
405	1580
566	165
730	300
222	1188
840	127
868	432
642	1047
334	1014
551	67
711	496
901	1
846	558
450	689
457	769
592	534
768	222
587	688
429	1109
380	515
916	204
409	210
766	226
504	200
909	509
458	956
629	732
874	124
666	96
782	1302
541	265
1	195
892	173
804	193
645	673
645	521
276	358
790	42
10	484
426	133
773	720
60	30
339	217
224	715
456	673
499	463
671	472
940	294
537	290
922	432
931	300
881	217
333	520
875	183
848	166
95	1091
883	1074
726	763
181	290
506	430
755	689
450	312
486	302
189	255
52	277
635	323
804	380
758	168
606	491
271	69
655	98
933	367
646	908
253	732
343	283
435	751
673	292
721	125
405	400
291	566
805	47
622	109
496	33
109	1245
503	1475
699	325
495	90
255	564
536	275
650	444
368	441
145	1028
634	991
429	225
672	281
495	573
52	258
200	132
637	985
715	1217
212	268
514	1
406	1079
239	483
230	280
807	636
634	293
582	1033
506	404
393	1468
710	180
201	464
497	217
545	542
897	429
542	206
941	298
504	676
622	294
610	7
864	133
303	871
178	724
230	588
758	352
854	762
394	540
406	924
429	762
597	50
220	300
782	688
805	629
735	628
758	510
459	471
328	118
663	282
653	4
923	1
899	222
541	140
425	597
250	588
479	97
763	213
774	849
484	87
328	64
758	128
506	231
757	181
223	243
491	684
830	197
190	237
399	826
537	553
316	923
195	134
529	875
628	292
627	89
665	133
381	96
509	50
392	268
189	603
112	315
682	328
352	89
883	52
450	713
95	50
536	50
573	176
180	733
58	174
918	179
807	596
198	56
453	33
74	13
249	92
363	789
13	225
912	172
75	289
59	514
796	250
533	15
279	660
279	274
580	289
474	96
653	69
655	611
648	186
332	628
664	642
643	152
185	703
465	656
222	133
573	182
706	258
466	328
303	1073
821	476
648	194
393	357
286	931
417	102
500	246
694	448
911	183
347	187
487	541
450	87
867	652
478	658
870	490
601	9
314	1053
889	1139
138	487
452	79
321	32
650	152
543	480
751	484
429	282
716	265
315	137
276	397
193	1
73	246
894	281
682	932
459	295
749	125
442	447
433	60
543	110
642	959
655	1160
398	196
552	1051
322	303
378	49
56	794
881	528
749	977
13	795
833	578
430	56
463	539
901	864
541	1035
554	87
405	204
567	506
297	83
474	792
264	123
42	135
453	476
752	1105
455	230
864	328
158	294
561	258
846	1074
284	307
62	511
358	863
104	750
751	481
914	216
872	928
721	64
452	154
928	98
932	177
405	202
624	870
49	1069
859	1061
518	919
838	487
323	144
62	83
303	458
253	679
255	682
201	396
388	219
314	1311
566	529
432	475
31	1019
605	275
200	79
363	7
489	457
474	274
416	1132
312	486
592	815
488	405
807	271
158	367
338	490
897	89
749	172
550	1
374	185
495	154
796	707
574	328
921	760
365	269
911	588
798	828
939	220
749	204
709	97
345	117
668	269
758	689
301	758
502	879
854	250
551	274
654	302
938	473
689	250
682	959
127	222
557	327
113	222
911	209
336	3
432	109
642	1181
553	611
913	750
293	1421
913	164
474	282
618	197
423	307
539	269
730	328
919	1012
428	334
460	100
734	111
218	47
854	123
474	97
918	133
935	742
643	483
246	724
900	200
225	215
621	676
506	732
500	443
280	1217
757	546
537	875
206	683
537	319
805	748
699	1643
931	281
296	303
348	111
532	824
628	690
207	55
380	234
130	455
500	61
194	1411
662	246
893	815
663	182
406	638
669	898
368	292
663	473
85	654
405	200
501	127
936	50
880	365
654	418
486	678
537	186
840	511
328	1217
13	507
804	515
116	56
707	660
99	172
275	408
655	76
26	118
660	71
19	887
72	241
825	678
116	221
149	245
187	137
639	638
225	604
631	286
807	117
389	420
943	732
62	76
323	847
429	755
897	433
378	180
457	174
699	991
764	756
561	99
659	155
95	515
455	428
279	1206
534	370
542	179
729	683
345	65
200	451
193	153
552	515
303	128
699	828
805	1002
526	127
62	171
660	431
378	237
406	945
804	203
181	307
380	498
854	1
545	426
286	202
314	1048
246	219
42	71
399	79
707	485
539	69
537	190
707	527
405	58
865	117
278	258
536	648
606	7
665	274
657	258
432	150
145	1279
654	1048
504	71
334	127
697	895
339	1110
594	126
13	629
334	303
85	301
644	597
914	775
699	405
468	12
642	794
201	1422
463	936
764	173
881	651
540	121
907	978
591	393
894	381
449	122
537	661
523	50
796	5
669	205
326	657
420	288
586	735
758	77
342	216
863	342
267	89
26	683
908	172
727	228
182	15
763	73
116	50
64	520
472	50
533	297
593	126
913	173
592	521
109	476
291	413
685	875
298	588
417	163
593	8
532	353
693	230
894	276
593	692
898	258
894	237
793	979
847	7
648	665
695	882
56	229
393	172
767	481
131	269
766	402
462	322
655	475
615	475
798	63
833	186
474	288
92	182
757	144
389	181
23	59
555	244
176	268
774	429
786	191
650	180
468	952
911	506
412	172
621	183
153	322
321	419
31	1020
642	871
825	619
87	502
207	210
82	111
659	505
162	147
269	378
337	520
782	682
727	125
638	121
389	591
636	10
637	24
145	515
13	223
178	756
554	174
458	1335
933	7
825	1199
264	430
486	458
22	636
676	315
831	1119
408	539
214	191
894	1073
525	475
201	803
504	503
413	321
578	300
405	73
758	634
267	411
188	678
184	1121
416	775
119	132
334	239
934	492
675	223
880	421
492	242
429	223
682	940
198	652
24	655
693	1136
727	202
771	381
320	1052
893	410
479	71
760	65
532	52
514	257
452	1534
622	159
409	484
559	4
611	350
116	270
653	737
796	191
751	755
499	177
187	8
350	479
910	134
903	1
405	1139
85	23
354	19
484	9
495	228
601	1084
425	362
663	455
742	24
504	485
855	59
380	179
326	72
886	181
648	286
13	804
613	279
280	367
594	483
37	226
479	324
881	511
796	186
758	124
655	403
735	13
807	633
267	405
524	708
788	391
551	423
804	523
663	1059
13	38
13	474
564	281
313	748
796	1076
481	181
629	258
705	419
385	55
19	211
536	190
628	173
806	234
13	712
509	338
864	265
870	327
262	473
495	679
886	227
181	410
457	27
618	54
295	660
545	549
537	739
766	69
83	274
533	582
690	64
384	316
214	482
484	655
805	431
154	191
279	890
115	284
869	249
650	507
798	862
624	741
909	292
919	307
715	318
792	124
430	273
504	441
543	28
758	192
682	21
87	709
62	405
325	1149
887	410
379	9
477	739
655	945
846	398
200	169
5	368
790	144
222	941
454	237
707	1007
722	130
756	399
860	159
286	883
576	248
537	262
913	260
663	125
528	69
716	470
458	696
407	1044
769	1093
398	66
524	181
498	475
819	300
451	879
834	246
545	385
447	27
774	1090
158	39
894	1295
130	427
665	151
496	94
235	181
664	222
934	818
434	477
663	844
699	473
711	427
721	175
551	286
490	237
584	40
534	820
806	1016
616	343
592	55
497	416
551	211
843	452
349	285
167	137
83	298
659	431
478	381
880	28
434	148
848	517
747	91
487	99
700	73
738	343
257	86
85	813
931	258
934	554
385	650
870	732
880	1000
416	172
326	651
560	1008
606	69
500	448
778	239
60	70
541	622
25	929
633	110
454	173
449	1073
676	169
761	458
796	274
308	1118
426	641
805	323
334	185
137	405
922	631
838	124
693	333
698	625
899	282
815	65
642	1028
95	139
82	740
621	108
561	77
496	1401
124	174
585	1512
451	266
303	619
889	687
663	956
526	125
661	121
943	117
334	23
749	478
665	508
374	983
378	144
751	432
545	692
894	26
677	980
506	71
495	157
334	318
505	88
889	297
130	751
846	642
843	615
648	997
189	105
656	344
545	211
536	588
494	528
850	435
532	8
648	1258
577	595
627	470
193	487
336	1051
688	329
412	276
933	467
639	280
373	195
503	416
665	31
389	642
636	1
676	168
889	498
751	1140
450	525
288	134
600	518
843	7
537	988
405	441
637	300
134	328
569	7
682	1047
838	255
75	831
718	121
303	960
571	181
578	245
228	286
905	471
652	294
394	1484
319	332
401	188
342	873
835	708
344	1
889	514
429	42
863	346
655	215
416	319
407	168
442	350
179	1127
660	640
912	197
724	307
293	248
881	118
577	826
605	300
202	204
472	239
903	210
527	878
682	73
267	69
413	237
15	235
65	28
543	66
908	79
921	367
398	662
682	64
842	751
405	12
725	15
537	1085
592	281
900	1028
144	333
94	159
846	702
883	367
7	443
749	483
311	651
98	25
457	456
294	831
557	1176
705	377
177	1110
880	246
527	558
887	118
21	9
936	20
407	502
110	94
563	233
653	310
848	527
506	489
503	210
262	1013
867	655
782	680
747	900
933	452
514	58
919	1173
329	705
690	781
530	487
870	169
705	118
537	235
213	117
11	54
846	168
670	199
381	118
867	181
207	722
72	708
184	639
667	272
709	195
379	707
523	935
561	709
334	81
864	85
466	331
796	500
543	778
429	673
699	50
868	158
731	655
305	66
70	1146
210	174
291	655
727	96
709	1
643	210
655	731
788	511
360	257
648	112
109	425
843	71
90	1134
458	704
405	970
466	651
79	690
13	70
254	228
933	483
319	306
942	197
399	566
611	355
798	289
653	101
805	45
751	173
345	886
358	45
490	15
617	1019
664	705
484	29
432	864
456	710
222	508
553	520
722	147
815	529
738	183
405	102
913	184
883	549
782	243
465	180
399	56
556	479
463	690
60	275
714	1028
757	175
416	468
880	208
851	295
621	300
804	654
524	942
825	1015
642	233
846	699
880	23
181	1341
301	100
378	473
498	134
536	210
548	98
15	925
385	183
860	690
178	156
472	368
713	344
883	65
890	183
165	223
527	4
508	215
804	455
457	436
629	660
407	195
234	1170
286	658
76	343
551	118
284	539
846	228
85	1070
782	1296
794	150
417	1215
457	157
795	58
504	1041
460	242
145	930
715	22
270	1109
369	179
854	409
450	43
551	455
537	749
437	97
833	483
452	1255
454	356
620	1035
534	455
922	576
588	202
631	307
339	423
933	132
109	628
870	569
642	928
347	471
658	86
922	184
666	4
326	427
653	455
898	316
712	73
771	892
927	535
617	200
104	825
653	164
456	580
28	230
328	518
239	633
511	322
201	173
422	293
911	603
514	328
611	354
237	357
538	240
702	230
424	310
669	269
862	526
469	605
338	86
376	328
262	65
270	244
362	879
548	313
850	584
725	19
460	1380
378	1425
592	149
308	257
790	47
407	219
897	477
829	294
185	47
749	298
617	217
495	9
846	202
495	214
504	153
416	50
535	1170
793	9
760	98
395	300
650	673
11	28
933	654
457	628
450	77
709	808
831	877
699	544
638	161
632	161
699	9
653	571
420	493
58	171
724	1176
246	223
342	1057
896	483
675	896
22	17
782	250
416	746
524	472
595	546
495	132
92	65
457	96
49	270
265	245
782	1605
839	123
901	732
758	216
366	671
719	240
145	546
442	403
17	111
269	42
514	746
657	508
774	230
567	268
253	655
868	509
925	948
378	575
363	735
326	790
409	1346
498	663
889	56
279	425
622	934
771	949
435	640
665	135
779	195
498	607
378	531
774	550
661	631
864	159
406	121
712	196
667	168
841	322
499	486
10	654
429	168
492	275
924	276
936	678
387	528
381	99
650	671
49	209
716	196
269	403
727	87
718	982
70	684
816	323
296	898
734	83
515	307
110	569
878	59
514	587
497	167
886	100
330	496
447	231
618	462
450	1061
747	1631
1	29
864	95
269	318
457	172
749	826
542	790
504	1442
617	447
405	207
504	448
393	82
586	82
385	1121
666	31
470	319
671	583
244	946
844	255
922	94
660	175
586	240
684	49
200	91
454	732
703	7
455	250
22	290
224	147
779	255
640	22
504	5
429	80
405	1509
442	410
335	258
747	811
825	245
633	159
940	1167
653	572
568	301
586	265
943	194
506	705
89	724
89	731
870	182
323	186
56	161
664	481
711	732
459	300
407	71
897	609
498	754
843	569
312	488
648	226
816	264
32	7
497	805
601	82
535	286
199	1354
650	271
459	252
864	202
412	174
735	744
537	655
474	180
221	23
512	198
848	199
918	923
761	864
410	690
916	582
721	322
151	566
467	1017
715	121
881	580
274	628
715	235
665	56
238	301
633	498
551	470
890	451
429	281
318	58
480	298
401	11
551	763
828	902
788	748
210	684
64	693
398	28
399	238
552	619
806	258
428	313
757	125
719	289
271	747
606	241
399	80
535	608
457	720
10	185
728	100
534	477
517	873
593	1221
271	570
476	186
837	1049
279	156
630	1061
500	93
567	156
7	234
23	451
499	183
883	58
130	24
644	261
864	128
831	181
205	300
406	285
126	678
644	1610
916	11
705	849
926	325
556	132
804	1047
612	1063
916	188
654	153
312	185
451	302
437	710
902	257
759	756
627	941
491	1281
334	1198
930	709
533	1033
897	928
654	508
521	1240
373	166
896	379
451	245
399	301
90	905
896	1522
790	153
246	210
389	50
303	204
106	647
655	1070
130	373
533	100
667	98
468	699
428	326
910	125
659	69
664	183
942	172
497	197
640	38
5	204
451	995
429	510
587	880
181	826
616	307
806	161
919	202
425	491
406	122
240	340
651	995
180	191
881	23
686	98
11	580
264	774
881	143
637	285
880	423
887	22
109	81
130	121
4	328
897	496
91	603
537	482
795	79
81	591
916	79
653	188
898	334
660	249
608	483
711	365
89	451
519	350
486	595
869	276
70	181
811	690
468	321
854	191
827	258
392	294
606	186
233	432
508	174
807	102
760	631
145	869
49	301
313	89
731	28
442	928
269	448
455	292
479	498
748	132
847	411
343	175
883	304
497	118
262	234
479	283
189	532
923	100
236	435
627	949
308	367
22	109
269	508
450	225
317	264
736	533
708	764
380	423
934	584
716	499
545	541
293	531
249	1073
457	401
221	470
417	265
518	829
632	79
694	530
221	273
686	208
234	642
299	480
495	479
194	498
533	174
823	83
493	262
798	365
567	525
654	558
402	286
561	218
468	692
804	127
907	393
627	182
738	88
790	265
624	288
694	194
799	654
276	88
495	79
674	1
308	69
585	1323
409	511
653	366
110	12
751	736
748	188
924	196
567	303
634	845
933	238
13	762
388	100
715	79
683	887
39	313
796	326
805	719
868	658
457	203
457	100
930	174
728	742
498	53
767	100
117	173
924	2
459	289
880	541
771	237
13	893
104	628
631	289
903	333
451	259
525	1014
617	313
291	282
611	344
177	50
378	727
747	211
94	127
452	947
429	118
187	428
407	286
524	518
885	167
653	186
21	989
593	846
758	1022
396	742
784	260
416	447
544	310
264	235
478	762
882	288
130	272
500	202
738	527
284	900
454	132
870	79
62	238
175	195
347	371
893	290
798	210
844	24
405	402
655	1265
380	340
665	248
932	648
659	252
630	756
405	806
854	1197
763	70
416	443
58	11
642	58
125	364
7	672
695	358
622	363
776	485
922	276
374	1048
882	99
913	200
82	112
655	461
913	169
567	79
532	769
445	50
639	88
399	511
303	780
628	288
642	135
442	988
798	692
922	95
883	531
894	1115
363	222
902	328
919	245
276	89
634	1009
843	56
773	357
790	716
569	257
500	827
602	678
407	173
844	921
876	276
104	255
522	79
429	432
605	526
748	210
81	150
803	245
746	1
892	63
40	272
882	559
151	528
503	248
897	566
85	924
409	357
611	886
524	751
849	143
411	208
733	148
435	179
316	183
524	660
676	687
158	125
625	165
491	116
914	313
465	835
409	318
422	515
595	763
853	690
791	294
767	1
253	1468
445	595
467	298
916	211
627	405
749	295
885	386
540	13
611	300
234	1449
786	423
604	201
416	259
660	380
871	331
406	183
26	1013
136	15
618	143
474	209
773	218
130	864
435	56
318	941
844	260
686	11
213	258
395	216
574	315
158	798
561	447
119	1034
819	246
633	97
936	1202
846	231
90	990
880	140
925	672
463	283
125	95
389	654
543	855
186	306
897	181
617	672
469	483
796	356
457	181
738	496
922	219
559	153
515	340
378	796
455	183
387	319
224	97
787	1671
13	531
675	258
650	1149
745	79
639	584
916	69
417	413
419	28
698	613
887	122
351	882
601	71
757	1240
508	514
845	268
865	100
867	22
498	269
481	663
305	863
313	331
287	168
665	417
682	300
379	684
891	756
542	625
26	840
828	547
835	505
889	819
385	384
666	443
293	273
268	597
705	22
405	1112
527	59
709	363
693	509
204	288
653	628
115	282
174	716
21	53
468	603
881	1057
889	1103
416	1051
872	815
430	50
436	168
562	1
927	395
425	343
940	209
393	625
917	328
798	403
846	195
895	748
343	10
788	188
610	294
276	1019
417	515
234	504
788	614
477	66
416	480
391	511
854	1283
508	211
393	404
882	69
511	895
537	494
474	385
848	172
287	222
870	1008
537	972
178	1119
862	50
616	895
659	670
117	743
875	98
378	732
506	186
262	567
940	4
752	327
911	168
416	1053
474	9
472	68
846	1044
648	569
184	488
916	7
474	483
872	121
387	188
552	288
568	56
361	1103
593	220
119	257
489	1265
554	1284
494	181
508	109
880	44
500	255
717	324
201	118
13	491
756	367
943	38
201	737
201	588
266	245
634	1047
377	689
78	288
932	30
119	301
545	257
213	164
906	117
653	1023
782	936
741	781
860	286
682	362
406	526
899	515
435	961
279	969
670	83
372	452
683	513
780	433
749	616
279	12
665	472
321	116
870	1267
934	131
449	127
804	820
506	654
897	140
441	405
435	637
551	272
584	50
582	3
347	405
805	145
794	127
699	495
270	242
637	283
848	403
373	153
521	222
650	239
593	631
398	174
467	100
494	294
109	763
682	399
532	98
655	766
269	445
551	746
311	218
892	418
472	24
883	896
655	5
450	227
501	411
606	176
828	652
782	324
882	929
52	527
299	259
311	276
698	751
487	790
919	1278
919	367
796	443
882	471
759	281
741	82
566	265
21	438
44	520
391	174
682	88
766	630
543	70
270	219
42	369
271	9
445	742
532	1217
437	180
26	1014
626	681
432	322
314	12
600	947
776	564
606	427
269	778
334	305
334	134
486	294
737	427
798	660
92	204
742	546
90	211
7	463
234	116
474	497
551	172
537	181
551	1304
385	217
782	245
452	66
234	317
30	242
896	182
280	68
693	161
268	234
517	311
850	494
92	743
886	693
705	684
406	461
146	301
193	246
927	775
450	519
561	154
693	210
339	69
921	125
393	270
607	19
708	687
363	774
505	1
701	255
916	421
864	29
642	579
503	54
682	627
437	133
177	340
580	121
648	615
504	452
927	288
892	633
472	834
355	689
790	427
881	120
291	685
112	888
773	522
666	651
57	930
755	286
244	732
854	134
20	423
308	8
758	1501
456	222
897	151
22	526
429	98
645	653
13	750
846	233
450	385
144	1028
618	506
592	28
840	443
7	597
521	526
539	1211
796	810
567	523
240	353
13	164
537	305
479	408
291	508
814	56
763	1101
934	172
244	746
826	229
11	692
506	580
774	161
486	147
868	1509
321	705
922	371
598	751
194	1408
380	168
936	1368
254	78
399	156
450	286
118	558
315	271
478	48
363	431
748	710
843	831
733	762
943	385
406	1197
191	891
448	288
336	275
871	17
396	471
844	50
919	323
682	729
271	193
543	656
321	611
862	181
883	88
84	486
267	742
348	409
49	283
466	182
796	197
916	1428
687	264
841	873
85	87
900	117
716	504
271	466
629	275
561	11
805	396
798	172
574	245
890	185
616	362
151	491
936	1079
446	688
472	95
664	732
655	176
746	183
618	66
631	346
339	403
327	83
405	1063
489	689
671	233
153	187
911	419
301	68
234	22
59	1115
452	124
848	430
334	423
592	50
599	220
474	59
474	652
528	239
320	769
275	210
755	271
44	307
682	820
886	1267
705	298
301	685
495	233
626	266
916	356
18	187
334	221
365	125
802	185
435	204
527	70
90	127
254	172
500	371
877	111
295	43
481	144
704	152
387	746
561	433
495	200
620	740
643	928
886	803
587	269
894	323
907	748
833	195
878	283
853	340
539	22
889	322
745	20
497	141
877	170
647	213
209	276
73	135
754	9
870	603
459	926
727	167
267	127
717	117
336	732
536	568
222	1336
442	780
715	254
488	514
244	1109
13	233
908	631
451	332
536	724
751	597
786	181
176	129
409	174
816	343
592	269
773	24
466	210
354	286
881	812
457	412
806	3
549	1
374	975
800	125
399	180
561	1018
401	280
437	91
87	50
2	293
639	511
929	136
409	156
116	1258
180	53
533	281
805	179
930	535
500	59
437	288
936	1190
497	73
622	28
452	654
621	8
528	748
569	121
727	491
562	218
338	479
423	750
627	53
666	432
13	209
421	185
926	322
160	276
389	371
690	629
174	31
808	264
747	188
11	42
43	226
497	452
18	434
340	662
450	178
81	1047
798	415
575	194
567	647
333	168
831	313
488	173
353	905
894	295
712	51
641	1039
217	79
405	747
632	131
661	191
791	304
363	760
887	142
883	566
889	60
585	740
763	518
655	629
59	1074
299	1006
5	239
741	239
833	1016
290	419
249	480
537	26
161	257
500	370
249	1167
417	451
503	137
221	210
794	257
387	147
941	15
829	845
445	118
851	681
916	475
109	282
287	121
704	492
154	919
473	1143
710	56
870	202
551	1267
92	199
537	87
493	1126
283	866
95	199
764	591
486	935
502	300
537	468
391	322
653	117
833	452
917	246
845	1238
927	274
125	751
666	89
343	531
758	342
782	880
532	492
250	629
873	328
455	79
223	930
11	386
650	265
633	322
815	380
757	1016
459	969
843	191
942	480
798	132
387	79
751	323
334	855
773	1018
537	1006
18	614
43	211
653	28
580	147
500	276
104	268
916	33
385	318
58	191
275	99
896	77
627	157
298	742
862	603
110	1182
356	307
711	186
701	272
417	392
660	120
880	876
343	408
881	291
450	192
712	432
774	402
943	76
896	1221
497	99
360	193
828	1646
874	306
741	38
334	20
789	284
255	895
903	1067
189	525
268	384
374	1094
789	111
591	787
430	264
217	33
100	347
774	168
350	195
201	455
712	202
747	1041
643	508
315	25
881	620
713	342
901	22
882	203
699	619
510	876
705	226
398	153
756	230
593	173
916	959
661	97
848	89
804	99
264	156
207	712
532	70
11	654
554	717
823	204
357	760
660	29
239	514
314	1291
152	69
320	147
654	591
618	97
637	744
489	873
96	187
848	661
207	242
144	242
179	288
640	174
407	72
883	989
886	388
776	28
474	523
456	97
307	505
790	284
16	684
827	313
901	194
833	53
123	182
50	327
271	651
128	942
435	1074
627	258
360	582
552	1048
782	1385
624	242
460	146
670	419
487	823
435	39
407	569
798	62
896	398
655	258
730	535
379	709
882	15
907	290
682	185
234	970
867	1
574	345
559	502
882	216
2	25
749	418
798	321
498	1083
636	740
761	263
711	315
690	202
342	249
774	8
617	653
766	705
532	655
655	150
330	151
10	701
435	929
403	148
709	431
774	235
724	690
483	743
181	1034
809	748
749	484
659	1267
650	447
593	747
380	109
860	245
326	44
307	28
851	915
454	153
485	752
303	97
567	302
828	971
10	238
498	137
374	846
913	60
122	1119
618	660
848	474
621	1118
336	1079
655	298
632	159
911	203
882	258
65	87
826	309
671	210
805	22
469	474
748	498
896	1248
796	23
135	5
654	222
176	237
354	137
3	338
53	1087
919	95
707	256
463	689
750	271
717	280
666	288
488	210
774	233
854	1011
619	39
392	257
648	763
896	143
655	525
450	336
835	131
311	210
593	111
434	546
308	962
492	45
938	410
833	208
887	409
435	578
930	705
92	408
863	348
900	618
457	433
846	139
92	558
825	1034
523	257
771	768
748	135
914	739
686	204
320	2
23	530
299	72
425	55
766	498
543	9
234	492
368	573
405	1101
804	358
645	956
606	405
435	229
189	485
848	654
396	619
844	83
749	231
243	724
450	12
464	16
1	257
807	206
606	108
907	120
455	334
940	116
844	184
916	948
269	783
627	276
421	82
405	428
697	287
110	642
939	680
716	69
674	111
313	58
338	427
805	382
396	117
122	83
18	549
556	427
506	79
378	55
747	44
648	23
234	1203
276	572
71	514
454	632
916	98
650	898
782	351
594	319
509	307
492	1021
354	528
413	326
459	105
758	748
766	662
843	158
942	124
514	393
773	191
934	99
243	215
711	720
695	354
487	794
271	462
756	92
488	183
416	708
537	7
870	55
748	227
429	936
514	430
87	578
699	319
184	183
160	770
897	281
383	357
603	294
60	128
121	546
416	289
379	372
429	378
207	597
551	43
11	699
95	649
834	268
618	924
452	285
166	286
655	717
592	125
454	1269
83	591
234	307
339	151
216	280
458	521
938	405
176	246
299	165
883	86
7	152
524	931
256	222
660	21
848	971
889	919
624	477
455	435
1	93
727	108
561	451
733	14
887	65
831	96
697	689
766	481
886	89
222	367
338	83
833	233
654	300
606	157
392	705
154	874
327	856
430	302
489	332
630	832
331	302
894	116
585	713
683	327
307	739
577	1517
806	180
538	137
245	133
633	237
234	133
557	262
804	218
452	286
479	566
711	52
362	350
373	69
697	122
673	528
276	123
497	625
429	39
658	70
320	808
65	476
639	516
152	8
638	504
601	125
534	591
867	207
379	428
497	433
825	1047
303	64
796	732
567	318
58	1070
237	286
846	747
548	277
654	195
224	1401
392	344
416	966
159	588
504	719
642	208
90	661
221	695
704	209
846	562
748	228
354	20
100	1235
437	265
504	155
787	1433
622	227
774	537
378	83
704	98
782	310
141	127
896	46
458	753
863	1243
450	951
788	520
551	58
692	300
524	482
346	141
795	120
447	469
532	197
896	217
472	69
579	288
469	641
588	100
937	255
663	127
838	168
727	447
537	1111
932	550
395	288
387	7
7	187
726	409
346	215
614	405
11	508
454	279
815	91
711	475
864	189
880	56
405	420
623	692
365	319
276	473
893	724
280	725
487	239
194	238
308	642
161	132
757	230
407	1
296	111
352	12
759	294
318	381
276	50
871	1197
489	326
579	331
903	105
276	696
901	88
276	274
557	875
655	874
277	925
286	1375
417	809
401	684
842	344
314	150
234	381
454	414
497	22
697	305
559	167
222	418
483	462
189	423
159	274
92	56
551	578
58	354
792	363
144	59
686	467
826	578
893	144
327	1101
373	432
1	87
545	271
872	597
697	225
746	22
268	13
345	639
727	168
601	21
126	333
535	129
507	748
919	4
711	8
687	300
660	515
106	566
889	89
665	214
871	22
915	750
532	1119
53	628
505	117
162	294
183	739
158	745
90	519
764	252
305	12
458	603
387	209
454	485
535	162
561	780
880	476
846	110
339	197
227	273
882	82
334	179
897	182
222	208
536	183
905	258
472	173
362	321
304	895
335	340
566	521
637	111
5	412
942	604
280	173
707	286
847	663
823	742
569	19
63	14
327	108
629	100
837	220
774	774
308	637
453	186
886	178
343	223
393	68
634	117
603	273
486	742
18	414
655	64
454	1089
308	657
503	69
469	286
766	357
805	118
256	11
894	961
885	588
727	206
932	470
201	705
7	575
893	476
881	412
577	54
60	483
387	239
655	1638
717	628
486	50
796	89
515	328
551	38
790	131
391	31
749	402
918	204
774	840
299	396
696	285
312	463
633	117
486	303
621	72
907	83
619	720
711	213
159	118
537	48
790	116
596	295
922	403
346	597
707	160
62	170
524	488
774	573
577	866
270	90
198	117
479	127
370	222
854	203
710	656
654	265
577	1
782	271
472	79
799	1545
907	181
940	474
454	196
416	80
495	797
709	230
409	98
823	721
881	134
484	94
373	162
326	232
693	258
579	210
443	269
545	328
751	537
823	31
82	1
453	25
357	1034
624	866
793	298
537	675
796	871
878	8
498	190
372	201
916	298
533	103
711	215
665	237
763	588
96	238
650	227
650	177
62	134
593	181
894	744
916	209
865	743
374	1001
865	627
713	300
916	265
62	13
500	10
543	62
631	873
761	291
659	609
402	42
643	173
864	217
452	199
817	363
488	185
423	276
881	106
555	111
867	203
267	206
200	243
145	343
130	816
627	518
928	187
754	118
741	732
716	56
92	758
804	155
605	597
761	988
537	459
141	298
200	429
647	231
790	403
254	415
892	679
270	815
99	173
364	286
643	69
342	298
826	1231
313	133
542	393
503	199
303	116
293	638
43	354
901	118
735	181
198	403
397	475
821	118
410	311
234	525
796	485
901	142
178	62
593	385
492	86
917	150
319	346
864	603
643	28
575	294
682	23
535	97
566	78
449	742
763	98
13	445
796	182
232	655
804	616
417	498
385	250
336	1
815	427
667	482
485	302
620	419
690	1
866	347
524	1456
642	384
450	427
311	511
436	200
598	259
214	209
864	1303
904	278
141	15
773	809
645	959
409	326
343	86
397	195
85	423
537	349
145	926
488	520
524	118
293	150
407	483
880	1446
371	449
931	100
14	473
708	628
271	566
371	42
914	1259
232	4
892	755
500	98
917	740
582	258
280	619
404	739
714	252
694	490
916	132
894	736
411	210
387	357
709	22
130	820
327	715
825	928
505	7
679	223
618	275
493	96
532	1162
13	473
705	1035
734	423
534	240
851	64
882	407
429	293
168	121
768	682
537	10
912	443
758	652
908	12
417	325
747	735
758	508
271	196
501	456
904	724
515	1399
548	603
682	98
515	1430
237	525
450	775
447	286
455	58
880	39
707	865
427	990
482	328
637	323
433	358
409	478
639	269
917	751
417	940
805	1170
239	434
708	926
435	687
716	842
500	845
830	732
639	194
365	476
670	485
90	126
894	100
935	864
896	470
577	216
573	632
717	288
334	549
474	238
396	597
532	305
916	655
514	429
916	90
570	748
294	295
669	150
6	461
328	300
63	828
328	51
804	23
806	181
887	1033
456	98
690	210
22	566
846	463
504	50
805	343
836	523
435	288
456	133
588	21
840	202
496	420
44	99
925	333
352	302
815	419
830	739
123	479
291	153
534	325
94	750
892	576
889	279
757	153
449	1318
736	748
47	874
378	1438
880	53
751	202
807	566
752	909
7	609
840	134
749	151
877	203
504	174
642	843
534	628
537	20
393	206
671	17
239	507
595	508
766	739
334	529
870	684
94	1225
626	268
751	490
85	174
474	836
455	402
168	126
13	586
868	783
937	126
374	466
751	347
790	386
743	302
389	384
590	287
313	216
287	313
329	194
269	707
222	80
459	282
840	705
507	269
627	176
806	1074
272	23
777	202
312	589
693	664
777	818
328	692
860	333
203	748
109	527
867	211
158	546
566	207
622	207
100	892
363	854
697	979
453	628
581	224
933	88
660	1133
60	141
800	25
786	199
40	876
857	14
885	135
530	275
528	588
407	4
544	270
579	153
887	832
727	211
545	177
296	1007
877	463
764	318
373	265
86	338
940	315
851	303
318	161
878	317
694	237
911	197
313	654
532	248
666	494
806	237
538	385
592	345
594	515
738	91
173	881
808	325
514	150
798	756
479	831
542	772
527	423
577	405
181	884
784	303
343	169
145	235
738	216
318	1063
907	1244
109	358
655	1501
882	294
7	571
758	977
2	255
741	228
417	111
749	234
216	58
618	82
491	475
833	4
395	89
659	496
177	127
145	11
805	38
112	333
597	1
489	991
510	261
841	258
52	282
697	244
291	11
201	702
471	969
281	288
916	781
344	96
119	11
102	269
854	237
288	880
653	15
94	746
537	568
314	761
239	652
42	132
877	382
506	516
846	92
781	172
826	511
85	205
249	1
606	129
174	1311
314	53
561	427
405	1334
831	83
253	331
537	392
936	282
764	472
181	1173
707	387
524	197
363	273
181	828
342	727
764	356
848	200
545	395
406	154
102	409
880	68
663	1327
189	178
146	331
445	460
622	472
931	333
706	25
221	240
682	1045
796	949
846	22
805	144
438	619
435	732
239	634
922	215
606	235
592	4
399	288
822	1091
821	237
777	117
919	462
693	11
625	258
721	455
87	128
650	194
763	191
463	257
927	195
246	66
385	132
776	441
488	245
295	720
561	98
334	1313
788	328
271	98
807	1413
438	281
694	300
109	1210
394	780
130	501
816	288
332	79
686	127
217	1034
218	42
804	748
55	117
222	826
787	331
145	800
437	229
613	318
128	132
26	274
492	1121
374	174
828	985
738	257
870	521
925	217
294	1089
543	114
187	241
173	245
535	628
536	1140
843	657
450	729
756	1074
567	673
354	1063
385	1154
940	657
531	905
452	472
243	116
425	269
21	17
457	959
782	270
790	226
374	1134
460	124
512	23
518	14
406	1073
942	689
716	215
896	549
455	694
717	258
586	176
96	200
871	56
458	190
554	204
566	462
577	298
144	455
842	270
472	755
408	300
222	476
6	522
151	31
287	652
655	979
406	136
346	273
567	507
603	748
561	72
817	294
923	325
498	12
747	1021
121	83
645	469
865	405
766	229
805	452
738	528
268	176
57	820
416	1048
907	71
130	181
412	23
928	876
856	328
459	332
373	238
923	222
854	23
479	197
605	531
840	8
560	1021
921	82
588	578
286	301
935	685
101	831
551	864
786	95
622	1149
453	215
191	331
934	674
429	584
684	409
96	56
922	258
343	715
551	570
537	517
326	94
291	550
134	326
337	636
554	21
642	140
398	414
399	153
712	510
663	183
435	412
664	516
246	178
829	408
453	223
380	151
499	56
889	869
280	112
705	50
903	106
83	71
548	1014
696	305
189	180
435	90
432	7
465	395
899	546
567	511
279	728
405	621
642	723
184	127
569	295
909	326
457	162
543	303
803	688
651	276
752	310
253	192
286	386
184	402
630	476
198	6
940	471
655	447
846	794
919	12
655	954
184	192
902	295
526	147
416	248
739	98
605	121
843	627
329	197
770	410
932	211
13	311
95	8
279	1321
796	821
406	693
492	186
655	469
92	174
324	875
682	1107
612	118
778	226
715	273
919	28
706	687
916	541
59	216
121	595
747	1015
251	300
56	28
87	414
314	542
911	313
130	450
644	276
13	143
316	633
497	569
648	188
727	378
479	670
587	892
779	15
437	23
389	471
738	231
730	268
78	327
194	265
882	193
764	95
396	974
537	315
413	257
655	433
883	222
230	418
679	153
299	7
293	291
332	983
455	82
761	237
532	315
619	808
554	56
393	1039
854	7
125	508
49	4
173	874
7	39
854	421
537	678
334	506
798	1102
11	427
213	942
276	201
198	128
483	12
851	680
684	161
934	855
175	111
589	995
514	283
834	269
889	117
414	11
731	434
660	307
129	903
524	479
117	475
629	196
214	175
840	172
336	746
435	411
184	1
409	45
603	228
537	127
932	1558
655	143
269	518
838	121
561	748
15	927
474	92
548	591
786	216
506	523
130	79
397	12
682	5
417	358
455	126
504	214
382	482
562	443
474	1063
798	1076
430	98
862	748
921	111
198	707
417	20
301	465
393	922
846	172
23	479
497	1157
844	109
627	947
506	525
59	416
271	173
256	234
913	419
64	81
541	378
524	95
116	310
267	218
642	398
491	900
450	704
334	150
774	62
833	923
835	354
899	98
933	583
659	648
405	175
339	515
592	71
452	625
381	1098
608	132
479	1444
851	483
756	9
451	327
527	433
201	171
447	1009
579	1
223	864
881	755
788	291
398	502
467	273
464	520
417	1139
214	181
194	674
565	512
303	121
881	103
864	4
532	143
834	287
660	710
671	576
363	180
405	855
280	245
322	513
339	383
660	1135
834	316
369	751
272	604
457	14
380	270
675	463
806	240
184	97
666	1170
899	471
417	679
193	476
892	288
297	100
807	526
846	91
22	405
496	443
178	511
543	735
747	202
116	297
76	223
389	87
787	691
11	745
803	271
588	561
326	38
804	33
648	1176
461	313
862	505
751	917
590	515
323	11
635	688
823	124
724	750
405	36
269	825
847	763
592	172
807	2
399	413
533	236
497	144
303	83
592	900
59	60
526	277
881	568
473	127
405	509
253	328
303	271
11	434
887	365
123	288
855	512
897	232
308	653
778	54
347	455
239	647
60	603
627	651
823	478
840	607
378	95
829	212
417	264
468	15
486	889
296	294
294	1014
805	8
92	922
764	946
618	1071
54	1
933	80
780	887
669	340
629	42
551	183
631	682
562	5
381	566
49	80
766	672
555	117
760	237
788	187
180	735
151	286
552	126
543	562
496	136
693	684
576	237
472	33
524	712
859	763
879	127
921	1016
216	508
830	99
777	521
727	363
44	98
868	136
111	311
210	423
528	505
106	12
202	179
102	384
819	345
639	57
606	191
484	879
372	332
148	175
311	127
890	187
267	195
130	746
811	308
738	186
775	343
241	286
674	25
13	441
524	429
533	367
608	865
59	284
870	1230
347	245
906	307
425	32
416	276
269	673
253	121
665	100
488	96
57	748
311	796
491	127
641	497
23	211
185	690
462	261
154	174
454	604
733	322
95	566
847	444
116	515
489	294
189	647
85	231
854	1047
201	7
588	419
937	515
615	529
665	92
392	488
643	1074
450	233
416	323
120	258
798	97
606	55
463	472
791	289
650	631
450	637
224	221
893	771
524	583
566	136
84	274
650	209
457	367
927	426
405	969
429	1014
267	233
661	514
302	301
892	238
608	126
184	640
459	596
536	181
487	25
917	287
908	264
521	238
222	540
465	64
188	742
7	427
484	227
501	111
570	243
505	193
255	829
301	404
192	289
527	135
727	90
82	7
276	143
826	554
59	610
201	590
699	880
486	544
145	242
732	938
720	321
843	444
486	936
689	475
381	196
402	483
311	570
111	286
59	357
403	291
468	772
102	548
387	1187
339	176
938	596
406	453
332	234
854	98
496	699
21	993
189	1401
864	402
473	285
667	880
234	223
450	1446
416	1041
805	202
489	875
476	1118
144	70
506	147
919	877
493	974
854	283
881	1540
846	566
433	333
927	121
764	117
582	948
642	366
7	367
452	504
877	286
326	229
470	100
456	211
758	471
898	347
486	1610
423	508
454	649
303	215
654	568
768	895
478	195
591	451
621	578
328	685
652	395
790	687
721	937
527	181
577	579
151	610
342	535
457	1221
840	238
484	451
716	505
897	506
810	288
653	233
479	235
564	831
370	64
558	275
56	233
410	754
930	244
374	222
802	219
363	423
3	326
896	318
562	636
109	452
658	98
159	126
474	657
942	357
896	952
851	339
330	135
16	939
852	546
341	682
886	153
301	117
632	228
189	516
498	512
151	559
122	190
680	143
384	289
267	364
416	918
795	257
401	202
92	235
592	531
561	1119
486	1011
174	451
417	109
740	1038
561	40
486	333
542	99
330	69
94	53
224	284
324	273
880	570
426	655
561	302
367	561
755	304
868	80
188	97
622	15
346	56
697	754
524	23
747	156
881	1411
291	325
206	1395
416	203
934	1203
505	164
578	268
505	748
387	1018
184	378
324	846
627	300
554	151
313	118
62	15
552	250
881	375
500	181
325	172
716	1
919	1197
903	461
931	546
449	410
402	258
717	455
625	678
896	20
276	173
566	485
435	752
334	712
554	222
805	200
23	202
318	265
610	288
275	419
456	559
297	117
158	208
200	679
398	432
773	170
556	318
806	156
939	121
864	174
416	1286
535	382
568	462
395	240
901	15
354	516
41	202
537	72
387	246
592	969
642	1037
586	29
737	137
880	233
781	187
653	282
181	259
184	301
569	1284
804	328
271	845
485	245
397	751
497	325
653	1035
152	371
758	684
846	97
648	38
243	477
670	650
398	663
809	315
13	224
913	12
417	49
566	403
883	8
97	100
286	90
450	47
936	866
774	72
331	234
60	265
531	338
183	380
405	947
883	523
869	282
676	895
151	277
682	29
796	249
48	56
817	124
869	1061
722	307
614	100
548	347
351	288
145	988
731	606
823	8
594	357
846	630
839	333
667	427
328	302
452	516
92	1211
308	1121
468	248
299	10
535	86
393	693
630	323
690	663
771	95
514	173
885	596
443	340
145	269
725	358
298	58
698	656
201	182
788	121
650	597
486	713
933	679
82	546
640	428
299	634
865	744
305	751
746	403
887	929
506	216
749	419
751	238
676	352
117	156
212	199
484	222
346	259
897	208
144	1101
896	824
423	339
412	208
535	190
588	417
901	168
478	433
715	376
523	476
276	334
912	143
437	1075
552	181
551	17
766	1203
655	451
10	482
680	273
872	1284
506	356
741	423
654	216
457	747
405	1551
533	48
227	1007
577	735
545	1091
257	269
853	259
749	133
855	529
655	182
660	357
655	31
450	133
169	213
719	87
41	156
342	137
311	755
279	922
26	282
788	286
475	313
490	289
666	357
385	134
244	50
311	194
589	678
336	186
267	144
933	50
807	1483
543	660
654	318
617	582
569	756
230	82
916	203
308	135
847	567
716	173
169	211
440	1504
741	218
97	172
361	90
622	1078
361	319
305	793
682	333
336	393
916	1
782	1007
764	289
116	539
122	513
271	216
458	742
676	508
387	475
497	578
387	551
885	953
537	213
894	324
320	232
570	258
793	235
450	228
804	81
305	1286
693	508
158	709
506	478
887	578
102	219
417	79
383	200
554	133
417	139
145	338
295	89
181	1302
798	394
354	166
344	272
576	181
916	89
267	1336
881	194
477	294
393	941
504	1136
138	182
896	661
416	185
919	1136
607	275
927	421
806	144
593	97
57	871
511	358
417	101
601	183
627	1267
905	7
196	66
880	783
472	682
524	582
889	431
699	19
868	1206
542	109
911	483
342	208
896	672
822	111
224	276
854	180
871	242
506	518
640	47
405	1464
393	494
268	257
754	273
224	555
456	959
752	321
828	328
880	293
498	410
592	433
435	928
548	928
804	252
412	7
880	578
800	292
643	67
878	1121
299	61
771	251
410	272
447	180
661	161
585	19
222	68
497	194
398	495
269	8
669	125
733	744
533	931
648	1060
648	68
653	1012
566	56
746	144
682	948
206	682
138	133
347	1244
586	568
533	823
655	4
425	324
889	451
312	165
177	324
766	265
622	375
11	83
533	12
665	496
621	41
645	1159
64	419
896	582
14	588
833	928
498	183
747	11
501	1010
625	265
572	124
851	932
589	300
576	323
500	471
653	492
655	918
109	395
308	31
493	7
460	1251
7	545
918	462
709	219
152	568
284	687
426	607
720	302
74	508
327	65
805	559
387	233
559	195
592	132
565	212
699	1028
798	38
494	204
561	180
562	514
450	281
919	328
406	289
655	297
222	284
222	588
405	462
300	288
576	50
417	190
661	179
693	300
798	1035
805	127
389	709
18	45
318	385
916	257
623	50
883	504
117	1059
312	515
683	286
297	196
774	563
506	233
533	240
620	683
195	615
96	196
639	1194
67	105
883	382
305	144
671	237
406	434
936	272
798	785
751	486
705	83
230	240
551	924
178	316
833	218
882	172
154	222
592	179
374	637
216	66
291	565
566	191
655	303
490	126
606	249
774	444
409	493
788	504
246	164
456	1134
624	597
796	209
938	259
592	196
826	679
878	50
618	64
145	164
707	293
804	28
371	64
846	479
389	154
525	269
907	485
669	271
910	98
314	151
779	447
312	863
669	191
292	203
276	380
347	1047
761	471
621	1013
480	152
884	116
87	100
621	208
707	1068
623	121
286	47
716	451
451	325
222	569
742	124
382	135
311	660
593	117
244	92
632	1
851	1095
363	571
740	271
828	70
198	820
345	461
141	926
280	380
268	765
537	111
248	323
378	70
390	283
638	238
336	785
447	963
810	338
589	751
371	504
421	11
566	1232
294	840
387	1129
834	50
840	671
405	849
346	98
409	1159
862	480
655	528
653	180
716	792
57	240
126	337
805	111
756	568
91	601
233	8
551	84
484	235
645	674
162	237
3	260
330	117
559	174
316	199
756	622
428	750
450	873
313	624
875	258
933	734
745	174
590	286
647	748
311	241
537	179
682	125
459	260
655	1144
328	610
476	959
769	1
537	628
234	1011
125	340
105	288
486	305
569	15
334	744
180	747
423	344
532	29
452	510
42	1050
795	208
457	699
627	523
749	154
640	382
916	931
551	71
393	409
223	620
836	260
755	887
775	900
655	88
717	282
606	98
597	1534
109	56
152	280
736	1089
820	538
449	1006
699	591
623	216
595	246
447	1046
405	1076
268	1231
806	169
38	409
629	528
568	523
399	67
447	405
665	238
422	742
194	143
616	269
749	78
710	202
500	584
193	343
741	945
561	642
125	435
597	936
864	577
760	216
429	640
327	182
416	1521
744	237
455	52
586	295
405	239
850	210
318	191
943	415
748	199
145	450
203	323
272	210
546	200
386	117
828	331
486	883
790	368
943	67
363	186
894	111
684	186
244	780
871	515
935	284
299	483
102	154
929	182
693	636
214	249
787	879
804	831
772	272
705	1043
405	661
526	245
299	239
823	91
405	1558
554	732
426	1204
532	679
882	147
161	194
457	629
89	7
260	258
296	304
49	919
864	25
622	532
432	410
908	414
761	1152
406	197
805	546
880	70
159	24
295	451
487	748
737	32
416	821
634	15
301	797
308	148
448	305
521	288
860	332
741	172
936	246
279	1224
655	716
782	1667
391	133
771	197
601	318
452	636
250	153
790	17
363	518
427	881
506	53
346	572
698	421
576	125
534	286
470	235
272	204
413	181
173	262
560	1215
526	1007
474	182
62	723
286	274
442	569
227	221
625	283
58	175
743	338
638	185
717	291
222	405
830	173
225	194
721	403
385	558
217	29
497	168
144	258
3	340
305	170
825	597
653	121
850	56
326	780
416	707
68	763
568	604
479	405
480	479
398	167
22	712
321	428
872	932
25	474
325	182
387	229
566	7
757	257
201	1135
682	628
889	1110
144	68
731	613
425	181
445	203
558	116
148	135
307	286
871	315
76	1157
408	334
551	1217
533	411
841	286
90	59
542	346
85	1103
569	1197
543	59
81	269
565	166
655	872
246	1139
536	153
483	612
600	127
497	1016
408	302
465	318
311	794
227	287
276	92
527	647
622	480
260	270
21	669
543	700
445	475
406	88
918	517
728	15
655	357
807	498
68	286
765	50
931	306
763	39
943	186
771	173
724	538
422	563
748	650
119	82
877	326
558	253
405	68
619	118
756	235
406	425
659	629
448	1176
897	649
176	257
488	223
62	188
592	546
504	628
847	141
445	1047
764	202
87	598
399	890
423	751
533	357
58	773
618	699
757	449
249	423
446	288
843	436
178	535
932	179
896	118
710	268
229	882
268	53
823	240
352	144
443	687
334	856
653	96
234	646
905	124
738	98
178	168
595	880
773	567
397	313
279	1215
860	1061
285	100
218	269
361	194
610	185
848	25
664	182
334	675
771	111
896	227
615	518
539	133
751	434
541	196
255	332
570	289
244	66
115	124
868	447
339	130
899	742
822	91
749	188
300	833
346	658
825	866
194	502
572	9
551	527
593	100
782	346
733	291
489	751
757	1273
645	188
551	125
151	1047
5	121
68	111
613	1
507	1089
18	425
919	140
101	866
398	182
721	286
805	922
905	475
62	875
892	181
619	566
711	95
871	575
145	544
435	313
847	652
588	8
302	289
921	174
269	462
880	1023
880	3
569	268
305	197
695	682
360	69
921	815
705	283
532	1092
43	1056
450	570
181	934
343	67
405	59
73	269
532	147
768	475
654	476
124	474
498	340
11	367
339	127
524	435
256	233
553	515
823	183
676	993
764	405
151	290
851	619
846	1045
587	343
454	1107
63	1
385	954
835	1
923	307
643	404
843	581
666	1154
13	871
653	622
41	96
82	820
442	100
336	238
497	720
697	742
559	180
453	356
840	936
216	98
13	739
796	176
269	735
196	116
864	169
723	169
639	191
622	248
496	705
91	735
7	615
486	475
756	432
840	430
545	450
269	1110
169	300
589	873
788	1183
484	174
683	325
313	178
712	1040
464	705
942	705
724	333
387	477
392	260
592	285
504	154
621	63
221	246
380	238
276	172
399	560
130	11
650	1126
886	161
790	959
669	192
802	569
886	1208
774	826
383	660
886	474
887	427
591	954
501	1097
406	507
737	258
790	475
554	1042
778	405
548	978
263	135
551	44
758	258
639	517
654	969
593	866
495	419
606	549
504	65
378	285
892	500
479	288
693	484
717	307
497	39
484	144
633	50
561	1044
804	742
878	71
495	444
903	1098
536	283
663	655
70	393
560	122
923	117
921	181
854	928
798	571
5	189
539	45
59	491
429	796
637	546
501	221
661	164
235	303
90	317
452	96
423	125
773	655
293	942
886	23
660	349
372	1273
903	52
796	342
468	246
52	107
919	1060
603	7
393	105
465	496
938	118
640	249
375	234
484	778
637	50
536	662
725	9
845	903
265	100
271	496
846	488
10	69
472	877
568	530
669	302
888	792
911	473
243	237
707	185
374	1197
833	488
669	614
311	562
121	124
285	198
833	591
634	150
387	219
445	274
416	238
416	411
653	161
942	520
864	566
567	1298
455	252
70	755
378	227
62	271
381	1532
892	227
677	109
541	225
452	603
570	305
5	380
796	48
203	276
405	1104
903	871
655	333
690	148
163	300
766	40
644	300
424	1
834	282
883	584
130	974
733	1163
852	151
457	485
33	682
385	47
908	963
306	741
624	329
676	748
642	418
313	235
843	135
500	1135
401	490
387	153
875	937
164	515
665	1028
478	12
933	9
303	191
94	432
483	380
650	191
118	564
698	190
454	11
504	973
499	117
305	650
493	109
756	66
497	195
936	321
452	71
508	629
279	169
585	1535
796	417
796	316
880	1119
554	770
65	66
463	1117
601	699
746	720
907	591
844	22
866	272
835	216
379	285
932	481
451	333
313	258
648	679
684	8
165	187
234	304
468	42
548	316
526	408
457	356
34	899
627	230
234	1453
595	742
194	78
290	95
753	322
215	202
656	303
305	770
507	257
650	658
586	219
757	809
152	354
409	136
345	433
806	1514
303	246
465	151
595	1010
780	515
171	269
779	111
537	60
854	322
308	558
592	15
164	328
862	222
507	826
410	898
640	96
542	208
824	243
735	1012
506	97
262	417
816	294
463	347
488	880
176	321
394	715
388	200
660	164
399	26
645	616
910	289
416	477
294	254
907	272
694	215
664	717
933	135
896	588
405	715
682	1035
932	199
320	17
815	615
577	471
903	655
637	1233
593	580
934	501
624	3
286	930
655	250
417	1550
510	243
642	1182
741	451
877	31
772	307
466	50
435	317
829	151
616	331
773	168
269	11
588	739
152	275
387	1091
83	1049
807	380
867	228
741	194
496	483
424	882
429	358
311	399
23	155
758	502
392	515
880	1012
577	472
763	222
308	392
616	300
476	1036
757	203
332	230
334	225
577	1042
545	575
425	976
116	325
182	257
733	224
830	498
95	692
416	285
222	186
417	797
351	327
148	133
843	200
457	568
562	357
479	431
885	208
864	235
807	50
405	398
814	98
749	391
758	650
916	693
881	200
469	507
373	161
507	147
312	71
938	276
442	62
891	285
301	111
540	257
13	68
202	242
577	174
145	379
826	588
181	6
539	372
589	690
765	286
591	792
429	32
495	29
640	12
650	181
457	770
435	1240
90	427
734	496
688	288
291	412
500	15
270	200
731	66
115	174
833	940
291	427
137	685
795	167
23	433
500	387
789	249
890	423
620	416
393	79
455	9
339	50
894	298
919	1152
927	1014
326	56
239	482
486	1142
653	1016
95	237
872	258
345	79
503	1009
301	21
880	348
244	1188
883	863
43	1023
280	1063
332	405
417	39
655	224
932	665
621	197
457	744
897	77
764	1284
363	707
863	327
703	127
275	826
927	28
417	727
648	377
42	655
314	93
429	201
907	1
91	69
468	9
758	412
597	127
802	436
707	507
196	110
918	82
833	50
280	699
773	188
311	520
128	268
758	272
453	393
142	322
460	532
551	316
617	441
13	662
655	961
158	302
514	1600
405	942
867	318
248	69
609	1
601	228
533	286
665	89
524	495
429	50
889	59
640	720
281	289
593	724
343	50
768	742
711	542
325	1230
727	63
437	66
270	742
110	333
648	168
808	270
659	1168
847	257
561	65
312	169
412	182
254	167
871	751
663	272
477	731
619	241
95	153
838	204
42	934
553	661
943	485
825	748
442	240
405	302
916	73
37	96
697	273
927	8
714	282
474	410
536	472
919	16
409	676
717	303
269	154
442	576
119	316
354	489
59	616
82	418
287	710
774	741
524	226
886	3
754	255
916	523
218	648
463	221
339	276
934	502
426	174
841	272
847	404
741	722
298	679
102	566
711	713
500	319
918	419
600	779
848	530
883	48
184	591
275	164
452	456
338	1
608	507
487	845
507	405
592	919
599	1315
414	288
314	365
334	271
327	211
727	627
533	258
499	664
772	259
663	1051
671	88
582	410
99	471
82	412
763	47
940	709
637	1244
761	1277
476	732
234	480
655	100
286	588
846	662
620	112
658	192
897	470
468	612
508	101
567	492
916	236
99	310
516	628
222	282
639	549
324	310
798	603
269	509
542	410
869	118
892	849
932	89
347	68
121	1266
863	1294
305	121
332	222
379	93
484	197
707	708
95	640
645	96
268	33
424	969
862	485
425	1013
104	276
655	823
293	180
919	292
293	1018
747	466
875	481
741	180
145	226
843	616
555	21
89	1
268	802
567	657
279	146
291	924
738	209
385	1037
159	326
776	185
85	416
527	673
868	946
440	750
234	1051
69	1016
207	393
592	1016
136	269
533	333
770	1012
216	47
280	402
831	687
491	294
788	983
406	633
63	405
523	1036
125	372
409	1379
469	510
454	259
243	1115
326	208
429	91
201	735
487	620
711	66
915	334
868	429
924	96
795	472
886	177
764	174
920	340
525	1011
177	135
698	134
613	12
437	221
334	746
497	550
788	586
932	173
710	1101
495	650
293	217
758	241
795	405
749	117
770	1
916	175
479	739
38	401
299	517
859	151
592	685
383	238
437	423
44	163
260	881
141	25
19	268
747	486
660	266
858	9
504	419
931	362
823	732
720	887
908	709
526	269
57	496
553	151
303	92
79	276
717	333
466	188
746	128
286	906
829	237
796	43
500	249
877	739
387	12
727	275
916	806
325	319
807	139
463	224
790	485
930	235
660	435
200	509
788	300
332	827
733	149
62	128
109	55
929	423
795	39
618	144
854	126
127	258
422	339
663	42
666	1451
907	271
405	418
715	234
932	436
6	491
363	631
312	640
230	496
752	900
908	482
787	329
594	276
711	161
910	286
361	212
276	1109
235	175
566	49
454	642
378	269
267	380
534	1047
484	97
299	1005
814	656
4	271
385	871
429	300
299	1506
235	82
40	316
641	285
180	258
145	249
342	381
293	684
18	486
875	12
201	658
195	1416
943	614
456	1222
472	780
721	435
210	1028
425	334
735	50
658	24
845	1463
271	393
303	952
880	1468
437	101
559	87
269	157
630	550
939	993
291	27
327	1129
479	100
355	319
943	475
690	72
340	480
671	685
398	510
795	214
492	205
426	609
724	259
648	523
717	476
246	204
541	511
655	330
852	323
421	331
499	328
940	343
758	29
768	151
883	463
833	640
886	405
826	56
660	1419
354	251
867	51
1	1
76	70
401	655
115	772
716	1050
270	356
391	187
251	313
217	568
533	186
180	469
553	205
533	385
586	44
901	121
804	663
648	28
487	588
752	882
189	10
486	1014
590	475
417	748
550	310
847	735
666	319
654	385
734	166
181	596
422	260
185	160
851	4
907	619
130	578
298	866
847	926
221	391
782	1382
397	288
606	15
645	627
500	175
751	291
58	310
249	1039
655	311
601	178
73	59
815	182
178	197
30	257
782	248
532	483
804	211
648	756
163	305
437	699
553	490
487	684
481	678
551	218
437	512
311	622
514	384
606	652
627	86
311	209
866	306
477	794
630	975
655	1169
716	23
373	431
235	603
593	121
911	163
437	581
500	215
854	1086
548	275
710	627
451	748
427	322
157	269
927	204
881	151
705	318
224	699
446	328
593	238
745	100
177	92
249	238
843	665
390	302
682	17
524	928
391	234
130	1142
90	60
661	64
466	568
861	937
79	676
271	137
144	823
321	654
405	81
581	847
880	283
394	358
374	276
514	474
312	10
639	664
848	180
401	168
405	792
487	265
682	802
801	752
758	316
186	330
825	120
889	135
458	844
878	485
106	712
465	32
474	284
2	278
474	313
642	250
262	100
795	7
524	124
207	237
762	270
667	357
158	576
840	169
665	1047
796	591
848	496
916	720
495	385
854	260
266	286
752	311
760	841
593	275
342	378
795	219
599	873
749	140
854	846
671	181
343	238
683	895
145	894
715	412
277	1012
440	971
843	74
637	926
887	368
943	318
537	584
755	331
821	125
347	157
497	475
132	56
314	717
399	29
719	216
890	524
1	162
221	215
697	282
591	202
391	237
854	118
292	180
295	97
500	729
436	381
466	173
643	195
727	232
164	307
425	1016
870	218
705	623
774	174
930	143
151	4
896	655
449	515
537	405
807	143
59	393
246	981
330	708
569	126
618	713
63	1010
653	182
682	763
660	550
92	82
533	180
638	128
622	581
707	654
664	497
165	1119
880	284
883	506
655	1532
236	97
308	428
804	125
878	462
869	284
493	271
537	188
256	381
904	815
82	1128
851	338
700	202
899	275
800	181
897	378
782	1380
405	143
655	248
916	137
503	561
45	845
814	448
862	633
720	749
854	186
79	116
174	739
715	274
907	313
788	180
458	69
709	294
766	675
324	678
764	742
727	678
551	710
59	770
478	276
262	294
864	8
293	1229
500	30
69	172
234	13
798	1164
717	100
743	322
174	988
560	100
665	1315
709	413
903	273
812	288
270	869
549	225
406	170
360	515
601	1540
430	286
896	139
716	1039
495	101
554	209
632	95
790	786
488	776
804	1222
232	900
757	658
75	13
12	202
756	420
795	1
532	318
490	109
18	724
886	381
200	107
409	618
654	121
599	237
632	150
642	91
279	990
429	137
534	149
588	399
473	137
896	422
669	355
435	977
882	815
932	811
854	1226
660	527
916	1070
417	286
894	1381
91	651
933	25
890	97
289	109
923	293
251	471
936	313
854	197
776	50
299	212
714	477
552	125
316	185
833	11
429	1101
85	28
96	183
279	625
463	16
711	40
63	259
696	234
793	257
112	258
747	558
654	98
314	99
912	646
804	204
715	106
145	363
43	735
868	229
561	1478
416	614
200	866
630	243
524	492
796	88
409	14
298	435
148	151
256	934
535	504
537	1134
476	367
506	203
256	665
537	472
92	147
268	50
922	11
840	756
363	227
886	202
344	713
668	272
875	461
382	134
887	411
311	967
652	984
389	657
638	685
537	198
617	774
940	89
393	210
244	651
804	55
345	318
620	243
505	11
919	471
682	582
407	25
555	285
308	21
169	498
708	118
484	250
897	177
321	357
737	428
13	879
569	1014
450	618
545	391
188	928
32	50
605	70
648	379
606	527
310	294
880	762
428	289
301	299
503	213
885	428
807	570
721	264
131	124
715	100
840	588
543	509
896	85
933	229
868	1285
546	457
286	762
886	1489
42	173
896	157
200	812
466	260
31	299
454	76
21	259
622	86
264	182
543	519
201	750
342	499
479	32
745	202
357	126
666	1071
535	692
105	690
702	748
880	94
870	462
645	340
327	156
497	71
897	485
918	1137
807	393
721	304
698	222
237	169
664	14
353	270
13	679
797	1254
409	709
404	750
566	385
421	333
601	22
85	516
718	717
376	321
846	1206
579	100
934	550
499	215
683	1280
442	222
13	158
872	628
648	831
233	521
666	663
615	387
468	461
752	1265
437	182
774	193
276	508
456	367
588	181
847	98
707	378
451	878
873	307
887	294
588	289
707	694
158	202
758	319
892	195
495	1183
336	383
833	1019
188	764
543	982
867	64
566	1028
580	866
322	507
676	1527
479	228
233	12
114	89
498	657
933	241
409	607
276	144
880	158
388	307
392	837
551	245
561	1115
315	303
301	122
77	173
457	127
653	127
368	777
576	124
201	402
417	65
629	223
624	619
276	51
99	591
10	33
747	432
931	312
768	252
450	1480
393	1239
16	476
334	143
293	1208
144	524
592	313
84	628
892	133
12	328
13	141
747	1205
896	19
399	11
747	959
514	405
201	682
751	178
671	201
104	222
741	95
182	50
195	373
347	763
387	8
330	91
236	9
840	357
699	820
456	432
286	240
758	294
472	578
328	226
784	268
751	168
427	245
181	875
409	179
537	91
269	200
684	117
561	732
880	392
618	98
663	471
198	151
663	864
432	827
59	1111
21	453
771	652
276	1079
606	298
889	647
665	475
775	333
561	639
716	496
716	946
890	195
393	1244
325	32
892	403
655	638
339	654
693	523
646	332
534	748
573	478
114	357
422	561
450	671
403	515
397	109
864	223
916	792
196	1022
939	9
22	105
655	53
728	289
271	815
790	230
207	461
735	741
101	845
840	135
95	205
936	1335
932	652
495	636
931	269
846	612
707	197
132	251
835	180
313	211
291	546
84	203
737	186
137	260
399	98
889	1067
457	956
13	737
758	1023
25	408
806	483
472	916
18	177
891	281
181	116
278	882
125	21
934	193
6	533
468	257
773	264
145	354
929	135
537	228
486	879
582	547
716	177
588	959
655	306
136	318
638	222
773	364
181	476
804	161
916	650
537	641
398	111
146	269
377	173
488	732
276	200
655	692
94	527
804	185
385	37
889	208
237	64
405	955
586	254
795	716
896	504
889	65
450	347
659	512
850	204
269	441
660	774
747	419
916	509
280	276
802	134
796	53
717	685
667	475
861	286
417	231
542	789
642	56
149	300
313	300
872	926
308	288
896	928
277	619
17	243
592	455
894	190
833	204
312	1451
566	576
498	77
406	652
445	994
892	671
518	591
807	1039
427	263
807	71
299	1068
893	122
574	690
235	970
402	696
267	174
286	739
416	693
653	728
64	144
393	80
478	869
273	316
450	169
709	203
828	269
870	302
832	181
562	501
99	294
49	698
474	475
816	331
264	7
292	486
305	479
331	132
534	276
70	1030
181	323
253	1404
851	234
666	656
605	318
76	60
503	234
455	170
280	13
561	240
296	55
125	393
709	403
326	435
244	215
405	364
303	653
479	226
633	128
479	422
391	471
499	182
271	135
669	169
378	450
588	370
18	582
237	485
840	180
316	531
833	180
567	223
704	603
848	1021
688	307
884	949
879	866
321	60
327	529
130	203
537	741
508	121
658	127
883	213
381	487
796	785
654	496
896	746
880	412
452	52
181	683
151	517
276	55
178	764
363	235
880	625
917	248
815	647
321	64
234	5
495	176
624	591
495	504
488	707
673	268
83	161
648	564
620	1480
648	527
450	588
924	511
864	685
753	23
592	64
864	716
87	472
537	467
194	1112
413	508
113	300
735	515
499	690
765	248
347	106
463	819
507	271
422	5
771	286
474	553
655	204
843	239
782	1016
339	1526
130	219
592	963
406	206
340	15
874	289
213	55
734	591
518	1335
537	431
118	960
797	307
128	133
76	216
730	258
164	298
595	294
259	121
254	8
350	214
297	430
670	161
307	433
897	68
828	1466
780	491
606	87
587	243
409	134
357	245
712	78
326	183
829	278
733	458
234	188
278	538
923	322
488	288
650	21
632	164
311	584
745	14
406	393
918	433
767	242
588	433
705	174
56	1057
437	463
90	530
786	458
64	480
320	226
588	73
473	275
236	1039
749	238
109	88
125	746
495	470
880	209
707	57
405	512
99	25
721	229
115	177
708	412
758	276
893	151
339	396
358	1396
253	273
892	739
530	195
13	28
553	134
288	289
752	995
758	224
291	1303
896	239
804	456
682	39
1	19
416	585
506	224
234	503
313	238
889	742
485	313
690	73
606	173
87	1180
225	478
804	739
748	174
347	363
311	465
717	245
674	282
422	447
929	12
480	12
370	607
764	7
274	71
633	318
304	300
129	311
711	1518
716	318
172	23
307	161
581	283
892	28
447	471
62	546
104	10
77	127
119	986
95	215
540	286
452	465
580	281
650	751
922	127
313	195
13	559
484	431
455	275
831	742
314	70
543	463
293	393
916	697
128	487
835	200
336	388
184	707
368	5
606	228
545	554
435	1419
916	423
378	949
236	673
663	405
621	1228
757	179
563	403
201	962
606	161
707	251
916	943
454	530
188	470
795	710
326	219
280	755
435	392
725	328
405	1231
66	248
405	703
627	26
587	307
720	262
303	174
712	781
308	273
90	26
569	111
904	328
355	324
566	161
113	742
498	1070
584	313
524	476
496	607
239	509
516	582
889	87
254	441
592	678
521	28
815	451
67	125
453	515
859	282
749	132
417	202
924	275
566	582
864	735
429	535
904	736
246	77
774	79
398	367
861	1148
697	260
207	521
442	89
705	685
286	215
263	23
746	64
244	527
385	657
823	1135
59	212
498	156
706	1
49	455
457	692
746	121
102	596
401	588
64	423
493	50
7	134
770	298
332	682
673	294
938	406
535	300
747	195
110	376
387	641
683	289
158	232
405	388
648	930
49	159
327	651
699	70
369	346
663	134
466	96
593	742
426	289
804	445
642	812
374	468
130	1245
452	863
795	164
543	748
406	42
862	185
830	15
738	96
861	737
398	478
95	31
618	159
141	717
474	170
554	68
157	1051
495	127
931	315
706	118
655	1143
838	718
758	384
429	546
711	196
546	50
275	162
793	7
622	229
569	25
504	382
374	323
639	135
455	11
790	1074
913	28
893	1215
160	201
632	227
222	1035
198	727
393	566
372	844
611	680
406	569
921	96
634	292
331	1101
342	408
450	259
630	22
330	370
916	48
429	365
268	1073
7	216
538	182
712	627
497	394
796	692
591	740
437	582
848	462
653	1188
880	795
648	154
403	9
790	210
545	204
643	181
486	975
262	727
559	1101
738	434
537	492
361	55
711	744
167	655
634	125
520	300
16	945
232	423
197	1222
416	159
314	796
807	523
782	292
864	182
451	678
276	189
453	164
924	71
885	151
701	303
355	264
870	431
450	1311
256	106
630	12
911	530
645	48
884	146
286	537
42	1
307	472
318	628
151	638
92	1090
586	358
730	246
854	472
921	1034
894	936
805	568
134	301
538	237
592	343
387	33
11	742
588	22
437	88
16	15
566	135
69	298
838	289
710	135
130	888
639	582
918	154
694	133
880	85
392	326
942	174
409	433
919	85
398	705
405	560
645	55
588	25
620	969
866	344
451	887
312	511
190	148
749	135
920	272
796	474
912	97
532	298
447	202
468	23
87	174
503	47
592	47
95	1231
299	47
41	474
200	89
514	7
711	144
378	702
429	185
690	294
190	685
673	258
466	265
693	48
758	118
919	284
488	269
437	204
429	504
653	385
524	898
434	220
623	15
887	1029
764	845
749	932
537	644
13	801
151	81
13	525
502	680
7	341
192	1171
782	1241
805	588
895	50
919	1048
679	748
398	684
545	117
480	661
293	589
621	881
852	472
592	150
593	161
459	16
457	47
708	713
416	1540
453	122
593	699
197	306
846	268
622	217
660	569
794	269
269	515
449	1372
826	4
503	423
666	114
846	493
815	83
297	465
222	468
551	581
145	98
761	877
72	318
503	498
854	220
407	565
506	58
770	253
58	255
704	506
465	191
21	321
916	87
303	98
627	121
868	207
774	545
796	449
577	409
763	195
643	176
293	133
276	1232
495	684
498	61
738	205
907	198
450	10
447	300
605	98
18	762
406	100
694	161
224	402
109	71
564	272
934	483
708	148
830	627
59	567
889	820
404	876
846	490
889	411
804	396
622	121
535	282
877	451
666	960
394	63
872	151
407	449
671	654
786	692
417	963
474	966
358	639
846	102
682	1655
501	24
313	88
116	193
269	173
816	300
321	432
327	48
792	282
788	637
865	328
200	176
611	896
612	604
611	288
747	433
478	350
201	48
870	268
216	189
268	747
226	179
655	591
776	135
405	317
566	77
472	4
551	264
201	440
622	1411
487	1011
416	28
506	880
666	523
825	290
598	895
429	418
82	430
585	1021
572	476
682	87
305	242
481	650
892	578
846	401
868	358
535	686
524	554
393	501
328	823
715	179
201	125
621	686
276	179
435	953
833	346
493	405
643	66
603	747
664	223
450	400
826	258
642	168
313	142
381	217
537	493
773	792
595	129
565	652
109	125
416	510
643	56
697	1
601	416
770	937
373	88
339	1017
872	278
693	568
527	93
144	137
143	288
320	368
663	710
617	436
5	438
479	183
339	521
457	509
269	632
389	630
380	708
380	770
234	1445
13	749
391	176
458	1011
933	79
746	56
806	195
881	99
293	3
379	514
830	205
374	393
868	94
698	228
455	289
846	525
343	252
789	9
592	890
452	481
406	563
889	676
936	259
719	137
474	98
919	334
405	382
889	512
931	310
1	251
239	632
601	1079
647	79
551	328
290	465
798	164
456	282
64	475
442	69
774	567
592	482
532	1470
497	1077
85	204
532	510
699	831
678	25
407	313
181	1355
151	716
514	48
934	629
361	166
291	1229
104	407
755	258
222	636
639	202
151	496
908	123
328	161
890	520
394	577
566	378
543	508
336	407
230	420
535	179
772	322
18	238
717	331
618	22
429	69
450	313
427	331
279	779
582	676
343	429
826	570
87	321
509	690
536	199
255	219
916	427
868	179
407	561
144	288
75	685
11	577
661	200
417	386
92	29
145	284
399	451
514	28
534	322
880	402
58	640
270	93
664	197
545	386
256	1
606	222
768	763
819	744
548	13
268	1118
506	54
848	164
268	541
419	615
336	42
828	286
833	433
916	86
62	1009
664	83
387	516
145	447
523	432
678	515
85	143
543	190
13	779
119	879
670	168
405	234
236	318
699	286
919	419
265	1197
751	483
682	1232
124	195
91	192
651	332
481	153
294	111
608	4
933	597
430	288
686	182
399	53
896	135
268	576
474	616
653	356
777	168
871	4
347	508
344	100
523	42
583	524
454	203
64	196
10	694
726	1038
137	1
405	1471
650	1060
266	100
708	756
130	290
631	294
699	328
806	158
311	732
308	65
934	173
91	418
747	235
878	481
880	685
669	258
604	184
642	64
426	613
553	487
796	121
724	268
782	322
619	403
804	495
804	425
566	512
774	185
82	866
487	1035
405	1108
313	632
703	294
525	100
896	134
311	499
650	483
537	527
495	56
815	465
435	672
828	694
49	82
328	273
497	629
774	135
796	233
768	744
234	631
561	925
487	293
91	483
336	781
923	410
174	111
561	228
591	923
745	276
339	4
545	520
506	520
115	185
450	610
497	381
77	192
621	769
303	928
840	303
503	26
90	954
655	1017
727	977
697	235
95	415
214	114
766	188
87	804
823	102
747	100
312	493
541	756
348	237
627	317
786	286
533	1086
116	1142
588	278
328	1439
360	523
665	346
194	1011
551	228
311	729
389	584
551	1443
618	190
898	242
778	94
586	978
406	3
766	451
838	93
592	322
842	874
5	449
621	33
846	1311
642	4
497	725
207	3
326	9
782	905
881	108
178	2
933	4
591	88
263	141
199	7
198	824
537	1010
496	195
894	293
764	191
893	1
78	1047
770	300
635	886
271	126
603	174
524	42
776	276
85	378
805	827
363	50
647	196
283	433
468	662
429	170
916	732
256	100
889	955
815	485
474	489
774	234
797	286
185	205
655	559
941	300
578	222
339	173
232	268
456	129
105	751
479	751
645	660
579	1110
425	232
846	452
757	569
323	876
593	423
926	245
486	150
160	195
727	424
634	411
682	687
796	307
643	405
276	802
60	229
207	1225
532	364
498	9
471	95
489	258
113	9
327	568
673	750
642	755
588	215
922	476
11	748
907	340
655	354
784	340
641	496
508	172
145	1288
890	127
533	120
536	228
537	684
378	186
268	158
593	619
776	672
620	94
551	717
7	132
747	705
94	47
11	423
293	143
456	523
795	169
427	286
457	282
234	226
661	436
311	216
510	289
937	508
487	431
294	829
590	275
698	419
922	217
851	307
722	294
642	132
47	303
451	330
392	463
603	56
7	86
442	210
454	194
716	603
763	190
862	22
719	735
479	189
193	294
113	257
397	174
401	566
405	668
906	129
94	943
919	303
854	24
492	285
426	135
251	813
825	472
405	552
476	288
393	721
406	57
392	249
627	693
792	1047
470	291
478	69
535	558
553	1194
749	470
932	1149
682	697
286	1053
708	126
627	191
871	937
823	174
633	921
379	559
680	285
256	808
655	902
575	531
198	581
863	331
648	1047
533	182
693	693
798	88
682	658
660	1181
684	381
380	194
682	239
215	98
338	488
144	198
217	17
194	542
130	420
158	283
674	678
99	282
18	517
12	170
784	334
899	732
533	193
229	896
485	326
677	908
69	742
474	60
311	684
217	300
758	474
59	746
606	56
329	331
424	258
748	50
751	385
452	856
740	328
497	242
18	702
592	1134
184	285
766	71
177	343
727	65
201	315
606	530
256	591
102	258
588	552
411	28
178	237
523	1195
92	826
189	150
698	25
456	9
401	751
708	546
493	318
707	1109
62	71
601	504
731	153
262	955
681	690
313	823
642	468
224	748
405	1422
624	123
868	227
903	651
749	22
306	321
567	178
59	89
324	294
682	252
817	405
299	88
592	81
334	337
198	470
313	768
453	1303
119	276
328	657
933	110
664	70
345	1226
927	210
850	97
454	250
825	696
486	995
326	1126
537	135
507	50
488	419
274	98
31	1021
271	521
936	475
424	115
585	736
690	79
230	203
360	521
867	748
823	48
162	11
99	201
798	191
429	15
773	924
921	194
551	748
458	1039
437	812
790	367
303	11
451	337
60	366
840	1674
727	570
796	553
630	411
21	992
663	117
693	520
806	254
660	254
416	364
153	172
435	358
328	316
779	50
729	294
207	319
787	906
90	654
466	226
334	479
485	289
666	1047
201	1137
897	521
145	316
659	476
571	194
548	185
102	29
774	178
870	132
886	191
121	276
781	100
489	358
663	742
457	118
404	938
548	258
43	496
617	648
715	143
268	369
655	785
537	226
739	69
497	80
868	240
345	393
200	758
690	746
532	301
311	768
918	704
788	597
91	527
60	602
757	515
650	371
577	281
13	843
503	443
630	282
158	181
393	347
902	8
711	97
94	631
299	1036
308	23
315	175
340	179
43	699
815	501
738	199
749	195
504	585
194	546
449	268
709	232
363	805
301	412
616	689
872	756
868	273
381	318
234	768
299	99
450	1401
299	311
894	12
256	1471
545	95
795	42
774	453
521	742
889	318
618	597
919	756
188	483
200	9
902	268
716	91
721	127
835	616
543	237
41	216
782	1588
194	393
437	65
600	570
416	72
783	872
618	655
784	304
42	660
915	270
897	290
592	315
641	336
935	934
758	163
880	82
831	28
393	845
665	762
130	29
109	755
494	191
742	237
871	895
306	258
347	177
457	660
713	345
497	111
201	238
889	223
457	48
815	433
13	442
591	662
327	874
11	382
746	127
734	50
545	266
271	179
428	749
447	411
198	343
522	96
2	282
836	324
521	1013
13	904
776	184
393	1181
95	511
413	877
298	168
763	210
551	1207
747	199
457	225
498	531
848	1126
293	192
896	23
548	532
470	824
829	20
942	945
280	67
712	553
868	222
714	1016
320	56
666	370
508	144
592	418
889	219
406	825
234	923
13	775
459	846
870	13
860	516
56	232
657	7
361	1152
397	286
301	82
660	230
487	802
318	94
322	528
194	357
694	195
893	11
557	180
756	123
457	58
727	43
632	202
711	921
553	435
31	611
263	378
625	751
727	435
452	48
303	269
868	59
395	328
601	260
796	31
6	494
452	1403
259	781
244	433
25	82
296	153
326	131
450	1030
380	152
577	550
234	419
194	521
565	1018
838	254
629	238
164	282
156	528
457	318
740	258
5	450
399	110
405	1221
833	121
865	473
216	50
676	272
838	713
213	222
804	227
299	204
776	437
458	250
660	742
936	255
620	118
71	286
535	178
506	1244
721	1296
747	180
916	80
896	808
716	443
508	154
642	427
436	693
456	226
733	713
474	513
833	201
297	603
630	9
301	763
648	250
901	949
389	497
460	327
391	591
561	367
788	371
400	690
704	187
504	499
700	181
796	576
699	243
645	518
84	815
773	47
862	520
732	245
363	29
514	431
588	225
747	79
13	193
749	229
531	358
766	375
136	116
774	523
48	650
267	1185
442	695
490	298
393	802
704	654
919	755
732	321
24	92
679	241
890	479
747	403
293	179
140	988
831	326
214	475
472	97
429	100
909	744
487	423
870	1046
727	184
473	1129
483	432
605	462
555	249
911	199
766	22
472	11
523	451
942	210
851	48
815	159
112	301
48	483
194	72
532	412
904	274
625	514
632	25
871	92
657	9
151	847
863	359
267	826
474	69
782	1534
246	739
664	1
472	384
436	592
886	232
712	88
570	327
401	69
222	475
812	873
277	508
207	763
650	1119
531	990
207	847
823	640
876	174
587	1624
882	265
315	173
239	961
898	309
563	1035
727	751
646	323
777	1
449	70
16	143
222	575
461	242
756	755
798	1469
889	818
687	340
133	286
587	321
643	685
455	98
204	269
385	1118
536	480
864	655
363	946
840	216
417	117
90	972
339	483
297	213
785	661
904	747
943	204
450	167
294	258
882	208
577	50
405	537
677	322
391	498
938	1012
655	726
474	1020
916	721
788	684
267	164
130	88
473	257
125	323
397	855
387	325
297	419
579	692
659	578
456	824
312	510
650	62
474	418
5	21
661	603
383	478
409	538
655	423
409	12
521	257
738	650
435	451
778	712
57	11
342	133
548	283
268	239
892	117
736	532
648	364
479	8
405	218
933	89
328	68
308	121
652	328
354	863
224	313
457	546
802	197
450	756
721	292
844	216
299	529
815	134
286	14
507	313
496	651
437	1039
393	751
812	326
763	483
43	111
693	357
216	1
630	96
113	7
294	257
354	558
666	258
60	435
695	301
426	200
692	412
420	478
465	154
488	328
292	419
367	5
774	518
327	87
14	523
624	268
637	332
343	276
735	117
158	111
20	633
931	275
394	393
402	510
352	98
286	1051
639	198
560	7
845	308
889	1070
660	252
886	1421
395	1028
671	1222
286	204
130	1279
220	264
532	431
421	87
43	269
896	405
577	96
297	527
927	742
911	142
443	271
48	136
450	300
169	321
233	506
456	181
880	137
749	443
405	1548
741	478
336	15
561	971
815	479
796	228
747	1203
751	100
711	724
542	235
877	949
497	1041
537	638
472	313
330	694
500	1311
425	1596
664	631
846	381
26	413
577	28
549	151
883	847
721	878
676	845
445	689
360	248
874	286
899	724
300	687
653	222
506	205
521	597
450	748
886	159
426	143
618	427
54	100
158	298
537	480
577	191
90	1137
757	155
508	1
68	9
239	512
405	46
940	382
533	450
912	517
708	304
907	19
901	151
916	1101
405	196
409	749
59	96
279	649
535	471
436	90
833	64
640	338
798	151
190	24
561	191
444	328
474	526
581	936
532	1428
829	257
323	268
923	1012
875	179
230	195
392	58
593	661
286	16
659	167
548	323
474	135
354	865
94	568
447	546
401	582
405	201
606	404
514	269
327	172
200	462
805	229
205	322
64	190
47	301
835	928
557	127
918	197
592	56
437	736
328	270
313	141
714	7
488	357
330	384
565	179
445	346
620	1219
804	969
667	186
380	81
682	135
778	200
729	300
664	724
389	671
13	336
439	276
460	713
332	38
406	220
692	66
194	97
194	230
268	379
774	1028
786	419
58	213
412	724
417	198
279	1039
774	399
316	482
716	707
251	1016
506	193
806	521
784	331
876	178
118	53
460	297
1	237
665	271
354	202
711	684
339	737
749	739
608	294
472	739
354	421
880	930
682	41
532	815
665	315
678	1129
429	441
279	978
525	125
923	825
786	866
643	96
537	486
436	504
623	258
64	182
892	521
830	432
899	566
11	274
18	967
363	1067
326	53
585	1524
303	746
620	300
118	258
454	313
716	823
214	582
474	488
776	551
907	476
682	232
311	539
206	1176
513	258
606	288
552	284
183	55
798	1249
432	282
864	12
833	1597
567	611
503	714
671	546
460	288
720	268
305	708
429	174
301	3
286	461
479	588
738	64
606	963
345	744
483	283
638	511
655	509
881	333
238	255
450	511
450	606
870	238
526	475
881	64
305	408
897	215
406	478
468	172
201	582
13	262
429	180
405	858
181	118
894	70
343	559
533	477
222	102
90	863
218	642
293	451
747	531
639	168
79	902
488	496
807	174
503	640
686	451
896	1681
741	783
634	272
422	288
130	100
401	161
222	91
469	168
380	629
552	121
495	69
408	312
93	118
630	64
903	56
896	482
736	181
37	827
854	713
708	742
650	521
929	589
90	753
591	116
13	797
292	603
385	427
904	9
378	231
896	184
413	936
796	54
592	431
749	86
523	202
456	818
588	40
903	188
643	1
374	1049
773	265
829	1120
279	269
21	767
716	235
788	546
739	288
491	258
545	234
193	541
334	115
109	29
435	300
313	28
115	137
786	98
425	405
551	875
468	216
472	3
537	187
749	578
624	544
643	203
152	423
87	1028
519	1612
293	85
886	813
666	294
826	627
216	356
932	576
938	676
762	237
382	23
99	332
387	715
338	607
405	1415
533	550
524	550
378	47
456	955
579	732
798	944
301	739
347	386
320	679
682	293
854	597
85	495
188	318
269	639
13	891
250	175
708	274
936	756
896	708
877	270
444	515
936	1023
588	28
396	151
272	234
102	436
788	132
892	478
522	168
682	12
326	500
450	226
846	318
368	56
537	300
514	202
764	527
758	109
313	94
765	971
251	281
705	797
328	778
601	387
543	168
308	134
244	393
580	271
416	720
805	806
543	1441
567	648
104	15
405	446
94	710
556	323
524	290
622	739
825	257
774	186
702	271
59	61
904	694
494	300
715	70
698	330
796	100
405	951
7	510
476	209
440	313
352	17
158	29
546	109
655	126
862	288
711	651
543	61
184	235
5	392
344	129
573	347
749	143
591	357
385	59
16	234
677	471
595	591
749	636
486	845
454	724
497	455
634	290
815	515
406	210
323	873
13	606
741	48
890	230
417	157
472	395
833	671
201	282
883	312
529	689
653	143
795	10
619	346
655	313
267	169
365	741
741	815
286	315
881	596
327	33
551	926
521	246
650	288
756	1031
923	1001
377	258
724	305
588	1
829	153
391	98
383	345
848	209
877	79
10	82
398	72
836	496
399	540
532	240
772	331
682	722
14	750
655	775
405	1043
867	176
113	255
130	465
910	124
256	210
523	289
488	678
168	252
404	286
897	423
911	484
875	964
312	177
324	340
23	227
653	521
222	223
393	926
622	364
788	185
429	62
804	431
735	764
271	648
793	1014
614	476
493	369
642	38
921	1028
650	546
271	441
405	627
679	483
405	197
863	289
498	160
453	229
592	188
574	319
655	764
374	550
13	453
529	260
621	298
897	66
506	229
844	511
698	423
503	435
872	1061
357	270
868	61
518	619
440	323
170	258
343	217
193	580
305	195
699	1033
254	133
776	474
502	333
648	203
181	1242
365	815
645	87
554	526
686	187
473	327
344	1048
778	150
846	200
733	591
484	252
71	181
894	258
781	179
339	186
329	198
541	654
579	382
453	237
896	774
889	603
501	922
576	475
210	517
667	694
579	245
69	197
717	995
234	404
198	161
454	419
608	23
378	161
114	655
766	604
805	552
587	353
504	118
495	1135
216	65
189	13
321	659
493	527
620	28
756	225
537	6
269	939
345	534
682	824
499	647
933	175
566	393
731	197
190	9
774	568
393	893
606	619
450	655
497	1419
360	1149
13	684
889	636
592	735
597	713
203	150
416	211
314	56
648	216
344	73
383	496
619	281
487	628
650	23
595	952
796	257
804	1065
623	525
629	265
386	840
393	821
500	274
731	1503
330	216
887	71
303	319
284	345
323	544
195	431
767	180
577	117
645	50
13	549
397	588
343	530
497	128
314	125
291	717
747	655
609	285
878	699
1	83
930	100
628	845
664	180
187	204
635	874
417	849
13	39
527	279
485	294
614	235
591	182
450	1603
595	298
817	118
896	380
417	465
612	1060
936	995
72	655
59	474
295	181
684	225
543	1524
758	237
606	181
406	182
365	591
932	566
454	427
450	553
474	70
6	71
380	86
854	49
854	815
94	525
466	995
331	1
655	320
194	625
318	26
919	237
916	746
363	193
327	2
142	514
592	748
464	603
860	307
589	340
326	154
889	81
727	38
417	218
758	628
405	421
739	301
770	244
399	1
623	659
868	480
406	411
561	2
151	629
653	967
347	418
923	1028
885	432
574	347
668	311
492	187
478	496
923	340
741	17
661	222
927	1047
857	898
378	724
833	293
486	919
627	358
921	227
601	584
303	250
299	114
556	319
624	881
472	125
566	772
698	191
44	405
5	50
606	148
571	357
880	768
419	514
346	660
618	95
669	664
413	25
18	381
94	91
117	282
655	699
696	302
276	150
761	282
221	259
90	196
258	300
2	294
844	173
174	722
757	343
682	180
361	50
788	172
798	380
405	1229
472	175
541	477
548	678
848	511
180	181
48	1063
716	627
796	238
642	477
672	25
821	117
436	400
497	210
131	127
622	29
413	286
497	363
773	145
291	1059
691	318
601	496
102	447
827	690
463	1216
424	840
457	651
59	615
590	111
694	427
488	748
622	199
144	174
49	725
821	495
10	174
936	301
1	144
532	914
470	293
11	24
542	871
456	1017
378	588
497	465
224	126
763	464
505	161
770	325
774	418
848	610
421	173
151	86
87	1186
153	265
846	302
102	431
697	246
509	754
642	462
160	589
825	9
390	1296
561	3
748	176
863	1434
13	79
493	357
621	833
745	480
892	230
893	849
804	167
862	151
927	138
286	924
171	310
632	655
115	654
853	873
8	241
416	1229
95	960
308	318
878	14
655	1635
586	790
634	473
746	226
823	318
935	148
7	145
100	879
846	604
95	257
805	98
392	495
476	211
823	193
296	521
868	426
601	131
280	294
327	24
420	14
82	435
283	204
401	282
322	654
244	118
299	98
660	294
403	147
690	712
932	1
194	783
13	862
94	808
757	474
452	207
663	258
745	205
658	1079
406	134
707	476
815	203
172	612
805	423
506	173
932	357
608	418
407	1012
372	44
557	252
796	932
609	147
214	182
563	172
601	1073
537	443
896	234
363	77
92	800
763	382
922	62
638	100
779	21
880	1036
626	879
610	95
385	664
370	302
655	347
339	86
887	1540
807	946
409	209
2	306
447	981
717	262
576	257
538	216
861	275
828	923
532	339
264	1474
880	202
401	610
665	183
695	991
23	95
588	174
483	222
503	740
697	286
724	299
864	186
498	483
768	315
721	875
393	451
937	268
198	682
466	187
54	291
174	763
846	135
303	17
727	172
217	546
882	199
541	596
253	153
601	225
160	474
405	1549
113	424
303	93
235	1193
263	300
188	162
291	129
704	655
249	844
790	29
913	258
890	174
406	52
205	748
383	180
411	603
751	596
227	14
907	322
234	531
116	340
141	255
609	304
524	978
326	478
488	79
556	192
758	249
719	285
85	1170
727	229
851	1013
757	288
526	751
897	199
393	561
407	737
817	876
864	173
569	252
373	497
943	1047
18	805
436	23
644	237
796	597
450	546
140	304
716	420
642	722
653	692
846	12
189	198
796	797
627	23
561	578
378	806
887	151
605	475
643	470
213	64
276	158
790	298
455	265
1	30
393	982
774	122
854	466
410	269
369	243
190	597
226	176
758	135
907	79
551	385
675	427
223	173
314	820
546	682
416	553
429	235
916	1074
406	444
487	215
7	415
830	402
125	210
392	513
13	176
751	865
351	888
35	358
338	443
104	270
174	715
95	968
406	274
489	688
559	347
910	357
59	953
479	143
331	286
396	329
862	200
429	481
843	238
109	54
908	7
934	168
450	79
64	32
788	228
554	328
48	243
938	1047
224	280
634	988
244	949
587	539
655	269
276	1273
697	254
7	557
389	553
795	831
548	458
141	244
279	597
436	47
409	204
625	250
707	766
5	194
931	237
452	494
2	277
59	504
169	499
454	631
472	202
561	582
455	176
195	60
64	168
308	778
378	385
262	650
374	95
508	175
334	937
42	161
288	427
102	218
506	470
896	95
111	315
856	347
912	498
869	412
121	582
474	77
106	495
142	91
267	82
837	258
721	173
461	255
655	863
265	117
536	205
531	748
415	258
478	42
648	318
707	1397
540	150
634	300
618	91
547	311
695	989
436	1028
505	133
367	164
864	97
420	137
682	271
479	298
847	39
385	46
115	479
189	418
151	154
201	273
653	448
456	23
741	241
114	483
780	98
640	580
181	544
747	189
823	198
608	162
222	716
457	28
552	845
529	325
758	235
347	820
815	484
7	230
222	770
731	196
75	477
607	311
474	499
722	7
877	185
763	609
608	1221
666	197
650	402
918	921
557	96
655	516
334	931
498	1426
665	1225
484	823
255	743
893	147
537	180
665	815
312	625
307	230
454	651
493	91
239	419
332	210
663	313
894	125
773	64
405	445
645	558
201	855
773	547
883	11
487	340
846	684
1	246
630	127
276	949
897	230
821	275
530	50
448	887
911	423
658	276
311	197
116	315
271	107
533	1
882	89
710	197
653	657
128	1136
626	333
660	33
694	226
102	228
606	763
95	28
87	1049
234	259
296	144
682	1089
815	1039
807	373
930	24
744	276
843	218
666	649
437	215
332	118
492	527
353	331
276	148
488	22
624	748
690	197
62	739
710	751
506	81
916	559
233	204
419	69
796	705
932	507
399	470
405	356
2	242
82	582
820	328
863	682
405	757
586	569
593	417
357	1048
561	46
436	708
404	683
725	100
113	288
666	696
476	67
211	705
919	748
10	692
661	647
617	635
617	218
788	234
45	926
276	219
698	606
178	313
525	405
661	209
417	5
608	419
758	239
330	257
727	1047
502	270
36	288
892	495
653	944
539	170
805	1065
349	20
805	42
140	245
812	300
23	526
393	384
665	50
581	222
624	302
38	294
312	514
934	145
462	539
407	189
678	7
936	748
64	650
727	1165
495	140
669	96
416	269
354	1119
918	971
857	988
333	174
445	245
43	69
854	93
414	302
311	177
701	269
823	401
548	413
466	24
222	258
796	765
85	229
354	1466
747	509
121	250
838	70
6	520
409	498
181	111
885	1221
506	399
60	736
468	91
108	304
527	528
204	318
332	41
620	699
487	183
416	223
938	864
553	607
749	385
488	742
715	183
815	472
836	56
453	53
913	204
829	1018
833	209
804	234
158	53
919	304
721	77
344	647
821	1060
704	208
723	89
504	97
324	763
927	95
705	142
307	395
709	210
881	831
417	1011
422	234
104	471
693	631
773	382
392	174
301	702
896	291
804	82
468	655
279	1242
564	257
934	161
450	616
487	12
495	62
329	8
587	271
339	655
795	154
399	215
301	121
213	455
326	136
872	1028
290	135
291	773
405	726
128	405
526	243
389	286
402	50
314	731
625	476
588	747
382	258
342	286
308	162
188	121
601	109
870	7
829	222
110	722
936	741
532	348
364	678
595	109
472	229
795	412
423	748
804	685
227	322
417	561
219	71
666	81
495	944
524	289
486	823
401	535
90	1005
526	301
87	111
882	8
533	194
539	661
642	569
561	584
698	855
701	1
853	1280
698	482
227	127
244	291
642	1078
478	151
758	240
405	949
457	792
624	346
457	453
674	257
380	204
486	242
786	230
793	823
648	758
357	24
486	748
45	764
851	310
534	717
748	222
232	419
42	735
389	347
848	214
788	405
381	294
675	650
487	572
566	196
885	866
889	1188
796	63
823	98
595	346
615	72
892	465
279	431
557	268
294	255
63	302
853	1025
853	261
758	202
639	739
472	63
561	12
515	258
823	654
506	796
313	202
380	463
378	1211
201	770
741	92
653	395
763	1129
303	475
178	173
825	111
622	433
16	216
275	431
468	647
452	506
550	892
792	111
508	88
453	732
622	166
926	313
181	820
458	255
639	1193
73	255
97	189
42	469
655	503
847	602
409	1093
781	289
861	714
854	328
803	322
72	684
634	137
313	739
217	684
627	530
437	189
714	871
851	760
280	588
705	196
711	1014
85	482
264	88
253	56
488	526
541	812
271	477
523	3
399	660
346	22
235	338
618	684
682	66
314	655
767	141
825	919
295	631
868	746
826	210
653	708
452	143
747	86
435	820
916	163
885	143
271	506
585	1009
255	56
913	301
201	515
712	230
712	1043
438	1
619	323
833	577
751	87
870	1021
749	833
812	748
913	64
284	306
297	535
480	237
770	240
892	121
696	178
415	748
286	17
409	435
416	1119
436	649
141	292
585	1158
554	7
523	1041
293	193
524	1046
618	421
94	721
428	894
472	1095
916	148
663	276
334	553
851	17
764	50
622	231
450	172
557	292
669	523
843	550
486	818
682	1231
551	715
501	151
535	707
472	151
648	1030
541	395
498	109
194	294
407	521
497	566
840	657
645	512
630	50
682	527
332	597
592	69
606	585
911	1039
875	23
655	1479
889	291
293	463
234	984
682	54
429	531
70	168
453	94
437	559
49	813
343	1039
351	307
648	96
827	269
489	1243
295	161
226	236
595	994
942	315
303	1092
405	1066
268	186
478	122
579	408
193	177
820	264
719	582
899	69
130	470
710	479
637	833
922	715
883	634
653	176
758	1292
442	79
178	300
417	419
330	99
336	151
623	211
685	340
587	888
301	678
487	274
545	54
800	1
717	301
157	235
506	191
561	611
194	159
851	820
648	103
518	924
694	385
254	389
394	151
343	222
711	393
497	56
453	401
405	47
892	229
347	31
141	1280
883	1448
929	521
99	456
621	135
667	315
721	269
554	4
897	55
902	271
671	144
210	402
846	140
927	72
934	703
926	237
936	766
567	615
875	133
621	404
666	237
286	1119
303	282
416	354
454	434
200	1217
520	274
181	591
11	526
648	434
683	268
291	939
661	313
429	843
891	286
436	159
207	282
847	1031
575	98
67	117
58	603
551	402
358	174
271	498
937	124
426	505
504	9
648	14
913	25
60	181
843	435
389	168
301	144
21	876
825	1291
425	177
715	433
328	606
693	606
666	504
506	367
5	216
130	1275
815	423
588	496
416	242
655	25
823	1
276	264
407	232
695	1024
727	588
651	683
934	949
453	471
749	153
276	558
924	216
345	738
293	62
931	121
95	52
504	307
389	239
22	568
345	11
490	24
31	306
673	347
715	743
871	690
385	89
608	658
481	4
344	405
271	88
630	1079
57	1096
924	300
457	45
222	35
622	105
747	22
352	175
99	28
576	294
279	781
717	751
940	1137
899	197
393	1055
747	1194
435	67
174	147
551	343
772	327
497	450
664	45
747	736
889	226
385	533
899	385
509	301
855	475
265	237
734	193
568	524
454	131
932	165
712	420
907	287
267	810
77	25
672	269
805	443
391	715
780	510
760	928
421	423
298	356
885	625
405	1297
466	908
462	678
940	269
312	137
537	460
521	2
85	190
782	987
823	89
458	460
26	760
393	841
77	154
655	1647
416	65
848	133
864	357
919	1277
577	15
406	531
634	979
898	302
130	982
477	781
706	288
537	698
457	222
731	207
736	255
486	298
292	50
295	465
246	1135
885	50
393	78
537	676
222	386
293	568
354	143
524	170
711	763
648	441
393	8
540	50
624	301
76	42
746	684
330	699
828	10
551	184
889	83
938	1
403	597
397	680
524	558
269	182
707	1120
527	182
406	32
782	536
279	797
852	264
151	663
405	1265
279	129
500	9
705	399
426	478
497	19
57	121
405	1027
5	181
903	196
311	509
851	272
766	318
655	47
869	242
630	864
880	168
26	815
551	779
666	193
292	181
804	926
92	364
222	391
532	345
716	506
821	180
804	444
367	406
774	211
43	742
25	604
675	1101
805	128
405	516
11	176
522	430
933	42
935	924
805	106
344	709
256	597
937	19
694	483
64	288
299	642
815	185
942	261
665	185
468	144
487	172
204	1296
7	211
840	1451
551	411
40	259
524	111
579	66
558	9
479	463
791	306
436	537
472	625
716	86
210	56
796	222
880	328
852	7
576	259
449	60
400	306
64	503
924	174
64	241
528	422
303	412
601	842
524	613
287	815
593	11
341	259
773	343
274	744
930	274
314	562
854	249
650	133
846	746
821	22
821	1
159	67
95	532
864	151
655	1008
554	423
7	474
454	511
645	211
279	529
526	331
567	181
608	1119
848	153
833	135
655	1256
833	381
798	29
660	472
279	210
850	742
523	153
556	178
189	487
748	154
236	1401
632	82
533	685
553	86
398	183
839	121
840	516
541	15
184	1061
664	657
251	185
627	510
883	530
297	154
12	215
493	323
543	216
666	203
486	886
796	751
417	810
94	367
587	1265
774	197
435	176
495	109
804	609
648	254
361	705
279	99
709	96
454	117
584	114
788	492
924	127
378	1
161	272
699	3
178	31
429	7
832	286
896	201
608	136
661	95
276	215
807	554
606	258
479	358
854	514
648	197
666	699
665	147
470	813
303	382
906	273
160	213
407	201
545	101
387	190
669	515
881	524
290	323
331	511
892	56
862	211
663	925
682	385
941	7
647	1047
577	561
343	64
535	1093
553	136
756	1060
496	133
847	447
848	689
451	324
838	732
773	386
606	816
663	240
425	294
682	550
303	616
137	121
881	53
892	1285
503	50
643	53
854	509
907	696
487	38
509	328
751	1101
846	4
805	25
64	79
689	117
593	732
399	176
887	200
830	566
746	523
782	1278
7	509
477	20
249	248
601	179
387	731
259	286
599	866
561	229
896	24
41	168
731	357
474	207
804	205
911	174
899	144
230	64
504	755
854	742
593	781
94	658
894	1560
721	294
932	560
489	351
614	411
500	402
847	1167
805	147
403	1012
532	447
567	246
804	632
346	183
276	185
830	98
458	286
5	174
370	433
344	11
417	250
532	195
52	237
853	334
940	855
749	663
94	403
655	558
297	114
94	192
416	990
49	1073
463	21
663	762
379	97
116	307
539	286
436	1489
882	118
877	748
380	751
596	313
450	815
734	144
313	443
617	175
640	214
564	300
496	418
892	566
780	313
181	760
666	525
295	217
613	297
536	486
72	271
715	425
910	1012
870	549
841	331
892	441
537	670
748	326
804	198
13	838
322	23
886	746
453	318
639	371
405	140
239	190
642	588
537	208
621	174
313	474
836	690
940	1401
810	328
77	455
541	88
393	692
618	1063
665	423
4	258
60	592
698	1299
776	132
758	657
693	313
535	607
466	288
880	1518
436	986
882	411
48	209
707	1255
940	259
399	318
455	747
508	52
18	708
455	343
597	235
830	424
627	697
828	61
90	500
632	17
847	658
833	742
805	212
280	167
398	203
897	974
899	827
727	312
7	551
497	257
387	569
456	1328
406	433
711	265
587	690
146	345
422	665
347	204
151	98
716	837
293	272
313	481
545	97
533	122
676	912
851	353
305	663
534	687
373	173
405	1591
881	678
684	553
699	471
410	323
40	300
605	754
643	144
328	260
25	176
648	323
537	484
504	300
876	604
141	293
102	332
501	952
116	343
230	622
889	180
83	546
643	174
747	1179
107	313
6	170
510	322
506	521
675	242
506	95
615	527
562	511
450	117
116	268
328	313
247	58
243	631
642	728
334	1504
427	1265
606	172
454	655
83	319
435	1401
372	56
141	294
875	1422
788	483
185	286
911	627
493	61
67	24
941	993
186	55
807	432
842	902
207	15
451	359
487	210
747	608
916	763
291	164
618	697
616	245
152	720
545	648
123	98
620	172
190	100
450	90
389	423
110	29
916	748
864	209
913	22
13	621
677	14
561	230
311	202
861	10
771	82
721	393
297	228
497	928
526	260
91	79
417	260
474	121
655	742
497	161
435	385
225	482
622	67
85	465
871	270
387	100
314	173
753	527
606	184
158	10
862	928
64	186
543	183
854	1677
201	1193
138	435
392	1012
452	288
734	95
379	461
393	892
659	699
537	642
682	467
13	650
921	24
843	465
536	1063
116	191
661	538
665	357
864	734
425	33
561	960
588	1219
257	582
109	226
525	742
790	1014
449	120
890	163
354	83
788	76
152	121
483	270
790	1
592	367
763	509
602	148
831	315
49	702
711	258
122	193
524	461
364	261
608	514
645	208
905	129
262	40
405	576
545	569
195	198
562	318
327	502
933	393
642	739
913	289
536	1115
201	1423
531	457
883	513
710	258
253	234
442	273
197	1420
23	655
638	50
320	233
267	198
657	475
435	86
744	628
711	135
457	98
572	14
6	111
551	195
642	181
464	292
525	332
864	218
481	173
334	220
805	238
239	50
566	684
899	470
276	331
324	410
654	144
912	173
544	749
269	187
554	220
665	546
275	624
776	816
655	1214
644	988
536	699
643	183
453	151
567	487
90	750
429	469
675	244
26	181
244	458
648	195
699	98
109	118
592	568
472	546
887	222
361	190
500	45
839	319
532	426
933	67
650	491
648	291
416	216
795	173
774	428
227	100
847	234
109	739
5	442
915	333
541	1047
527	634
85	1006
246	758
549	127
748	173
200	951
194	225
279	128
305	172
927	15
804	433
363	284
873	313
763	168
773	559
70	576
505	22
159	948
268	466
851	31
885	274
299	345
938	742
846	836
887	548
262	7
867	529
592	1275
655	1296
499	357
881	530
484	73
648	83
846	87
469	199
568	179
144	127
758	810
269	111
786	684
14	663
629	182
783	895
703	845
943	122
116	1220
660	229
126	350
269	537
756	71
13	13
445	829
780	70
648	50
712	97
554	542
339	637
786	82
709	816
99	342
705	58
807	99
711	1046
682	82
109	572
458	319
705	471
660	271
630	264
452	527
479	193
910	183
370	100
292	98
201	334
197	265
181	370
577	4
702	307
567	179
300	881
606	1047
33	294
486	264
885	739
786	187
463	1606
679	568
224	470
62	463
378	21
23	176
615	666
747	1028
921	50
669	111
708	1280
808	333
286	821
514	648
296	628
417	211
503	503
109	191
889	86
752	1527
121	628
276	526
883	211
804	412
523	181
507	310
860	70
608	22
514	132
224	468
319	350
222	619
854	922
346	38
634	410
830	161
368	89
856	322
130	472
244	660
846	659
887	476
346	226
535	484
679	294
915	896
457	474
733	405
921	228
152	785
781	286
766	419
416	42
877	515
863	361
889	540
1	75
896	631
506	1136
59	135
805	436
221	156
891	278
599	595
916	28
184	66
861	242
280	1099
815	684
454	248
894	346
450	1
889	246
916	1005
664	566
891	280
547	316
551	200
109	810
472	191
556	324
907	475
782	1014
260	748
486	151
807	419
862	866
911	7
629	300
938	148
537	616
821	151
846	403
659	218
429	101
769	1028
884	921
491	19
682	405
653	1132
327	672
864	736
373	143
207	302
861	305
541	90
116	879
279	462
881	432
374	1194
181	1345
567	340
298	820
222	147
181	1084
684	756
145	380
91	210
683	62
279	1250
594	222
95	274
90	387
557	1070
763	961
779	252
215	77
711	162
883	516
860	517
618	403
500	174
7	625
936	952
275	542
506	538
533	724
698	1115
151	945
165	318
486	321
363	1512
347	210
664	326
766	530
760	723
85	141
682	699
463	455
474	601
217	403
10	153
435	1
694	1221
267	98
506	731
828	59
66	300
867	474
536	213
301	658
815	229
758	292
472	1119
563	167
450	1092
454	496
921	755
271	625
186	203
297	185
852	926
43	254
655	240
80	213
805	317
705	71
782	1513
257	676
194	501
770	303
617	174
476	173
279	1027
301	258
746	230
603	157
325	82
254	69
606	326
577	151
937	237
524	269
133	271
476	202
639	285
796	660
907	237
160	127
811	292
712	243
62	455
854	1284
463	250
536	496
514	237
868	210
489	682
496	825
823	218
486	1302
264	47
64	569
896	154
919	222
727	510
450	472
224	321
758	542
847	740
334	190
894	268
661	566
664	176
831	204
417	106
423	316
777	153
307	83
655	1090
621	233
391	71
293	1264
579	603
334	137
350	435
410	905
308	945
7	180
778	1035
698	284
932	490
363	652
929	98
624	246
342	3
788	204
57	678
392	303
144	284
291	85
408	347
465	836
647	496
788	192
181	1389
719	392
846	552
707	1251
577	218
318	866
668	69
660	402
919	1
840	509
682	476
181	593
341	1025
555	318
544	304
642	452
471	99
561	64
881	233
806	1
457	370
761	477
429	747
727	22
52	864
318	735
361	283
440	736
936	3
323	762
537	496
428	896
841	678
709	423
500	250
92	245
405	170
607	847
454	984
401	537
7	566
932	968
673	898
786	176
535	61
280	925
194	100
496	426
569	3
666	56
867	183
793	276
270	1073
878	204
586	222
495	184
568	474
933	940
468	153
780	603
311	521
450	900
881	94
773	209
521	168
710	346
373	142
451	1393
488	144
170	678
476	748
407	708
417	743
709	318
387	563
85	170
429	218
391	173
409	286
164	742
42	282
574	302
573	185
863	1313
887	87
398	197
222	227
894	971
214	276
751	402
488	56
916	22
276	184
621	419
618	549
232	32
658	923
493	174
562	135
7	503
933	578
1	234
642	82
282	333
428	538
465	404
902	191
64	748
524	568
189	209
334	47
457	241
718	300
845	346
848	519
193	269
217	405
476	232
119	329
887	1028
456	484
199	751
7	214
712	213
58	1089
666	143
552	15
883	582
500	988
814	675
788	444
323	273
647	568
650	419
626	302
378	441
429	385
504	632
279	388
933	385
684	716
912	132
347	105
497	82
682	69
726	294
896	98
661	70
336	41
537	421
126	340
374	56
600	576
18	416
883	430
393	1419
437	432
650	98
815	417
523	634
569	405
698	489
422	270
899	48
566	83
601	208
533	934
848	747
543	180
838	302
804	984
417	252
368	559
908	111
740	269
869	1163
152	161
712	141
437	117
864	1112
664	192
918	1200
22	167
416	184
536	707
214	92
151	781
322	346
579	1074
232	531
232	582
642	1219
655	274
136	137
262	1095
707	427
851	411
766	367
562	727
435	163
681	294
696	312
439	591
406	509
522	208
843	298
532	419
899	154
92	735
406	1203
560	275
479	286
757	554
419	275
416	470
49	419
592	3
666	172
543	1159
534	274
751	172
293	245
470	742
567	1021
425	288
786	99
747	517
405	191
176	111
868	96
919	447
235	86
92	167
889	847
484	258
291	563
484	597
389	155
751	735
901	521
56	66
614	535
176	25
128	462
618	942
296	523
671	1215
361	659
469	705
207	239
457	9
458	307
90	485
896	557
843	482
682	475
128	393
688	877
525	289
433	322
291	21
51	181
478	392
499	165
234	31
671	250
499	258
433	435
883	302
276	823
592	326
606	71
545	175
846	560
470	458
885	662
803	286
765	222
407	393
774	187
606	323
342	846
464	270
251	535
881	9
405	303
934	1311
473	20
622	427
92	998
794	275
530	156
109	22
399	174
268	710
639	1065
224	1152
795	756
911	427
503	224
679	1
488	662
630	239
320	96
92	13
10	664
344	174
700	222
600	1004
776	618
758	96
860	305
545	194
600	566
13	87
497	367
497	249
807	195
894	277
201	1421
393	377
405	35
347	200
495	230
281	331
505	271
709	192
207	1435
94	584
99	120
604	127
829	250
868	101
387	196
528	79
537	92
840	82
435	786
753	435
684	121
823	22
403	845
648	219
901	161
458	423
239	238
543	1619
684	742
373	392
615	269
94	728
790	97
389	205
405	736
543	53
378	1092
705	385
883	100
467	181
507	1016
667	23
660	265
892	174
882	181
909	170
804	172
541	142
269	365
643	179
257	475
468	427
135	470
242	111
813	243
611	333
694	393
583	483
913	238
586	930
363	653
584	25
330	376
863	352
437	485
782	338
314	379
723	174
504	58
883	736
747	73
298	1
56	559
711	402
588	623
632	705
645	98
899	31
577	1209
932	600
774	254
314	332
784	328
367	268
753	64
896	186
763	230
75	1059
642	742
792	7
119	348
500	161
151	436
305	961
693	492
365	1420
452	290
697	288
429	506
655	385
276	552
221	286
678	300
782	1609
425	573
274	234
703	237
386	118
435	748
406	127
753	272
733	544
392	517
621	1047
130	156
882	225
409	79
722	25
187	134
504	38
21	561
442	294
303	90
867	289
606	655
650	95
21	379
716	588
528	56
606	99
752	690
100	887
586	31
95	219
798	194
886	208
472	21
826	71
561	651
846	478
380	610
332	431
779	71
883	16
912	654
855	462
715	96
328	708
816	1025
887	720
383	213
787	1024
588	42
176	952
145	89
398	482
145	1073
697	276
339	227
43	290
856	688
825	1244
615	215
909	165
476	268
256	1228
810	301
249	302
280	66
468	4
308	684
889	212
690	585
833	511
436	98
514	890
413	284
747	653
405	710
72	642
847	288
564	323
59	1021
693	56
7	317
648	676
397	611
54	272
291	597
298	504
559	69
144	729
363	200
539	289
715	97
922	200
660	473
864	172
594	520
766	215
567	174
661	166
599	255
592	259
883	794
642	1146
712	1119
524	318
444	748
847	82
217	373
116	292
791	328
370	425
389	40
870	50
344	302
753	304
622	1181
883	270
563	254
836	327
489	748
343	208
405	709
538	4
104	840
758	285
109	790
770	258
455	25
860	272
825	831
846	603
846	1530
715	944
918	1266
472	423
790	771
505	176
830	204
347	627
340	215
827	750
293	404
883	1118
618	790
870	174
862	127
836	657
595	820
395	181
447	206
829	855
445	1277
299	185
396	406
437	111
717	405
881	642
721	876
892	582
532	1426
85	1171
378	370
537	143
929	276
655	847
92	425
325	628
805	65
721	948
455	117
843	177
164	291
896	546
619	231
640	318
804	576
871	307
294	123
450	488
363	444
712	83
848	495
889	69
28	588
619	144
156	83
878	451
11	749
457	77
798	1270
524	1073
758	68
568	656
566	64
301	746
13	873
279	945
908	192
712	1503
846	480
425	2
747	792
736	253
629	187
428	879
851	182
425	233
774	561
741	164
429	232
883	407
334	1020
675	531
33	339
586	195
525	252
621	894
5	172
906	270
804	514
436	785
814	7
6	302
7	387
374	156
486	258
832	873
217	720
682	944
293	420
825	7
830	451
648	63
141	1282
936	1014
514	19
90	889
704	340
943	1188
540	281
303	1335
796	731
567	513
468	963
868	117
405	241
724	879
588	362
894	879
817	840
681	682
896	1078
521	250
910	284
290	31
618	237
864	24
699	762
936	106
916	511
733	297
450	514
378	173
916	215
344	8
630	69
580	343
738	240
792	125
528	310
276	1036
608	166
453	575
635	307
450	527
716	660
534	685
896	1194
678	127
633	566
215	228
75	408
223	984
881	849
575	483
260	350
699	479
773	172
606	28
397	172
198	25
798	274
436	215
881	125
322	150
585	652
782	681
796	82
496	206
487	939
835	465
797	298
269	181
133	269
586	161
682	154
13	307
601	210
659	836
837	250
815	496
492	134
918	1265
764	86
452	234
870	31
758	310
307	99
495	288
922	375
269	528
267	81
793	181
207	281
553	218
44	423
747	631
71	177
145	88
856	307
931	272
721	153
445	302
563	220
707	6
771	283
506	172
719	118
670	417
321	430
711	432
346	300
563	476
195	433
784	678
94	81
484	471
682	946
393	17
669	175
717	328
497	395
867	168
892	192
213	69
289	222
144	475
916	5
312	428
693	188
90	57
868	1188
470	471
474	609
716	227
682	683
785	69
825	289
655	1112
780	339
387	1240
592	443
476	890
901	237
770	508
608	8
52	762
3	336
90	171
244	88
244	144
893	161
932	109
393	51
323	288
937	236
416	717
294	1047
459	873
711	238
579	89
506	176
812	332
521	87
482	288
85	1174
927	71
638	472
796	486
559	514
435	190
416	240
869	1132
604	672
936	1199
493	201
221	174
399	710
249	275
815	135
500	82
621	222
452	615
650	162
489	264
305	792
733	1226
638	168
682	384
622	797
605	69
805	1017
894	1281
117	179
288	286
833	203
808	286
201	127
807	1089
707	536
268	358
658	735
661	86
882	820
940	751
499	50
786	429
655	93
511	948
894	529
592	886
514	10
60	286
689	237
518	934
389	174
58	185
932	524
883	919
453	168
445	273
267	679
24	12
378	543
382	1017
939	298
541	476
305	42
707	302
201	12
537	435
622	176
934	1065
580	25
674	410
311	448
527	176
462	11
828	961
545	82
823	1267
730	125
46	50
588	111
429	136
135	452
624	293
503	185
694	470
124	172
561	195
763	418
436	1061
588	403
379	89
774	219
548	1405
158	250
707	64
758	199
305	45
847	66
738	188
114	659
263	732
102	153
195	1030
425	265
535	1
714	471
493	1278
249	1069
747	582
798	1539
352	39
659	1172
280	729
889	949
450	632
236	526
624	147
804	432
567	498
790	213
416	106
472	748
751	742
373	1113
178	155
189	1400
623	88
429	178
921	122
280	866
710	313
588	423
894	315
293	258
480	183
934	405
497	233
848	638
239	133
457	240
894	558
130	763
793	248
486	515
222	1250
95	495
435	10
659	64
881	405
416	549
495	511
774	410
936	100
214	318
595	922
533	919
899	483
600	403
503	840
715	217
661	135
924	211
464	748
880	769
650	135
551	363
52	473
504	443
280	76
445	151
347	1
500	425
425	12
263	646
518	920
451	881
269	1017
892	401
916	239
90	847
566	33
758	605
363	195
789	124
381	1
561	737
566	218
479	89
38	356
82	432
878	642
586	427
326	181
602	538
934	196
906	300
448	1602
239	498
279	971
389	410
903	61
466	302
889	497
232	178
699	181
918	995
880	254
764	294
788	151
110	41
815	191
205	294
691	98
394	132
833	160
494	427
933	21
795	559
872	347
625	286
145	452
417	203
374	54
591	856
378	135
545	228
758	176
417	167
423	302
425	1129
712	232
201	226
194	223
394	118
149	326
378	273
863	748
716	48
200	68
77	519
823	1046
654	431
524	302
171	315
303	577
297	144
691	294
749	541
280	550
812	289
747	94
936	13
788	7
439	121
790	161
497	248
425	258
593	546
916	402
676	892
666	805
655	904
766	810
343	425
476	201
889	658
889	1267
435	1185
500	699
585	543
677	457
749	38
795	200
282	268
747	190
159	319
293	483
848	582
798	845
733	286
6	501
875	268
897	133
909	880
279	1028
833	69
1	172
575	427
821	281
907	277
389	238
456	191
805	742
174	401
532	470
674	827
407	1263
908	515
243	509
882	228
453	67
871	360
663	243
393	257
601	234
707	345
896	542
694	97
931	126
498	182
496	318
864	401
380	134
568	855
276	546
708	993
389	763
43	122
537	457
435	167
2	304
501	1534
406	1220
500	517
161	133
152	120
392	313
392	297
268	1303
924	64
704	491
919	289
551	238
43	785
643	572
537	81
437	301
932	168
654	751
320	241
445	591
764	98
275	188
621	107
292	20
248	89
815	163
359	7
429	82
227	1067
655	345
116	1013
796	1012
788	62
878	116
18	189
159	15
872	1165
437	436
786	9
453	453
445	479
173	306
664	286
59	403
830	1
435	367
276	325
821	98
26	328
666	82
347	164
648	15
181	1366
796	550
474	1134
537	607
168	9
621	542
13	568
474	517
2	10
458	717
712	996
303	168
613	176
450	926
406	529
757	250
507	333
940	205
916	159
846	492
624	24
563	255
864	775
870	88
910	121
538	204
327	328
327	732
254	323
276	1140
807	546
758	587
759	220
423	628
417	764
216	1218
526	886
751	302
637	1258
699	20
814	590
37	7
643	790
848	480
653	428
506	1073
472	501
833	298
403	685
455	159
932	496
478	77
357	123
907	111
42	729
546	7
113	273
360	845
92	432
437	378
479	325
201	923
379	185
899	117
230	609
173	690
250	1073
505	584
414	272
338	474
560	302
535	45
689	111
593	371
669	195
715	89
503	489
627	628
813	751
933	508
495	790
49	181
666	662
818	875
665	181
95	73
303	1041
913	741
716	655
610	97
749	398
223	1291
498	79
450	83
577	665
435	108
326	1
70	161
842	315
932	475
551	354
780	216
752	306
714	748
130	1088
659	76
758	526
655	92
655	121
592	654
391	504
381	59
758	414
38	144
327	95
454	454
609	908
594	269
411	732
372	98
532	1207
738	4
846	94
847	474
883	271
524	515
885	189
540	455
233	528
14	12
827	331
339	131
251	7
837	278
734	165
823	141
535	60
933	181
683	317
1	146
669	127
519	909
383	272
586	69
276	591
542	508
381	778
752	338
757	271
912	655
907	699
176	273
239	39
737	187
406	96
936	1370
398	8
303	1426
518	547
827	332
499	497
460	306
27	288
919	293
450	214
338	990
889	659
483	318
201	772
865	928
200	756
897	385
13	235
875	321
193	79
782	1082
826	184
59	498
505	73
587	340
391	490
674	1620
518	475
932	196
411	1475
130	248
429	629
381	931
561	503
246	748
545	98
25	186
724	344
125	105
500	235
646	877
436	507
504	68
486	1
614	255
130	1046
582	988
615	1021
889	265
886	721
234	40
398	476
779	7
474	929
645	268
423	286
618	356
385	1286
537	694
671	56
566	727
747	1159
697	123
409	58
940	183
438	269
573	286
864	116
453	174
342	144
338	213
181	305
883	792
758	640
805	476
308	201
898	327
30	252
930	275
637	117
748	118
642	832
580	252
655	381
638	265
899	193
405	1581
940	683
521	7
803	305
7	651
715	1188
705	827
875	514
826	39
843	216
429	663
286	316
834	15
58	1
488	491
921	240
177	204
705	148
532	453
617	644
653	132
692	1023
888	280
406	641
478	763
732	873
896	302
880	269
943	356
322	505
401	511
303	144
798	395
795	121
861	382
916	241
788	157
268	780
303	70
473	1007
567	582
269	134
745	531
447	176
664	702
6	7
642	699
387	511
642	577
15	181
454	327
527	193
149	328
532	834
676	328
561	345
342	111
835	318
297	455
497	645
500	1315
773	196
919	98
548	1073
160	168
666	1045
757	432
774	732
478	959
427	681
188	300
346	180
532	754
109	1161
15	269
638	153
833	159
398	88
589	339
563	257
345	1012
10	85
385	430
540	269
358	1524
405	404
343	427
13	585
537	707
524	528
343	462
2	274
387	663
314	722
479	480
461	258
917	405
301	233
689	15
940	164
733	847
293	462
681	292
327	746
291	128
102	234
435	83
854	799
194	211
660	272
311	550
666	168
532	917
347	284
406	582
651	269
483	249
795	265
60	212
916	223
350	98
325	134
745	923
554	14
889	678
91	22
42	501
548	25
550	323
451	1394
537	238
148	663
888	237
346	156
435	546
713	1656
897	161
903	529
896	720
389	521
546	222
880	67
274	200
621	142
92	116
790	722
133	902
880	1224
514	137
924	202
523	197
334	1312
833	573
610	98
576	324
749	186
459	1014
804	582
313	499
661	140
18	133
562	550
446	748
261	687
42	15
26	300
848	97
417	27
458	651
213	504
122	197
145	1051
481	313
645	523
279	1087
660	462
561	24
587	330
739	751
380	529
269	185
429	228
896	127
271	203
757	743
805	755
437	238
484	135
339	229
130	305
922	265
595	336
299	93
450	78
524	693
807	515
13	768
897	473
813	259
330	252
629	210
825	746
650	449
716	203
152	1053
476	194
276	399
770	255
579	228
151	631
486	324
840	414
727	398
716	208
446	359
846	736
381	228
457	425
669	527
797	990
870	22
796	588
670	96
833	223
457	588
601	623
561	51
524	107
185	1020
712	423
933	154
916	249
345	305
907	332
389	77
177	806
426	204
128	319
592	157
667	527
551	92
504	141
655	149
634	225
933	156
860	1041
294	323
389	186
838	283
737	474
399	340
699	678
435	118
54	250
250	288
279	474
373	232
865	121
150	288
453	1037
682	122
542	69
192	284
437	583
276	7
840	96
697	1160
321	382
119	204
94	549
739	1431
650	203
643	128
452	187
379	100
176	458
418	302
738	79
64	141
343	168
504	563
883	50
533	568
514	631
798	140
655	1232
919	988
445	127
457	458
372	164
483	50
889	1016
807	385
738	189
636	15
524	497
873	879
621	68
647	203
537	47
8	403
370	923
661	272
239	65
322	608
921	369
354	313
406	8
222	596
833	589
497	588
42	1042
492	479
918	499
25	133
620	1043
492	199
567	1204
677	151
698	183
792	1197
917	756
618	625
457	38
504	595
451	321
862	228
908	50
354	258
805	140
452	490
198	137
405	215
217	636
919	558
11	318
193	763
425	234
897	389
642	392
559	202
354	151
102	56
523	208
490	222
841	288
263	520
568	191
493	180
378	118
675	937
709	217
894	827
13	902
498	985
404	307
867	1065
201	1070
381	631
901	229
514	73
436	276
568	475
13	342
311	356
871	955
378	295
880	5
303	744
655	223
162	105
837	285
679	727
151	135
690	1273
892	151
463	1067
437	421
802	200
175	12
864	356
188	50
622	395
891	546
234	357
536	52
921	471
811	748
659	182
919	23
690	393
449	213
222	140
502	358
567	175
537	458
749	211
98	428
588	483
613	435
285	194
623	70
355	358
405	1260
701	689
562	132
864	966
910	222
769	824
160	182
296	13
610	50
833	840
435	7
394	50
618	109
592	409
883	455
608	490
109	636
894	536
653	527
699	748
514	175
101	257
889	696
380	208
592	875
92	554
896	713
145	331
622	142
7	444
340	274
458	208
747	463
206	1433
627	649
305	269
405	1583
454	293
472	603
770	268
786	283
551	380
872	892
859	275
49	1083
303	403
642	73
328	272
456	214
901	402
897	483
564	344
463	268
537	625
452	179
655	38
190	15
323	319
199	9
943	127
227	250
399	825
526	919
897	926
363	449
571	69
617	452
858	293
595	273
303	1013
140	294
363	79
877	155
760	202
804	603
286	70
669	187
880	231
394	265
639	553
429	56
705	405
561	109
311	88
435	201
643	484
715	155
883	195
627	1074
497	33
881	191
577	88
656	300
458	238
826	79
865	1011
556	988
262	486
458	896
412	214
497	186
843	182
929	22
487	1220
328	181
757	202
889	721
488	333
286	235
279	21
805	346
756	100
402	628
525	928
409	603
465	100
364	990
472	751
513	118
943	943
753	316
304	286
429	96
938	243
879	292
500	179
548	181
244	941
381	94
402	515
916	971
586	1407
593	761
495	1039
422	334
314	496
749	49
634	628
479	1007
336	734
388	298
682	15
429	655
532	229
486	1047
379	210
843	860
537	289
673	310
171	906
487	1
64	347
534	21
301	1052
458	234
902	298
339	357
235	285
642	444
479	915
405	739
474	503
453	24
493	170
771	694
521	431
545	447
353	315
450	604
99	473
261	300
355	1429
201	789
692	1040
555	762
897	840
536	271
345	248
116	603
849	197
863	336
916	1009
854	13
267	143
880	831
932	55
705	597
429	291
82	283
145	820
161	197
464	257
794	473
535	566
313	237
303	2
62	217
94	809
158	797
698	404
234	845
527	431
2	296
876	187
741	403
684	395
718	591
450	203
618	203
615	135
13	903
768	301
458	187
455	627
24	324
432	844
366	773
222	238
22	216
889	646
231	1
864	257
136	303
708	149
7	591
655	292
621	293
871	241
716	969
538	97
919	681
586	121
518	544
767	28
682	175
880	88
818	303
881	15
380	89
798	393
44	655
823	655
543	1194
889	649
648	565
504	1508
788	601
365	237
138	12
796	1522
782	296
655	30
363	531
59	81
690	722
374	66
919	953
451	301
664	414
393	949
839	845
311	621
875	523
887	1084
5	70
712	506
135	230
18	612
624	108
308	432
374	225
803	325
658	1
588	217
721	157
874	197
387	496
353	326
63	813
391	59
630	983
472	401
308	141
450	190
422	859
447	288
304	328
586	23
399	268
152	596
26	109
447	737
109	168
263	87
442	82
69	265
725	181
360	25
789	741
472	143
770	100
370	856
500	69
334	905
682	38
501	150
246	447
650	571
94	477
592	216
483	258
930	255
523	72
648	585
314	609
305	664
280	416
346	802
676	902
823	150
730	294
889	195
417	1018
487	45
570	340
115	628
630	322
192	1265
450	1153
59	423
328	699
65	651
181	1215
851	172
840	173
280	217
535	116
43	301
592	853
56	11
213	479
919	125
831	245
655	636
207	527
404	348
684	239
276	67
222	396
24	357
682	1011
338	286
373	401
43	208
4	324
144	632
907	1048
450	204
829	640
450	186
270	928
457	722
75	235
178	319
777	288
901	1049
314	997
492	772
841	353
709	427
616	323
385	675
897	699
385	30
593	807
483	480
938	289
42	283
834	275
586	215
906	286
897	603
758	1088
878	152
833	522
758	4
424	989
411	276
404	302
936	137
537	718
354	660
915	301
380	414
622	541
145	859
602	294
11	324
690	67
455	736
511	346
881	62
795	203
848	265
839	1381
270	583
13	668
145	827
380	50
429	591
880	826
894	242
527	56
341	895
435	230
345	293
167	641
932	189
423	326
723	28
14	240
416	122
540	340
416	218
327	676
692	692
870	641
731	140
223	1234
758	715
705	1228
716	630
682	1303
645	675
618	265
277	100
94	553
758	889
796	385
927	820
303	420
663	978
435	946
363	176
378	87
298	22
271	428
262	95
275	50
527	156
826	187
313	25
488	265
880	300
407	29
892	237
393	748
272	194
642	1140
598	748
719	655
758	546
660	722
757	323
709	859
597	111
561	492
256	182
381	303
192	125
388	769
796	144
638	29
246	12
556	294
655	1041
390	845
577	496
227	274
942	310
514	49
18	639
804	928
682	325
398	25
144	72
605	546
868	1480
934	4
664	427
796	202
146	319
682	783
294	752
835	25
551	672
159	301
464	333
450	673
932	191
291	215
934	755
690	554
513	763
228	56
213	170
919	148
579	294
234	140
145	310
94	154
919	347
721	319
447	204
405	732
548	3
104	271
13	911
717	237
871	359
776	234
648	472
528	258
917	100
453	9
833	544
642	67
921	603
145	123
870	471
339	88
910	50
475	259
234	465
20	378
474	137
870	209
639	1195
409	1065
669	531
669	183
3	346
85	782
269	77
349	1128
472	465
551	315
314	278
620	596
389	526
880	376
59	969
832	245
523	1121
412	288
409	427
250	527
271	238
619	363
458	1
591	8
334	1048
299	241
332	550
478	427
500	100
923	148
115	741
417	298
388	773
72	194
837	274
504	84
331	958
92	1074
487	380
378	768
459	50
624	358
535	212
363	590
487	282
230	91
798	377
536	640
82	212
756	147
505	98
295	202
886	10
311	282
425	307
472	651
795	931
682	191
625	393
580	748
339	167
882	186
622	249
650	663
548	292
407	2
732	690
710	510
429	566
405	662
189	1402
90	134
676	13
552	1620
178	51
48	323
393	710
332	974
178	295
542	87
249	148
646	690
10	179
504	167
776	549
527	185
930	153
85	258
400	301
451	1295
346	1228
487	67
916	767
18	357
536	713
520	871
715	1016
36	1026
491	190
533	276
933	56
660	197
592	730
880	181
807	597
406	202
499	173
383	132
833	696
450	50
64	101
380	570
121	172
419	306
316	223
724	893
721	1039
72	7
498	127
889	483
693	272
200	449
919	382
870	856
858	127
320	385
863	259
727	1025
313	615
908	527
226	596
6	13
836	793
747	304
559	1556
890	739
15	220
389	1197
705	64
60	1122
935	9
370	613
453	17
561	162
186	303
654	370
747	481
491	319
363	117
763	5
694	71
861	179
933	69
292	472
112	690
586	118
771	202
923	405
567	480
943	1044
559	188
149	678
334	498
90	1204
26	14
666	188
378	126
28	31
294	148
83	1047
487	218
878	19
401	286
225	427
870	1
640	919
336	585
871	333
447	85
776	127
716	70
804	1177
87	1179
59	277
38	70
531	890
294	1
18	524
592	87
476	738
699	886
407	40
608	199
482	682
796	761
267	176
790	1132
854	535
579	179
527	671
249	583
689	748
512	318
796	709
56	523
592	22
782	1226
711	451
919	660
551	433
751	394
642	356
207	158
447	79
655	51
265	284
102	187
616	678
407	250
299	746
187	83
447	123
220	289
484	237
474	436
456	763
815	87
521	25
832	681
110	1222
627	177
18	283
904	778
708	1061
599	111
180	658
4	358
123	321
407	498
429	508
474	293
49	256
796	633
805	810
921	472
561	69
486	924
553	181
896	471
943	367
940	792
843	427
291	195
95	389
560	1134
297	174
660	100
177	238
515	332
145	628
655	762
533	1001
308	9
648	663
659	175
749	62
840	199
771	588
303	387
610	705
152	284
795	1110
152	763
896	51
59	1005
486	6
840	203
60	173
269	371
682	358
396	282
235	66
831	741
708	336
751	479
810	286
788	85
324	248
95	144
94	11
194	939
435	11
823	181
815	210
882	432
456	1057
591	85
836	875
361	204
846	175
186	147
457	183
929	56
478	68
528	298
524	216
727	17
836	269
240	748
201	637
178	64
650	185
472	685
778	204
639	796
495	234
443	333
217	56
751	372
314	939
927	815
807	62
436	327
513	210
498	203
796	258
760	125
858	289
704	302
292	523
648	95
478	202
496	56
468	178
474	756
368	217
826	540
627	17
864	161
645	748
933	1246
619	56
574	288
437	466
722	628
870	736
680	517
846	719
782	984
417	576
809	245
632	523
738	128
798	1282
731	1269
715	176
802	672
601	671
465	423
425	79
885	173
714	281
618	735
788	1518
627	172
798	138
916	550
57	988
833	396
281	271
719	357
187	663
385	1159
757	1014
234	416
463	593
655	900
87	47
881	409
397	223
442	154
454	55
244	71
499	198
581	221
537	100
468	64
846	498
805	222
428	243
389	588
292	844
313	568
749	526
648	1003
490	1
590	14
764	633
869	298
344	291
847	258
417	771
622	501
381	259
474	131
249	1012
497	274
846	708
870	188
699	258
934	708
311	101
600	391
101	763
936	591
880	218
269	663
299	25
663	192
524	525
280	1207
846	265
808	302
184	213
935	405
675	318
697	107
790	664
780	187
605	873
463	993
193	161
653	441
441	259
331	31
833	250
170	288
425	272
751	143
905	294
594	988
374	50
823	231
405	466
474	521
885	420
788	1107
524	1044
773	216
312	429
384	300
661	58
403	471
13	523
679	172
387	567
837	286
318	403
764	14
622	795
337	50
872	591
788	589
637	273
835	393
620	993
937	137
378	245
883	276
405	89
489	261
749	1263
892	436
833	506
807	91
313	409
883	873
774	553
642	485
936	235
532	99
247	64
303	1411
753	79
506	1110
821	435
329	248
503	633
505	526
184	7
518	595
854	1013
69	42
457	831
733	1380
606	234
344	357
658	181
274	280
804	550
566	260
934	514
206	308
1	133
627	403
484	228
487	204
884	462
927	155
889	554
551	351
94	597
500	143
574	344
611	262
825	823
886	726
586	76
234	1269
480	272
532	1189
896	809
625	172
940	568
61	269
276	387
180	318
548	276
487	11
932	483
377	98
254	498
195	109
751	472
543	1416
592	931
928	8
450	940
930	126
698	496
223	117
56	237
406	117
609	538
806	421
551	846
454	367
870	653
889	31
793	50
126	316
823	71
479	1244
624	1089
59	265
342	656
624	762
342	293
210	514
793	252
557	872
332	237
244	553
682	58
393	1001
551	73
416	763
665	845
561	49
661	170
798	576
417	17
758	143
883	349
457	121
501	369
786	708
740	288
664	504
303	1273
194	679
401	157
334	248
286	211
244	1150
42	66
508	423
712	776
533	96
18	386
918	69
758	362
201	1208
655	1155
774	210
268	172
874	302
104	1115
234	836
459	117
345	1096
805	433
296	480
624	240
405	1218
536	510
344	64
535	39
909	682
145	358
823	709
655	1223
661	300
535	950
796	769
254	1
682	77
406	639
466	546
374	979
621	240
889	469
446	269
786	200
439	282
15	285
938	1033
479	164
753	328
523	1009
815	97
488	651
551	895
936	1129
68	276
472	51
254	1183
13	916
938	411
903	98
62	64
394	4
176	298
244	82
767	506
399	720
299	895
932	495
190	989
710	334
236	520
601	154
6	203
838	405
334	950
643	161
566	100
305	180
476	66
897	96
886	183
586	411
59	129
286	741
257	60
747	333
753	193
70	174
400	332
551	324
397	423
614	841
851	841
863	1024
618	28
739	661
658	195
407	705
543	479
928	48
748	182
363	120
661	258
805	856
682	47
154	61
666	173
592	382
912	14
367	769
460	676
429	529
279	28
326	90
299	89
642	210
450	613
838	169
417	1183
533	496
648	526
693	528
385	514
274	597
426	98
690	216
13	191
22	62
894	979
537	975
472	569
347	544
486	813
893	121
429	939
194	380
793	1
474	606
721	215
56	441
709	92
833	163
504	409
655	471
655	22
82	678
153	79
276	1145
268	92
805	725
561	202
804	290
716	127
548	539
332	769
881	218
642	122
357	111
417	943
514	403
772	321
618	181
606	393
626	323
792	742
682	732
441	300
450	751
445	1129
96	182
447	274
349	713
788	89
327	4
707	97
499	11
660	24
872	975
459	15
372	559
927	477
660	196
447	474
716	186
440	324
387	321
621	154
714	284
377	895
59	647
582	118
906	276
503	164
708	276
839	286
486	476
560	405
561	692
862	982
817	924
450	135
72	134
805	191
933	63
721	357
592	323
425	118
846	176
452	171
896	436
225	705
416	865
424	683
393	819
303	13
624	831
503	496
3	258
351	1024
655	927
642	1178
782	1668
160	763
916	190
530	183
599	763
26	456
65	393
535	133
346	234
325	176
234	176
466	161
437	415
35	327
550	255
270	145
200	890
457	566
26	116
672	1061
95	398
584	108
43	1035
3	268
213	7
928	127
573	836
349	106
403	181
488	208
487	732
210	181
170	259
393	369
671	258
805	195
13	639
728	116
697	879
716	610
618	568
487	578
429	611
145	227
519	1592
416	168
121	313
336	50
287	845
560	1171
705	550
533	378
620	595
699	252
566	423
921	252
373	64
534	147
253	82
766	181
551	468
350	173
665	473
739	79
374	220
780	50
940	302
554	742
542	744
90	516
899	655
561	156
398	205
749	1089
648	458
41	135
316	716
738	169
487	378
496	186
627	183
601	133
446	338
753	653
537	1451
234	622
228	812
286	210
188	498
389	1
361	694
561	194
429	493
450	434
748	192
320	566
223	1016
647	222
167	237
619	684
215	50
786	496
24	55
437	214
883	512
608	56
709	27
880	1165
524	82
291	204
731	504
312	647
871	226
881	795
640	313
600	182
646	313
918	88
429	301
416	742
280	216
923	460
406	515
846	1055
506	174
798	243
896	284
684	15
299	209
160	302
72	461
144	213
666	435
819	303
181	1095
881	4
201	216
221	1011
435	427
296	11
875	211
307	831
670	705
930	107
683	682
815	215
556	187
435	943
24	79
279	41
731	1086
858	678
178	274
800	300
653	984
639	724
343	176
641	209
253	12
738	210
256	44
922	67
897	411
777	273
564	597
862	105
429	340
660	559
916	290
653	1136
823	58
734	751
701	751
734	97
630	272
533	408
345	762
536	83
796	339
854	511
378	40
776	444
234	243
459	3
459	815
730	332
896	231
840	971
896	496
795	81
373	1530
709	183
883	405
878	1041
435	1047
586	431
727	2
597	295
843	654
492	462
379	631
447	28
601	8
489	331
830	187
653	100
916	1079
675	272
908	654
533	824
918	161
704	344
487	772
90	198
463	242
178	194
316	44
804	199
407	179
318	531
653	226
821	405
104	333
741	475
413	300
606	709
871	1434
927	217
871	275
430	42
661	132
586	841
13	905
232	69
9	483
524	646
201	583
909	14
707	723
346	720
397	343
406	705
288	197
430	164
716	427
194	282
608	702
416	937
889	1
503	20
579	523
682	941
547	354
474	204
786	177
450	734
894	290
757	313
721	145
788	64
788	23
555	236
610	485
886	789
475	381
775	300
655	536
504	276
795	209
457	632
450	237
477	90
671	219
645	73
932	213
145	1210
896	820
48	194
567	434
618	65
659	519
605	1040
293	658
643	240
345	124
474	283
738	951
896	849
920	270
716	445
912	56
870	272
306	303
683	607
95	67
84	591
913	268
802	441
790	259
416	1428
857	321
525	685
188	76
790	417
5	452
115	56
20	498
35	266
151	56
207	515
694	179
741	1016
298	132
624	295
346	91
683	270
497	231
542	451
101	717
889	1262
666	811
489	883
544	301
620	563
526	258
938	845
846	732
38	35
650	141
497	408
269	167
878	9
724	311
889	695
787	258
171	340
169	683
784	313
15	306
508	232
643	1065
804	597
253	156
925	447
487	55
757	129
508	153
65	258
541	151
200	527
622	665
303	455
880	2
64	496
343	297
655	315
181	1391
655	915
666	50
794	887
715	68
791	322
472	367
905	321
833	168
481	66
334	304
690	546
930	245
18	957
356	315
805	91
846	181
867	276
121	318
663	69
889	79
490	181
608	276
271	511
707	529
521	147
393	122
663	323
279	189
804	72
758	687
255	930
457	1210
538	196
292	165
500	268
450	696
828	116
405	1478
116	1039
822	25
763	461
303	124
802	447
882	465
710	116
514	156
788	1139
23	588
534	1215
299	194
496	147
665	157
234	358
886	1209
671	686
892	641
766	23
804	498
585	707
109	365
201	654
536	378
868	150
405	85
621	944
174	708
111	302
524	194
397	186
731	125
179	333
474	252
537	530
13	638
935	281
493	925
328	729
639	792
711	662
417	418
921	560
633	226
719	255
881	188
546	672
532	840
854	1335
405	1111
457	368
159	1152
293	175
93	14
435	194
29	312
557	246
76	513
445	150
560	93
676	294
310	50
102	1228
796	565
806	228
852	685
930	148
712	739
588	72
224	349
877	159
493	12
782	254
618	507
97	183
807	205
11	52
13	863
640	14
374	79
291	569
857	20
360	172
854	616
919	895
597	289
642	368
796	607
13	32
782	328
836	163
201	223
713	752
244	845
622	198
543	737
621	871
405	1307
253	168
660	393
569	455
788	1135
749	164
731	507
207	1333
849	406
314	588
551	518
360	474
60	404
322	157
738	47
54	240
102	91
676	879
539	58
664	1109
704	197
416	357
321	1331
503	297
229	245
661	181
174	386
619	665
621	1012
883	318
721	299
95	193
201	1174
701	289
727	1139
433	1598
535	813
536	500
327	1019
537	414
880	456
935	255
15	455
916	708
7	356
457	208
479	133
553	275
622	283
329	892
493	435
97	663
497	570
59	618
401	312
4	11
210	392
267	47
416	157
435	333
288	345
496	143
361	639
796	483
72	493
653	378
435	199
535	1045
450	269
655	318
907	301
314	993
805	501
165	326
198	1
629	699
846	515
181	871
189	207
450	91
782	350
423	471
370	114
881	274
117	748
709	1059
21	322
617	1187
763	475
136	257
708	352
627	175
659	1138
326	202
497	510
10	180
325	58
625	151
798	1034
919	276
880	657
927	143
699	244
606	3
873	750
747	136
885	111
339	660
399	214
389	475
416	845
207	357
57	475
567	429
64	235
863	903
750	749
943	185
92	583
537	1068
439	300
807	204
699	221
536	191
644	117
505	54
846	524
557	197
738	42
391	258
463	1244
666	479
642	451
943	229
490	123
579	83
312	648
178	1197
815	602
442	150
595	100
598	350
64	97
494	323
609	259
768	65
871	82
676	326
418	346
886	20
500	1047
450	392
919	111
608	76
691	1172
771	403
919	418
810	300
90	19
823	374
851	161
236	151
264	742
399	58
343	68
239	659
545	472
108	252
896	258
339	216
385	425
28	28
730	301
894	52
87	1181
440	57
882	204
641	64
87	808
719	88
454	479
833	657
374	1218
379	187
816	332
516	431
216	735
741	399
595	237
196	108
537	39
627	810
648	133
621	28
346	96
456	588
586	273
567	192
561	746
314	38
429	603
727	597
875	213
586	276
707	953
181	291
321	498
643	356
833	271
659	492
505	174
566	327
13	160
916	156
378	762
109	111
629	1119
664	449
308	739
639	173
373	778
770	328
916	709
399	747
500	50
771	8
480	258
901	181
716	632
778	56
6	132
84	411
527	655
393	1040
286	408
604	5
666	591
256	50
653	1133
519	903
774	1017
618	959
632	71
